#include <lvgl.h>

#ifndef LV_ATTRIBUTE_MEM_ALIGN
#define LV_ATTRIBUTE_MEM_ALIGN
#endif
#ifndef LV_ATTRIBUTE_LARGE_CONST
#define LV_ATTRIBUTE_LARGE_CONST
#endif

static const LV_ATTRIBUTE_MEM_ALIGN LV_ATTRIBUTE_LARGE_CONST uint8_t stellar_max35_character_map[] = {
    0x7a,0xf7,0x59,0xf7,0x59,0xf7,0x59,0xf7,0x58,0xef,0x58,0xef,0x59,0xef,0x7a,0xf7,
    0x9b,0xf7,0xbc,0xff,0xdd,0xff,0xdd,0xff,0xbd,0xff,0xbc,0xff,0x9b,0xf7,0x59,0xef,
    0x17,0xef,0xf7,0xe6,0xf7,0xe6,0x38,0xef,0x5a,0xef,0x7b,0xf7,0x7b,0xf7,0x7b,0xf7,
    0x7b,0xf7,0x7b,0xf7,0x7b,0xf7,0x9c,0xf7,0xbc,0xff,0xdd,0xff,0xde,0xff,0xde,0xff,
    0xde,0xff,0xde,0xff,0xde,0xff,0xdd,0xff,0xbd,0xff,0xbd,0xff,0xdd,0xff,0xde,0xff,
    0xde,0xff,0xde,0xff,0xde,0xff,0xdf,0xff,0xdf,0xff,0xdf,0xff,0xdf,0xff,0xdf,0xff,
    0xdf,0xff,0xdf,0xff,0xbe,0xff,0x7c,0xf7,0x39,0xef,0x18,0xef,0x39,0xef,0x39,0xef,
    0x39,0xef,0x18,0xef,0x18,0xe7,0x18,0xe7,0x18,0xef,0x18,0xef,0x38,0xef,0x39,0xef,
    0x5a,0xf7,0x7b,0xf7,0x9d,0xf7,0xbe,0xff,0xff,0xff,0xff,0xff,0xbe,0xf7,0x5c,0xef,
    0x3b,0xef,0xda,0xe6,0x1b,0xef,0xbd,0xf7,0x5c,0xf7,0x5c,0xf7,0x1a,0xef,0xb3,0xdd,
    0x92,0xd5,0xd4,0xd5,0x73,0xcd,0xd0,0xbc,0x6e,0xb4,0x6e,0xb4,0x2e,0xa4,0xed,0x9b,
    0xed,0x9b,0xed,0x9b,0xed,0x9b,0xed,0x9b,0xed,0x9b,0xcd,0x9b,0xcd,0x9b,0xcc,0x93,
    0xac,0x93,0xcd,0x9b,0xcd,0x9b,0xcd,0x9b,0xcd,0x9b,0xcd,0x9b,0xcd,0x9b,0xcd,0x9b,
    0xcc,0x9b,0xcc,0x9b,0xcd,0x9b,0xcd,0x9b,0xcd,0x9b,0xcd,0x9b,0xcc,0x9b,0xcd,0x9b,
    0xac,0x93,0xac,0x93,0xac,0x93,0x0d,0xa4,0xb0,0xbc,0x32,0xcd,0x52,0xd5,0x32,0xcd,
    0x33,0xbd,0x78,0xd6,0x7d,0xf7,0x9d,0xff,0x5c,0xf7,0x5c,0xf7,0x7c,0xf7,0x7c,0xf7,
    0x5c,0xf7,0x3b,0xf7,0x1a,0xef,0xfa,0xee,0x1a,0xef,0x1a,0xef,0x1b,0xef,0x1a,0xef,
    0xfa,0xee,0xf9,0xee,0xf9,0xee,0xf9,0xee,0xd9,0xee,0xd9,0xee,0xd9,0xee,0xd9,0xee,
    0xd9,0xee,0xd9,0xee,0xd9,0xee,0xd9,0xee,0xd9,0xee,0xd9,0xee,0xd9,0xee,0xd9,0xee,
    0xd9,0xee,0xd9,0xee,0xd9,0xee,0xd9,0xee,0xd9,0xee,0xd9,0xee,0xf9,0xee,0xd9,0xee,
    0xd9,0xee,0xf9,0xee,0xd9,0xee,0xd9,0xee,0xd9,0xee,0xd9,0xee,0xd9,0xee,0xd9,0xee,
    0xd9,0xee,0xd9,0xee,0xd9,0xee,0xd9,0xee,0xd9,0xee,0xd9,0xee,0xd9,0xee,0xd9,0xee,
    0xd9,0xee,0xd9,0xee,0xd9,0xee,0xd9,0xee,0x1a,0xef,0x77,0xde,0xa7,0x6a,0xa7,0x6a,
    0xf5,0xcd,0x3b,0xf7,0x5b,0xff,0xd9,0xee,0x7a,0xf7,0x79,0xf7,0x59,0xf7,0x59,0xf7,
    0x58,0xef,0x59,0xf7,0x7a,0xf7,0x7a,0xf7,0x9b,0xf7,0x9b,0xff,0x9c,0xff,0xbc,0xff,
    0x9c,0xff,0x7b,0xf7,0x59,0xf7,0x18,0xef,0xf7,0xe6,0xf7,0xe6,0x18,0xe7,0x5a,0xef,
    0x7c,0xf7,0x9c,0xf7,0x7b,0xf7,0x7a,0xf7,0x7a,0xf7,0x7b,0xf7,0x7b,0xf7,0x9b,0xf7,
    0x9c,0xf7,0xbd,0xff,0xdd,0xff,0xde,0xff,0xde,0xff,0xde,0xff,0xdd,0xff,0xdd,0xff,
    0xbd,0xff,0xdd,0xff,0xdd,0xff,0xde,0xff,0xde,0xff,0xde,0xff,0xde,0xff,0xde,0xff,
    0xde,0xff,0xde,0xff,0xde,0xff,0xde,0xff,0xde,0xff,0xde,0xff,0xbd,0xf7,0x7b,0xf7,
    0x39,0xef,0x59,0xef,0x7b,0xf7,0x7b,0xf7,0x7b,0xf7,0x5a,0xef,0x18,0xef,0x38,0xef,
    0x38,0xef,0x39,0xef,0x39,0xef,0x59,0xef,0x5a,0xef,0x7b,0xf7,0x9d,0xf7,0xde,0xff,
    0x7d,0xf7,0xda,0xe6,0xfa,0xe6,0xda,0xe6,0x3b,0xef,0x7d,0xf7,0xbe,0xff,0x7c,0xf7,
    0x3b,0xf7,0x77,0xee,0x72,0xd5,0x51,0xd5,0x31,0xc5,0xd0,0xbc,0xaf,0xbc,0x8f,0xb4,
    0x8f,0xb4,0x2e,0xa4,0xed,0x9b,0xcd,0x9b,0xed,0x9b,0xcd,0x9b,0xcd,0x9b,0xcd,0x9b,
    0xcd,0x9b,0xcd,0x9b,0xcd,0x9b,0xcd,0x9b,0xcd,0x9b,0xcd,0x9b,0xcd,0x9b,0xcd,0x9b,
    0xed,0x9b,0xed,0x9b,0xcd,0x9b,0xcd,0x9b,0xcd,0x9b,0xcd,0x9b,0xac,0x9b,0xcc,0x9b,
    0xcd,0x9b,0xed,0xa3,0xed,0xa3,0xed,0x9b,0xcc,0x9b,0xcc,0x9b,0xac,0x93,0xac,0x93,
    0x8c,0x93,0xcc,0x9b,0x8f,0xbc,0x72,0xd5,0xd4,0xe5,0x32,0xcd,0x32,0xbd,0x37,0xd6,
    0x7d,0xf7,0xbd,0xff,0x7c,0xf7,0x7c,0xf7,0x5c,0xf7,0x3b,0xf7,0x1b,0xef,0xfa,0xee,
    0x1a,0xef,0x1a,0xef,0x1b,0xef,0x1a,0xef,0xfa,0xee,0xf9,0xee,0xd9,0xee,0xf9,0xee,
    0xd9,0xee,0xd9,0xee,0xd9,0xee,0xd9,0xee,0xd9,0xee,0xd9,0xee,0xd9,0xee,0xd9,0xee,
    0xd9,0xee,0xd9,0xee,0xd9,0xee,0xd9,0xee,0xd9,0xee,0xd9,0xee,0xd9,0xee,0xf9,0xee,
    0xd9,0xee,0xf9,0xee,0xf9,0xee,0xd9,0xee,0xd9,0xee,0xd9,0xee,0xd9,0xee,0xd9,0xee,
    0xd9,0xee,0xd9,0xee,0xd9,0xee,0xd9,0xee,0xd9,0xee,0xd9,0xee,0xd9,0xee,0xd9,0xee,
    0xd9,0xee,0xd9,0xee,0xd9,0xee,0xd9,0xee,0xd9,0xee,0xd9,0xee,0xd9,0xee,0xf9,0xee,
    0xd9,0xee,0x1a,0xef,0xb8,0xe6,0x98,0xe6,0x3a,0xf7,0x77,0xde,0x0d,0x94,0xc7,0x72,
    0x9b,0xf7,0x7a,0xf7,0x79,0xf7,0x59,0xf7,0x79,0xf7,0x7a,0xf7,0x9b,0xff,0xbc,0xff,
    0x9c,0xff,0x9b,0xf7,0x7a,0xf7,0x7a,0xf7,0x7a,0xf7,0x59,0xef,0x18,0xef,0xf7,0xe6,
    0xf7,0xe6,0xf7,0xe6,0x5a,0xef,0x9d,0xf7,0xbe,0xf7,0xbe,0xf7,0x9d,0xf7,0x7b,0xf7,
    0x5a,0xef,0x5a,0xef,0x5a,0xef,0x7a,0xf7,0x7b,0xf7,0x9c,0xf7,0xbd,0xff,0xdd,0xff,
    0xdd,0xff,0xdd,0xff,0xdd,0xff,0xdd,0xff,0xdd,0xff,0xdd,0xff,0xdd,0xff,0xdd,0xff,
    0xde,0xff,0xde,0xff,0xde,0xff,0xde,0xff,0xde,0xff,0xbd,0xff,0xbd,0xff,0xbd,0xff,
    0xbd,0xf7,0x9c,0xf7,0x7b,0xf7,0x59,0xef,0x5a,0xef,0x7b,0xf7,0x9d,0xf7,0xbd,0xf7,
    0xbd,0xf7,0x7b,0xf7,0x59,0xef,0x39,0xef,0x59,0xef,0x59,0xef,0x59,0xef,0x59,0xef,
    0x7b,0xf7,0x9c,0xf7,0x5b,0xf7,0x1a,0xef,0x1b,0xef,0x5c,0xef,0xbe,0xff,0xdf,0xff,
    0xde,0xff,0xbe,0xff,0x9d,0xf7,0x5c,0xf7,0x16,0xde,0x11,0xcd,0xf0,0xc4,0xaf,0xbc,
    0x8f,0xbc,0x8f,0xb4,0x6f,0xb4,0x6f,0xb4,0x2e,0xa4,0xed,0x9b,0xed,0x9b,0xed,0x9b,
    0xed,0x9b,0xcc,0x9b,0xcd,0x9b,0xcd,0x9b,0xcd,0x9b,0xcd,0x9b,0xcd,0x9b,0xcd,0x9b,
    0xcd,0x9b,0xed,0x9b,0xed,0x9b,0xed,0x9b,0xed,0x9b,0xed,0x9b,0xcd,0x9b,0xcd,0x9b,
    0xcd,0x9b,0xcd,0x9b,0xac,0x93,0xac,0x93,0xcc,0x9b,0xcd,0x9b,0xcd,0x9b,0xcd,0x9b,
    0xed,0x9b,0xcc,0x9b,0xcc,0x9b,0xac,0x9b,0x8c,0x93,0x6b,0x8b,0xed,0xa3,0x6e,0xb4,
    0xb0,0xbc,0xd3,0xdd,0x35,0xe6,0x72,0xcd,0x53,0xbd,0x99,0xde,0xbd,0xff,0x9d,0xf7,
    0x5c,0xf7,0x3b,0xf7,0x1a,0xef,0x1a,0xef,0x1a,0xef,0x1a,0xef,0x1b,0xef,0x1a,0xef,
    0xfa,0xee,0xf9,0xee,0xf9,0xee,0xd9,0xee,0xd9,0xee,0xd9,0xee,0xd9,0xee,0xd9,0xee,
    0xd9,0xee,0xd9,0xee,0xd9,0xee,0xd9,0xee,0xd9,0xee,0xd9,0xee,0xd9,0xee,0xd9,0xee,
    0xd9,0xee,0xd9,0xee,0xf9,0xee,0xd9,0xee,0xd9,0xee,0xd9,0xee,0xd9,0xee,0xd9,0xee,
    0xd9,0xee,0xd9,0xee,0xd9,0xee,0xd9,0xee,0xd9,0xee,0xd9,0xee,0xd9,0xee,0xd9,0xee,
    0xd9,0xee,0xd9,0xee,0xd9,0xee,0xd9,0xee,0xd9,0xee,0xd9,0xee,0xd9,0xee,0xf9,0xee,
    0xd9,0xee,0xd9,0xee,0xf9,0xee,0xd9,0xee,0xd9,0xee,0xd9,0xee,0xf9,0xee,0x1a,0xef,
    0x36,0xd6,0x66,0x62,0xa3,0x51,0xc3,0x51,0x9b,0xff,0x9a,0xf7,0x7a,0xf7,0x7a,0xf7,
    0x9b,0xf7,0xbc,0xff,0xdd,0xff,0xdd,0xff,0xbd,0xff,0x9c,0xff,0x7a,0xf7,0x59,0xef,
    0x59,0xef,0x38,0xef,0x38,0xef,0x18,0xef,0xf7,0xe6,0x39,0xef,0x7c,0xf7,0xbe,0xf7,
    0xde,0xf7,0xde,0xf7,0xbd,0xf7,0x7c,0xf7,0x39,0xef,0x18,0xef,0x18,0xef,0x18,0xef,
    0x39,0xef,0x5a,0xf7,0x7b,0xf7,0x9c,0xff,0xbd,0xff,0xbd,0xff,0xdd,0xff,0xdd,0xff,
    0xdd,0xff,0xbd,0xff,0xbd,0xff,0xbd,0xff,0xdd,0xff,0xdd,0xff,0xdd,0xff,0xdd,0xff,
    0xbd,0xff,0x9c,0xf7,0x7b,0xf7,0x7b,0xf7,0x7a,0xf7,0x5a,0xf7,0x59,0xef,0x39,0xef,
    0x7b,0xf7,0x9d,0xf7,0xde,0xff,0xde,0xff,0xde,0xff,0x9d,0xf7,0x7a,0xf7,0x59,0xef,
    0x59,0xef,0x59,0xef,0x7a,0xef,0x7b,0xf7,0xf9,0xee,0x36,0xde,0x36,0xe6,0xd9,0xee,
    0xf9,0xf6,0xb8,0xee,0x56,0xee,0x77,0xee,0x7c,0xf7,0x3b,0xf7,0x3a,0xf7,0x93,0xd5,
    0xf0,0xc4,0x72,0xcd,0x31,0xcd,0xaf,0xbc,0xaf,0xb4,0x6f,0xb4,0x6e,0xac,0x6e,0xac,
    0x4e,0xac,0x0e,0xa4,0x0d,0xa4,0x0d,0xa4,0xed,0x9b,0xac,0x93,0xac,0x93,0xcd,0x9b,
    0xed,0x9b,0xcc,0x9b,0xed,0x9b,0x0d,0xa4,0x0d,0xa4,0xed,0xa3,0x0d,0xa4,0x2e,0xa4,
    0x0d,0xa4,0xed,0x9b,0xcd,0x9b,0xcd,0x9b,0xcd,0x9b,0xcd,0x9b,0xac,0x93,0xac,0x93,
    0xac,0x93,0xac,0x93,0xac,0x93,0xac,0x93,0xac,0x93,0xac,0x93,0xac,0x9b,0xcc,0x9b,
    0xcd,0x9b,0xac,0x9b,0xed,0x9b,0x6e,0xb4,0x6f,0xb4,0x6f,0xb4,0x11,0xc5,0xb4,0xdd,
    0xb3,0xdd,0xd0,0xbc,0x53,0xc5,0x1a,0xef,0x7d,0xff,0x3b,0xf7,0x1a,0xef,0xfa,0xee,
    0xfa,0xee,0x1a,0xef,0x1b,0xef,0x1a,0xef,0xfa,0xee,0xf9,0xee,0xf9,0xee,0xd9,0xee,
    0xd9,0xee,0xd9,0xee,0xd9,0xee,0xd9,0xee,0xd9,0xee,0xd9,0xee,0xd9,0xee,0xd9,0xee,
    0xd9,0xee,0xd9,0xee,0xd9,0xee,0xd9,0xee,0xd9,0xee,0xd9,0xee,0xd9,0xee,0xd9,0xee,
    0xd9,0xee,0xd9,0xee,0xd9,0xee,0xd9,0xee,0xd9,0xee,0xd9,0xee,0xd9,0xee,0xd9,0xee,
    0xd9,0xee,0xd9,0xee,0xd9,0xee,0xd9,0xee,0xd9,0xee,0xd9,0xee,0xd9,0xee,0xd9,0xee,
    0xd9,0xee,0xd9,0xee,0xd9,0xee,0xf9,0xee,0xd9,0xee,0xf9,0xee,0xf9,0xee,0xd9,0xee,
    0xd9,0xee,0xf9,0xee,0xd9,0xee,0x1a,0xef,0x36,0xd6,0x25,0x5a,0xe4,0x59,0xab,0x8b,
    0xbc,0xff,0x9b,0xff,0x9b,0xf7,0x9b,0xf7,0xbc,0xff,0xdd,0xff,0xde,0xff,0xde,0xff,
    0xdd,0xff,0xbc,0xff,0x7a,0xf7,0x7a,0xf7,0x5a,0xf7,0x59,0xf7,0x5a,0xf7,0x5a,0xef,
    0x5a,0xef,0x7b,0xf7,0x9d,0xf7,0xbe,0xf7,0xdf,0xff,0xdf,0xff,0xbe,0xf7,0x7b,0xef,
    0x19,0xef,0xf7,0xe6,0xf7,0xe6,0xf7,0xe6,0xf7,0xe6,0x18,0xef,0x39,0xef,0x7a,0xf7,
    0x9c,0xf7,0xbc,0xff,0xbd,0xff,0xdd,0xff,0xdd,0xff,0xdd,0xff,0xdd,0xff,0xbd,0xff,
    0xdd,0xff,0xdd,0xff,0xdd,0xff,0xbd,0xff,0x9c,0xff,0x7a,0xf7,0x59,0xf7,0x39,0xef,
    0x39,0xef,0x39,0xef,0x39,0xef,0x5a,0xef,0x9c,0xf7,0xbe,0xff,0xde,0xff,0xde,0xff,
    0xde,0xff,0xbd,0xf7,0x7b,0xf7,0x5a,0xf7,0x5a,0xf7,0x9b,0xf7,0x3a,0xef,0x56,0xde,
    0xd4,0xd5,0xfa,0xee,0x9d,0xff,0xdd,0xff,0x7c,0xf7,0x3a,0xf7,0xd8,0xf6,0xf4,0xe5,
    0x56,0xe6,0x97,0xee,0x51,0xcd,0x72,0xcd,0xf5,0xdd,0x73,0xcd,0xd0,0xbc,0x8f,0xb4,
    0x8f,0xb4,0x6f,0xb4,0x6f,0xb4,0x2e,0xa4,0xed,0xa3,0xcd,0x9b,0xcd,0x93,0xcc,0x93,
    0xcd,0x93,0xac,0x93,0xcd,0x93,0xac,0x93,0xcd,0x93,0xcd,0x9b,0xed,0x9b,0xed,0x9b,
    0x0d,0xa4,0x0d,0xa4,0x0d,0xa4,0x0e,0xa4,0x2d,0xa4,0xed,0x9b,0xcc,0x9b,0xcd,0x9b,
    0xcd,0x9b,0xcd,0x9b,0xac,0x93,0xac,0x93,0xac,0x93,0xac,0x93,0xac,0x93,0xac,0x93,
    0xac,0x93,0xac,0x93,0xac,0x93,0xac,0x93,0x0d,0xa4,0x0d,0xa4,0x0d,0xa4,0x2e,0xac,
    0x6f,0xb4,0xb0,0xbc,0x2e,0xa4,0xcd,0x9b,0x2e,0xa4,0xf1,0xc4,0x11,0xcd,0xf1,0xbc,
    0xf6,0xd5,0x5b,0xf7,0x3b,0xf7,0xfa,0xee,0x1a,0xef,0x1a,0xef,0x1b,0xef,0x1b,0xef,
    0xfa,0xee,0xf9,0xee,0xf9,0xee,0xd9,0xee,0xd9,0xee,0xd9,0xee,0xd9,0xee,0xd9,0xee,
    0xd9,0xee,0xd9,0xee,0xd9,0xee,0xd9,0xee,0xd9,0xee,0xd9,0xee,0xd9,0xee,0xd9,0xee,
    0xd9,0xee,0xd9,0xee,0xd9,0xee,0xd9,0xee,0xd9,0xee,0xd9,0xee,0xd9,0xee,0xd9,0xee,
    0xd9,0xee,0xd9,0xee,0xd9,0xee,0xd9,0xee,0xd9,0xee,0xd9,0xee,0xd9,0xee,0xd9,0xee,
    0xd9,0xee,0xd9,0xee,0xd9,0xee,0xd9,0xee,0xd9,0xee,0xd9,0xee,0xd9,0xee,0xd9,0xee,
    0xd9,0xee,0xd9,0xee,0xd9,0xee,0xd9,0xee,0xf9,0xee,0xd9,0xee,0xf9,0xee,0xd9,0xee,
    0x3a,0xf7,0x16,0xd6,0x73,0xbd,0x7c,0xf7,0xbc,0xff,0xbc,0xff,0xbc,0xff,0xbc,0xff,
    0xdd,0xff,0xde,0xff,0xde,0xff,0xde,0xff,0xde,0xff,0xbd,0xff,0xbc,0xff,0x9c,0xf7,
    0x9c,0xf7,0x9b,0xf7,0x7b,0xf7,0x7b,0xf7,0x7b,0xf7,0x9c,0xf7,0xbd,0xf7,0xde,0xf7,
    0xdf,0xff,0xde,0xf7,0x9d,0xf7,0x5b,0xef,0x18,0xe7,0xf7,0xe6,0xf7,0xe6,0xd7,0xe6,
    0xd6,0xe6,0xf7,0xe6,0x17,0xe7,0x39,0xef,0x7a,0xf7,0x9b,0xf7,0xbc,0xff,0xbd,0xff,
    0xdd,0xff,0xdd,0xff,0xdd,0xff,0xdd,0xff,0xdd,0xff,0xdd,0xff,0xdd,0xff,0xbc,0xff,
    0x9b,0xf7,0x5a,0xf7,0x39,0xef,0x38,0xef,0x38,0xef,0x39,0xef,0x39,0xef,0x5a,0xf7,
    0x9c,0xff,0xde,0xff,0xdf,0xff,0xde,0xff,0xde,0xff,0xbd,0xff,0x9c,0xf7,0x9b,0xf7,
    0x9b,0xf7,0x97,0xe6,0xb4,0xd5,0xfa,0xee,0xbd,0xff,0xbd,0xff,0x3a,0xf7,0x56,0xee,
    0xf4,0xe5,0xb3,0xe5,0xb3,0xdd,0x56,0xee,0xf4,0xe5,0x52,0xcd,0xd4,0xd5,0x93,0xcd,
    0xd0,0xc4,0xaf,0xbc,0x8f,0xbc,0x8f,0xb4,0x8f,0xb4,0x6f,0xb4,0x2d,0xa4,0xac,0x93,
    0xed,0x9b,0xed,0x9b,0xcd,0x9b,0xac,0x93,0xac,0x93,0xac,0x93,0xac,0x93,0xac,0x93,
    0xac,0x93,0xcc,0x93,0xac,0x93,0xac,0x93,0xac,0x93,0xcc,0x93,0xcd,0x93,0xcd,0x9b,
    0x0d,0xa4,0xed,0x9b,0xed,0x9b,0xcd,0x9b,0xcc,0x9b,0xac,0x93,0xac,0x93,0xac,0x93,
    0xac,0x93,0xac,0x93,0xac,0x93,0xac,0x93,0xac,0x93,0xac,0x93,0xac,0x93,0xac,0x93,
    0xcd,0x9b,0x2e,0xac,0x2e,0xac,0x0d,0xa4,0xed,0xa3,0x4e,0xac,0x4e,0xac,0xac,0x93,
    0x8c,0x8b,0x8c,0x93,0x0e,0xa4,0xd0,0xbc,0xb0,0xbc,0x32,0xbd,0xb9,0xe6,0x1b,0xef,
    0x1a,0xef,0x1a,0xef,0x1b,0xef,0x1b,0xef,0x1a,0xef,0xf9,0xee,0xf9,0xee,0xd9,0xee,
    0xd9,0xee,0xd9,0xee,0xd9,0xee,0xd9,0xee,0xd9,0xee,0xd9,0xee,0xd9,0xee,0xd9,0xee,
    0xd9,0xee,0xd9,0xee,0xd9,0xee,0xd9,0xee,0xd9,0xee,0xd9,0xee,0xd9,0xee,0xd9,0xee,
    0xd9,0xee,0xd9,0xee,0xd9,0xee,0xd9,0xee,0xd9,0xee,0xd9,0xee,0xd9,0xee,0xd9,0xee,
    0xd9,0xee,0xd9,0xee,0xd9,0xee,0xd9,0xee,0xd9,0xee,0xd9,0xee,0xd9,0xee,0xd9,0xee,
    0xd9,0xee,0xd9,0xee,0xd9,0xee,0xd9,0xee,0xd9,0xee,0xf9,0xee,0xd9,0xee,0xd9,0xee,
    0xd9,0xee,0xd9,0xee,0xd9,0xee,0xd9,0xee,0xd9,0xe6,0x1a,0xef,0x5b,0xf7,0xf5,0xd5,
    0xdd,0xff,0xbd,0xff,0xbd,0xff,0xdd,0xff,0xdd,0xff,0xde,0xff,0xde,0xff,0xde,0xff,
    0xde,0xff,0xde,0xff,0xdd,0xff,0xdd,0xff,0xbd,0xff,0xbc,0xff,0x9b,0xff,0x9b,0xf7,
    0x9b,0xf7,0x7b,0xf7,0x9d,0xf7,0xbe,0xf7,0xbe,0xf7,0x9d,0xf7,0x7c,0xef,0x3a,0xef,
    0xf7,0xe6,0xf7,0xe6,0xf7,0xe6,0xf7,0xe6,0xf6,0xe6,0xf6,0xe6,0xf7,0xe6,0x17,0xe7,
    0x38,0xef,0x5a,0xf7,0x9b,0xf7,0xbd,0xff,0xdd,0xff,0xde,0xff,0xdd,0xff,0xdd,0xff,
    0xdd,0xff,0xdd,0xff,0xdd,0xff,0xbd,0xff,0x9b,0xf7,0x5a,0xf7,0x39,0xef,0x38,0xef,
    0x39,0xef,0x39,0xef,0x59,0xf7,0x7a,0xf7,0x9d,0xf7,0xde,0xff,0xdf,0xff,0xdf,0xff,
    0xde,0xff,0xde,0xff,0xbc,0xf7,0xf9,0xee,0x16,0xd6,0x98,0xe6,0xbe,0xff,0xff,0xff,
    0x7c,0xff,0xd8,0xf6,0x77,0xee,0x56,0xee,0x35,0xee,0x77,0xee,0xfa,0xee,0xd9,0xee,
    0x77,0xe6,0xb4,0xd5,0x32,0xc5,0x4e,0xac,0x0d,0xa4,0x0d,0xa4,0x4e,0xac,0x0d,0xa4,
    0x0d,0xa4,0xcd,0x9b,0x2a,0x83,0xe9,0x72,0x0a,0x7b,0x6b,0x8b,0xcc,0x93,0xcd,0x9b,
    0xcd,0x9b,0xac,0x93,0xac,0x93,0xac,0x93,0xac,0x93,0xac,0x93,0xac,0x93,0xcd,0x93,
    0xcc,0x93,0xcc,0x93,0xcd,0x9b,0xed,0x9b,0xed,0x9b,0x0e,0xa4,0x0d,0xa4,0xed,0x9b,
    0xcd,0x9b,0xac,0x93,0xac,0x93,0xac,0x93,0xac,0x93,0xac,0x93,0xac,0x93,0xac,0x93,
    0xac,0x93,0xac,0x93,0xac,0x93,0xac,0x93,0xcd,0x9b,0x2e,0xac,0x2e,0xac,0x2e,0xac,
    0x0e,0xa4,0xcd,0x9b,0xcd,0x9b,0x0d,0xa4,0x8c,0x93,0x6b,0x8b,0x6b,0x8b,0x8c,0x8b,
    0x4e,0xac,0xd0,0xbc,0xf1,0xbc,0x77,0xde,0xfa,0xee,0x1a,0xef,0x1b,0xef,0x1b,0xef,
    0x1a,0xef,0xf9,0xee,0xf9,0xee,0xd9,0xee,0xd9,0xee,0xd9,0xee,0xd9,0xee,0xd9,0xee,
    0xd9,0xee,0xd9,0xee,0xd9,0xee,0xd9,0xee,0xd9,0xee,0xd9,0xee,0xd9,0xee,0xd9,0xee,
    0xd9,0xee,0xd9,0xee,0xd9,0xee,0xd9,0xee,0xd9,0xee,0xd9,0xee,0xd9,0xee,0xd9,0xee,
    0xd9,0xee,0xd9,0xee,0xd9,0xee,0xd9,0xee,0xd9,0xee,0xd9,0xee,0xd9,0xee,0xd9,0xee,
    0xd9,0xee,0xd9,0xee,0xd9,0xee,0xd9,0xee,0xd9,0xee,0xd9,0xee,0xd9,0xee,0xd9,0xee,
    0xd9,0xee,0xf9,0xee,0xf9,0xee,0xd9,0xee,0xd9,0xee,0xd9,0xee,0xd9,0xee,0xd9,0xee,
    0xd9,0xee,0xd9,0xee,0x1a,0xef,0x93,0xc5,0xdd,0xff,0xdd,0xff,0xbd,0xff,0xbd,0xff,
    0xdd,0xff,0xdd,0xff,0xde,0xff,0xde,0xff,0xde,0xff,0xde,0xff,0xde,0xff,0xde,0xff,
    0xde,0xff,0xbd,0xff,0x9c,0xff,0x7a,0xf7,0x7a,0xf7,0x5a,0xf7,0x7b,0xf7,0x7c,0xf7,
    0x7c,0xf7,0x7b,0xef,0x39,0xef,0xf7,0xe6,0xf7,0xe6,0xf7,0xe6,0xf7,0xe6,0xf7,0xe6,
    0xf7,0xe6,0xd7,0xe6,0xf7,0xe6,0xf7,0xe6,0xf7,0xe6,0x39,0xef,0x7b,0xf7,0xbc,0xff,
    0xdd,0xff,0xdd,0xff,0xdd,0xff,0xdd,0xff,0xdd,0xff,0xdd,0xff,0xdd,0xff,0xbd,0xff,
    0x9b,0xf7,0x7a,0xf7,0x59,0xef,0x39,0xef,0x39,0xef,0x59,0xef,0x59,0xf7,0x7a,0xf7,
    0x9c,0xf7,0xbd,0xff,0xde,0xff,0xde,0xff,0xff,0xff,0x7d,0xf7,0x98,0xe6,0x98,0xe6,
    0x3c,0xef,0xff,0xff,0xff,0xff,0x3b,0xf7,0x56,0xee,0x15,0xe6,0xf4,0xe5,0x15,0xe6,
    0xd4,0xe5,0x35,0xe6,0x7c,0xf7,0xde,0xff,0x36,0xde,0x8f,0xbc,0xb0,0xbc,0xb0,0xbc,
    0x2e,0xac,0x6f,0xb4,0x8f,0xb4,0x8f,0xb4,0x4e,0xac,0x0d,0xa4,0xed,0x9b,0xac,0x93,
    0x6b,0x8b,0x2a,0x7b,0x4b,0x83,0x6b,0x8b,0x8b,0x8b,0xac,0x93,0xcc,0x93,0xcd,0x9b,
    0xcc,0x93,0xac,0x93,0xac,0x93,0xcc,0x93,0xcc,0x93,0xed,0x9b,0x0d,0xa4,0x0e,0xa4,
    0x0e,0xa4,0x0e,0xa4,0x0d,0xa4,0xed,0x9b,0xed,0x9b,0xed,0x9b,0xac,0x93,0xac,0x93,
    0xac,0x93,0xac,0x93,0xac,0x93,0xac,0x93,0xac,0x93,0xac,0x93,0x8c,0x93,0x8c,0x93,
    0xed,0x9b,0x2e,0xac,0x2e,0xac,0x2e,0xac,0x2e,0xac,0x0d,0xa4,0xcd,0x9b,0xcc,0x9b,
    0xed,0x9b,0x8c,0x93,0x6b,0x8b,0x8c,0x8b,0x8c,0x8b,0xed,0x9b,0xb0,0xbc,0x11,0xbd,
    0x16,0xd6,0xd9,0xe6,0xfa,0xee,0x1b,0xf7,0x1a,0xef,0xfa,0xee,0xf9,0xee,0xf9,0xee,
    0xd9,0xee,0xd9,0xee,0xd9,0xee,0xd9,0xee,0xf9,0xee,0xd9,0xee,0xd9,0xee,0xd9,0xee,
    0xd9,0xee,0xd9,0xee,0xd9,0xee,0xd9,0xee,0xd9,0xee,0xd9,0xee,0xd9,0xee,0xd9,0xee,
    0xd9,0xee,0xd9,0xee,0xd9,0xee,0xd9,0xee,0xd9,0xee,0xd9,0xee,0xd9,0xee,0xd9,0xee,
    0xd9,0xee,0xd9,0xee,0xd9,0xee,0xd9,0xee,0xd9,0xee,0xd9,0xee,0xd9,0xee,0xd9,0xee,
    0xd9,0xee,0xd9,0xee,0xd9,0xee,0xd9,0xee,0xf9,0xee,0xf9,0xee,0xd9,0xee,0xf9,0xee,
    0xf9,0xee,0xf9,0xee,0xf9,0xee,0xd9,0xee,0xd9,0xee,0xf9,0xee,0xd9,0xee,0x1a,0xef,
    0xdd,0xff,0xdd,0xff,0xbd,0xff,0xbc,0xff,0xbd,0xff,0xbd,0xff,0xdd,0xff,0xdd,0xff,
    0xde,0xff,0xde,0xff,0xde,0xff,0xde,0xff,0xde,0xff,0xbd,0xff,0x9c,0xf7,0x59,0xf7,
    0x38,0xef,0x39,0xef,0x59,0xef,0x59,0xef,0x39,0xef,0x18,0xef,0xf7,0xe6,0xf7,0xe6,
    0xf7,0xe6,0xf7,0xe6,0xf7,0xe6,0xf7,0xe6,0xf7,0xe6,0xf7,0xe6,0xf7,0xe6,0xf7,0xe6,
    0xf7,0xe6,0x17,0xe7,0x5a,0xf7,0x9c,0xf7,0xbd,0xff,0xdd,0xff,0xde,0xff,0xde,0xff,
    0xde,0xff,0xdd,0xff,0xdd,0xff,0xbd,0xff,0x9b,0xf7,0x7a,0xf7,0x59,0xf7,0x59,0xef,
    0x59,0xef,0x59,0xef,0x5a,0xf7,0x7a,0xf7,0x7b,0xf7,0xbd,0xff,0xbe,0xff,0xff,0xff,
    0x7d,0xf7,0x77,0xe6,0xda,0xee,0x9d,0xff,0xfe,0xff,0x7c,0xf7,0x56,0xe6,0xb3,0xdd,
    0xb3,0xdd,0xb3,0xdd,0x72,0xd5,0xb2,0xdd,0x92,0xdd,0x51,0xd5,0x56,0xe6,0xf5,0xdd,
    0x4e,0xb4,0x93,0xcd,0x73,0xcd,0xd0,0xbc,0xb0,0xbc,0xb0,0xb4,0x8f,0xb4,0x8f,0xb4,
    0x0e,0xa4,0xcd,0x9b,0xcd,0x93,0xcd,0x93,0xed,0x9b,0x0d,0x9c,0x0d,0x9c,0xed,0x9b,
    0xcd,0x9b,0xad,0x93,0x6b,0x8b,0x6b,0x8b,0xac,0x93,0xcd,0x9b,0xac,0x93,0xac,0x93,
    0xac,0x93,0xed,0x9b,0x0d,0x9c,0x0d,0x9c,0x0d,0xa4,0x0d,0xa4,0xed,0x9b,0xcd,0x93,
    0xcd,0x93,0xcd,0x93,0xcd,0x93,0xcd,0x9b,0xac,0x93,0x8c,0x8b,0x8c,0x8b,0x8c,0x93,
    0xac,0x93,0xcc,0x9b,0xed,0x9b,0xed,0xa3,0x2d,0xac,0x0e,0xa4,0x2d,0xa4,0x2e,0xac,
    0xed,0xa3,0xac,0x93,0x8c,0x8b,0xac,0x93,0xac,0x93,0xcd,0x9b,0xac,0x93,0x8c,0x8b,
    0xac,0x93,0x8c,0x8b,0xac,0x93,0x6f,0xac,0xf0,0xbc,0xf6,0xcd,0xb9,0xe6,0xfa,0xee,
    0x1a,0xef,0xfa,0xee,0xd9,0xee,0xd9,0xee,0xd9,0xee,0xf9,0xee,0xf9,0xee,0xd9,0xee,
    0xd9,0xee,0xd9,0xee,0xd9,0xee,0xd9,0xee,0xd9,0xee,0xd9,0xee,0xd9,0xee,0xd9,0xee,
    0xd9,0xee,0xd9,0xee,0xd9,0xee,0xd9,0xee,0xd9,0xee,0xd9,0xee,0xd9,0xee,0xd9,0xee,
    0xd9,0xee,0xd9,0xee,0xd9,0xee,0xd9,0xee,0xd9,0xee,0xd9,0xee,0xd9,0xee,0xd9,0xee,
    0xd9,0xee,0xd9,0xee,0xd9,0xee,0xd9,0xee,0xd9,0xee,0xd9,0xee,0xd9,0xee,0xf9,0xee,
    0xf9,0xee,0xf9,0xee,0xd9,0xee,0xf9,0xee,0xf9,0xee,0xd9,0xee,0xd9,0xee,0xf9,0xee,
    0xd9,0xee,0xd9,0xee,0xd9,0xee,0xd9,0xee,0xde,0xff,0xdd,0xff,0xbd,0xff,0xbc,0xff,
    0xbc,0xff,0xbc,0xff,0xbc,0xff,0xdd,0xff,0xde,0xff,0xdf,0xff,0xdf,0xff,0xff,0xff,
    0xde,0xff,0xdd,0xff,0x9b,0xf7,0x59,0xef,0x39,0xef,0x59,0xef,0x59,0xef,0x39,0xef,
    0x18,0xef,0xf7,0xe6,0xf7,0xe6,0xf7,0xe6,0xf7,0xe6,0xf7,0xe6,0xf7,0xe6,0xf7,0xe6,
    0xf7,0xe6,0xf7,0xe6,0xf7,0xe6,0xf7,0xe6,0xf7,0xe6,0xf7,0xe6,0x59,0xef,0x9b,0xf7,
    0xbd,0xff,0xde,0xff,0xde,0xff,0xdd,0xff,0xdd,0xff,0xbd,0xff,0xbd,0xff,0x9c,0xff,
    0x9b,0xf7,0x7a,0xf7,0x59,0xf7,0x59,0xf7,0x5a,0xf7,0x5a,0xf7,0x5a,0xf7,0x5a,0xf7,
    0x7b,0xf7,0x9c,0xf7,0xde,0xff,0x7c,0xf7,0x57,0xde,0x5b,0xf7,0xbd,0xff,0xbd,0xff,
    0x1a,0xf7,0xb2,0xdd,0x51,0xd5,0xb3,0xdd,0x72,0xd5,0xd0,0xc4,0x6e,0xb4,0x0d,0xa4,
    0xd0,0xbc,0xb3,0xdd,0xb3,0xdd,0xd0,0xc4,0x15,0xde,0x52,0xcd,0x4e,0xac,0x6f,0xb4,
    0x8f,0xb4,0x8f,0xb4,0x8f,0xb4,0xb0,0xb4,0x4e,0xa4,0xcd,0x9b,0xcd,0x93,0xac,0x93,
    0xac,0x93,0xac,0x93,0xac,0x93,0xcd,0x93,0xed,0x9b,0x0e,0xa4,0x0e,0xa4,0xcd,0x9b,
    0x8b,0x8b,0x6b,0x83,0xac,0x93,0xac,0x93,0xac,0x93,0xed,0x9b,0x0d,0x9c,0x0d,0x9c,
    0x0d,0xa4,0xed,0x9b,0xcd,0x9b,0xcd,0x9b,0xcd,0x93,0xcd,0x93,0xcd,0x9b,0xcd,0x9b,
    0xcd,0x9b,0xcd,0x93,0xac,0x93,0xac,0x93,0x8b,0x8b,0x8b,0x8b,0xcd,0x9b,0x2e,0xac,
    0x2e,0xac,0x0d,0xa4,0x0d,0xa4,0x0e,0xa4,0xed,0x9b,0xac,0x93,0x8c,0x93,0x8c,0x93,
    0xac,0x93,0x8c,0x8b,0xcd,0x93,0x8c,0x8b,0x8c,0x8b,0x8c,0x8b,0x8c,0x8b,0x8c,0x8b,
    0x4e,0xac,0xb0,0xbc,0x94,0xc5,0xb9,0xe6,0xf9,0xee,0xf9,0xee,0xd9,0xee,0xd9,0xee,
    0xd9,0xee,0xd9,0xee,0xd9,0xee,0xd9,0xee,0xf9,0xee,0xd9,0xee,0xd9,0xee,0xd9,0xee,
    0xd9,0xee,0xd9,0xee,0xd9,0xee,0xd9,0xee,0xd9,0xee,0xd9,0xee,0xd9,0xee,0xd9,0xee,
    0xd9,0xee,0xd9,0xee,0xd9,0xee,0xd9,0xee,0xd9,0xee,0xd9,0xee,0xd9,0xee,0xd9,0xee,
    0xd9,0xee,0xd9,0xee,0xd9,0xee,0xd9,0xee,0xd9,0xee,0xd9,0xee,0xd9,0xee,0xd9,0xee,
    0xd9,0xee,0xd9,0xee,0xd9,0xee,0xf9,0xee,0xf9,0xee,0xd9,0xee,0xf9,0xee,0xd9,0xee,
    0xf9,0xee,0xf9,0xee,0xd9,0xee,0xf9,0xee,0xd9,0xee,0xd9,0xee,0xd9,0xee,0xf9,0xee,
    0xde,0xff,0xdd,0xff,0xbc,0xff,0x9b,0xf7,0x9b,0xf7,0x9b,0xf7,0xbc,0xff,0xdd,0xff,
    0xde,0xff,0xdf,0xff,0xdf,0xff,0xdf,0xff,0xde,0xff,0xbd,0xff,0x9b,0xf7,0x59,0xf7,
    0x5a,0xf7,0x7a,0xf7,0x7b,0xf7,0x5a,0xef,0x38,0xef,0x17,0xe7,0x17,0xe7,0x18,0xef,
    0x17,0xef,0xf7,0xe6,0xf7,0xe6,0xf7,0xe6,0xf7,0xe6,0xf7,0xe6,0xf7,0xe6,0xf7,0xe6,
    0xf7,0xe6,0xf7,0xe6,0x39,0xef,0x9b,0xf7,0xbd,0xff,0xde,0xff,0xde,0xff,0xbd,0xff,
    0xbd,0xff,0xbc,0xff,0x9c,0xf7,0x9b,0xf7,0x7a,0xf7,0x7a,0xf7,0x5a,0xf7,0x7a,0xf7,
    0x7a,0xf7,0x7a,0xf7,0x7a,0xf7,0x5a,0xf7,0x5a,0xf7,0xbc,0xff,0x5b,0xf7,0x56,0xe6,
    0x5c,0xf7,0xbe,0xff,0xde,0xff,0xf9,0xf6,0x31,0xd5,0x31,0xd5,0x51,0xd5,0x10,0xcd,
    0x6e,0xb4,0xed,0x9b,0xed,0xa3,0xed,0xa3,0x0d,0xa4,0x11,0xc5,0xb4,0xdd,0xd9,0xee,
    0x72,0xcd,0x6e,0xb4,0x6f,0xb4,0x6f,0xb4,0x6f,0xb4,0x6f,0xb4,0x6f,0xb4,0x6f,0xac,
    0xcd,0x9b,0xac,0x93,0xcd,0x93,0xcd,0x93,0xcd,0x93,0xac,0x93,0xac,0x93,0xac,0x93,
    0xcd,0x93,0xac,0x93,0xcc,0x93,0x0d,0x9c,0x2e,0xa4,0xcd,0x93,0x8c,0x8b,0xcc,0x93,
    0xed,0x9b,0x0d,0x9c,0x0e,0x9c,0x0d,0xa4,0x0e,0xa4,0xed,0x9b,0xed,0x9b,0xcd,0x9b,
    0xcd,0x9b,0xcd,0x9b,0xcd,0x9b,0xcd,0x9b,0xac,0x93,0xac,0x93,0xac,0x93,0xed,0x9b,
    0xed,0x9b,0xac,0x93,0x6b,0x8b,0xac,0x93,0x2e,0xac,0x2e,0xac,0x0d,0xa4,0xed,0xa3,
    0x8c,0x93,0x8c,0x8b,0x8c,0x93,0x8c,0x8b,0x8c,0x8b,0x8c,0x8b,0x8c,0x8b,0x8c,0x8b,
    0x8c,0x8b,0x8c,0x8b,0x8c,0x8b,0x8c,0x8b,0x6c,0x8b,0x0d,0xa4,0x6e,0xb4,0x32,0xc5,
    0xfa,0xee,0xf9,0xee,0xd9,0xee,0xd9,0xee,0xd9,0xee,0xd9,0xee,0xd9,0xee,0xd9,0xee,
    0xd9,0xee,0xd9,0xee,0xd9,0xee,0xd9,0xee,0xd9,0xee,0xd9,0xee,0xd9,0xee,0xd9,0xee,
    0xd9,0xee,0xd9,0xee,0xd9,0xee,0xd9,0xee,0xd9,0xee,0xd9,0xee,0xd9,0xee,0xd9,0xee,
    0xd9,0xee,0xd9,0xee,0xd9,0xee,0xd9,0xee,0xd9,0xee,0xd9,0xee,0xd9,0xee,0xd9,0xee,
    0xd9,0xee,0xd9,0xee,0xd9,0xee,0xd9,0xee,0xd9,0xee,0xd9,0xee,0xd9,0xee,0xf9,0xee,
    0xf9,0xee,0xf9,0xee,0xf9,0xee,0xf9,0xee,0xd9,0xee,0xf9,0xee,0xf9,0xee,0xf9,0xee,
    0xd9,0xee,0xf9,0xee,0xf9,0xee,0xf9,0xee,0xde,0xff,0xde,0xff,0xbd,0xff,0x9b,0xf7,
    0x7a,0xf7,0x7a,0xf7,0xbc,0xf7,0xde,0xff,0xdf,0xff,0xdf,0xff,0xdf,0xff,0xdf,0xff,
    0xde,0xff,0xbd,0xff,0x9b,0xf7,0x7a,0xf7,0x7b,0xf7,0x9c,0xf7,0x9c,0xf7,0x7b,0xf7,
    0x59,0xef,0x38,0xef,0x39,0xef,0x5a,0xef,0x5a,0xef,0x39,0xef,0x18,0xe7,0xf7,0xe6,
    0xf7,0xe6,0xf7,0xe6,0xf7,0xe6,0xf7,0xe6,0xf7,0xe6,0xf7,0xe6,0x18,0xef,0x7b,0xf7,
    0xbd,0xff,0xbd,0xff,0xbd,0xff,0xbd,0xff,0x9c,0xf7,0x7b,0xf7,0x7a,0xf7,0x7a,0xf7,
    0x7a,0xf7,0x7a,0xf7,0x7a,0xf7,0x7a,0xf7,0x7a,0xf7,0x7a,0xf7,0x7a,0xf7,0x7a,0xf7,
    0x9b,0xf7,0x3a,0xf7,0x15,0xde,0x5c,0xf7,0xff,0xff,0xde,0xff,0xf9,0xee,0x72,0xd5,
    0xd4,0xdd,0x15,0xde,0xf4,0xdd,0x92,0xd5,0x72,0xd5,0x92,0xd5,0x92,0xd5,0xb3,0xd5,
    0xf0,0xc4,0x31,0xc5,0x3a,0xf7,0xd4,0xd5,0x6e,0xb4,0x6e,0xb4,0x6f,0xb4,0x6f,0xb4,
    0x6f,0xb4,0x6e,0xb4,0x6e,0xac,0x0d,0xa4,0xac,0x93,0xac,0x93,0xac,0x93,0xac,0x93,
    0xac,0x93,0xac,0x93,0xac,0x93,0xcd,0x93,0xcd,0x93,0xcd,0x93,0xac,0x93,0xac,0x93,
    0xac,0x93,0xed,0x9b,0x2e,0xa4,0xcd,0x9b,0xac,0x93,0xcd,0x9b,0x0d,0xa4,0x2e,0xa4,
    0x0e,0xa4,0xed,0x9b,0xed,0x9b,0xcd,0x9b,0xcd,0x9b,0xcd,0x9b,0xcd,0x9b,0xcd,0x93,
    0xcc,0x93,0xac,0x93,0xac,0x93,0xac,0x93,0x0d,0xa4,0x2e,0xa4,0xed,0x9b,0x8c,0x93,
    0x8b,0x8b,0xcd,0x9b,0xed,0xa3,0xed,0xa3,0xac,0x93,0x8c,0x8b,0x8c,0x8b,0x8c,0x8b,
    0x8b,0x8b,0x8c,0x8b,0xac,0x93,0x6c,0x8b,0x6b,0x83,0x6b,0x8b,0x8c,0x8b,0x6b,0x8b,
    0x6c,0x8b,0x6c,0x8b,0xed,0xa3,0x4e,0xb4,0x32,0xc5,0xb9,0xe6,0xd9,0xee,0xd9,0xee,
    0xd9,0xee,0xd9,0xee,0xd9,0xee,0xd9,0xee,0xd9,0xee,0xd9,0xee,0xd9,0xee,0xd9,0xee,
    0xd9,0xee,0xd9,0xee,0xd9,0xee,0xd9,0xee,0xd9,0xee,0xd9,0xee,0xd9,0xee,0xd9,0xee,
    0xd9,0xee,0xd9,0xee,0xd9,0xee,0xd9,0xee,0xd9,0xee,0xd9,0xee,0xd9,0xee,0xd9,0xee,
    0xd9,0xee,0xd9,0xee,0xd9,0xee,0xd9,0xee,0xd9,0xee,0xd9,0xee,0xd9,0xee,0xd9,0xee,
    0xd9,0xee,0xf9,0xee,0xf9,0xee,0xf9,0xee,0xf9,0xee,0xf9,0xee,0xf9,0xee,0xf9,0xee,
    0xf9,0xee,0xd9,0xee,0xd9,0xee,0xf9,0xee,0xd9,0xee,0xf9,0xee,0xf9,0xee,0xf9,0xee,
    0xde,0xff,0xde,0xff,0xbd,0xff,0x9d,0xf7,0x9c,0xf7,0x9c,0xf7,0xbd,0xf7,0xde,0xff,
    0xdf,0xff,0xdf,0xff,0xdf,0xff,0xdf,0xff,0xde,0xff,0xbd,0xff,0x9b,0xf7,0x9b,0xf7,
    0x9c,0xf7,0xbd,0xff,0xbd,0xf7,0x9b,0xf7,0x5a,0xf7,0x59,0xef,0x5a,0xf7,0x7b,0xf7,
    0x9c,0xf7,0x7c,0xf7,0x5b,0xef,0x18,0xef,0xf7,0xe6,0xf7,0xe6,0xf7,0xe6,0xf7,0xe6,
    0xf7,0xe6,0xf7,0xe6,0x18,0xef,0x5a,0xf7,0x9c,0xf7,0xbd,0xff,0xbd,0xff,0x9c,0xff,
    0x7b,0xf7,0x7a,0xf7,0x5a,0xf7,0x5a,0xf7,0x5a,0xf7,0x5a,0xf7,0x7a,0xf7,0x7a,0xf7,
    0x7a,0xf7,0x7a,0xf7,0x7a,0xf7,0x9b,0xf7,0x5a,0xf7,0x15,0xd6,0x5c,0xf7,0xff,0xff,
    0xbd,0xff,0xd9,0xee,0x97,0xe6,0xb8,0xee,0xf4,0xdd,0x51,0xd5,0x51,0xd5,0x31,0xd5,
    0xcf,0xbc,0x4e,0xb4,0x4e,0xb4,0xf1,0xc4,0xd4,0xdd,0x98,0xee,0x72,0xcd,0x6e,0xbc,
    0x11,0xc5,0xf0,0xbc,0xaf,0xbc,0x6f,0xb4,0x6e,0xb4,0x6e,0xb4,0xed,0x9b,0x8c,0x8b,
    0xac,0x93,0xac,0x93,0xac,0x93,0xac,0x93,0xac,0x93,0xac,0x93,0xac,0x8b,0xac,0x93,
    0xcd,0x93,0xcd,0x93,0xcd,0x93,0xcd,0x93,0xac,0x93,0xac,0x93,0xcd,0x93,0x0e,0xa4,
    0x4e,0xa4,0xac,0x93,0xe9,0x7a,0x6b,0x8b,0xed,0x9b,0x0d,0xa4,0x0e,0xa4,0xed,0x9b,
    0xcd,0x9b,0xcd,0x9b,0xcd,0x93,0xcd,0x9b,0xcd,0x93,0xac,0x93,0xac,0x93,0xac,0x93,
    0xcc,0x9b,0x4e,0xac,0x2e,0xac,0xed,0xa3,0xcd,0x9b,0x4b,0x8b,0x6b,0x8b,0xac,0x9b,
    0xac,0x93,0x8c,0x8b,0x8c,0x8b,0x8c,0x8b,0x8c,0x8b,0x8c,0x8b,0x8c,0x8b,0x8c,0x8b,
    0x6b,0x8b,0x4b,0x83,0x6c,0x8b,0x6b,0x8b,0x6b,0x8b,0x6b,0x8b,0x8c,0x8b,0x2e,0xa4,
    0x8f,0xb4,0x8f,0xac,0x36,0xd6,0xfa,0xee,0xd9,0xee,0xd9,0xee,0xd9,0xee,0xd9,0xee,
    0xd9,0xee,0xd9,0xee,0xd9,0xee,0xd9,0xee,0xd9,0xee,0xd9,0xee,0xd9,0xee,0xd9,0xee,
    0xd9,0xee,0xd9,0xee,0xd9,0xee,0xd9,0xee,0xd9,0xee,0xd9,0xee,0xd9,0xee,0xd9,0xee,
    0xd9,0xee,0xd9,0xee,0xd9,0xee,0xd9,0xee,0xd9,0xee,0xd9,0xee,0xd9,0xee,0xd9,0xee,
    0xd9,0xee,0xd9,0xee,0xd9,0xee,0xd9,0xee,0xd9,0xee,0xf9,0xee,0xd9,0xee,0xf9,0xee,
    0xf9,0xee,0xf9,0xee,0xf9,0xee,0xd9,0xee,0xd9,0xee,0xd9,0xee,0xd9,0xee,0xd9,0xee,
    0xf9,0xee,0xf9,0xee,0xf9,0xee,0xf9,0xee,0xde,0xff,0xde,0xff,0xbe,0xf7,0xbe,0xf7,
    0xbe,0xf7,0xbe,0xf7,0xbe,0xf7,0xdf,0xff,0xdf,0xff,0xdf,0xff,0xdf,0xff,0xdf,0xff,
    0xde,0xff,0xbd,0xff,0x9c,0xf7,0x9b,0xf7,0x9c,0xf7,0xbd,0xf7,0x9c,0xf7,0x7b,0xf7,
    0x5a,0xef,0x5a,0xef,0x7b,0xf7,0x9d,0xf7,0x9d,0xf7,0xbd,0xf7,0x9d,0xf7,0x5b,0xef,
    0x39,0xef,0x18,0xef,0x18,0xe7,0x18,0xe7,0x18,0xef,0x18,0xef,0x18,0xef,0x5a,0xef,
    0x7b,0xf7,0x9c,0xf7,0x9c,0xf7,0x9b,0xf7,0x7a,0xf7,0x5a,0xf7,0x5a,0xf7,0x5a,0xf7,
    0x5a,0xf7,0x7a,0xf7,0x7a,0xf7,0x7a,0xf7,0x7a,0xf7,0x7a,0xf7,0x9b,0xf7,0x7b,0xf7,
    0x97,0xde,0x5c,0xef,0xff,0xff,0x7c,0xf7,0x3a,0xf7,0x7c,0xf7,0xb8,0xee,0x71,0xd5,
    0x31,0xd5,0x31,0xd5,0x31,0xcd,0xaf,0xbc,0x4e,0xac,0x4e,0xac,0x6e,0xb4,0x2e,0xac,
    0x32,0xcd,0xb3,0xdd,0xaf,0xc4,0x15,0xde,0x76,0xee,0x52,0xcd,0x6f,0xb4,0x4e,0xac,
    0x2e,0xac,0x4e,0xac,0x4e,0xac,0xed,0x9b,0x8c,0x93,0x8c,0x93,0xac,0x93,0xac,0x93,
    0xac,0x93,0xac,0x8b,0x8c,0x8b,0xac,0x8b,0xcc,0x93,0xcd,0x93,0xcd,0x93,0xcd,0x93,
    0xcd,0x93,0xcd,0x93,0xcd,0x93,0xcd,0x93,0xed,0x9b,0x4e,0xa4,0xcd,0x93,0xea,0x7a,
    0x2a,0x7b,0x6b,0x8b,0xcd,0x9b,0x0d,0x9c,0xcd,0x9b,0xcd,0x93,0xcd,0x93,0xcd,0x93,
    0xcd,0x93,0xcc,0x93,0xac,0x93,0xac,0x93,0xcc,0x93,0x2e,0xac,0x2e,0xac,0xed,0xa3,
    0xac,0x93,0xed,0x9b,0x8b,0x8b,0x4b,0x83,0x8c,0x8b,0x8c,0x8b,0x8c,0x8b,0x8c,0x8b,
    0x8c,0x8b,0x8c,0x8b,0x6b,0x8b,0x8c,0x8b,0x6b,0x8b,0x4b,0x83,0x6b,0x8b,0x6b,0x8b,
    0x6b,0x8b,0x6c,0x8b,0x6b,0x8b,0xac,0x93,0x4e,0xac,0x8f,0xb4,0xf1,0xb4,0x77,0xde,
    0xd9,0xee,0xf9,0xee,0xd9,0xee,0xd9,0xee,0xd9,0xee,0xd9,0xee,0xd9,0xee,0xd9,0xee,
    0xd9,0xee,0xd9,0xee,0xd9,0xee,0xd9,0xee,0xd9,0xee,0xd9,0xee,0xd9,0xee,0xd9,0xee,
    0xd9,0xee,0xd9,0xee,0xd9,0xee,0xd9,0xee,0xd9,0xee,0xd9,0xee,0xd9,0xee,0xd9,0xee,
    0xd9,0xee,0xd9,0xee,0xd9,0xee,0xd9,0xee,0xd9,0xee,0xd9,0xee,0xd9,0xee,0xd9,0xee,
    0xd9,0xee,0xd9,0xee,0xf9,0xee,0xd9,0xee,0xf9,0xee,0xf9,0xee,0xf9,0xee,0xd9,0xee,
    0xd9,0xee,0xf9,0xee,0xd9,0xee,0xf9,0xee,0xf9,0xee,0xf9,0xee,0xf9,0xee,0xf9,0xee,
    0xdf,0xff,0xdf,0xff,0xdf,0xff,0xdf,0xf7,0xdf,0xf7,0xdf,0xf7,0xdf,0xf7,0xdf,0xf7,
    0xdf,0xff,0xdf,0xff,0xde,0xff,0xde,0xff,0xbd,0xff,0xbc,0xff,0x9b,0xf7,0x7b,0xf7,
    0x9c,0xf7,0x9c,0xf7,0x9b,0xf7,0x7a,0xf7,0x59,0xef,0x59,0xef,0x7a,0xf7,0x9d,0xf7,
    0xbe,0xf7,0xbe,0xf7,0xbe,0xf7,0x9d,0xf7,0x7b,0xef,0x5a,0xef,0x5b,0xef,0x7b,0xef,
    0x7c,0xf7,0x7b,0xef,0x5a,0xef,0x7b,0xf7,0x7b,0xf7,0x9c,0xf7,0x9c,0xf7,0x7b,0xf7,
    0x7a,0xf7,0x5a,0xf7,0x7a,0xf7,0x7a,0xf7,0x7a,0xf7,0x7a,0xf7,0x7a,0xf7,0x7a,0xf7,
    0x7a,0xf7,0x7b,0xf7,0x7b,0xf7,0xd9,0xee,0x5c,0xef,0xde,0xff,0x3b,0xf7,0x3b,0xf7,
    0xde,0xff,0xb8,0xee,0x72,0xdd,0x92,0xdd,0x92,0xd5,0x31,0xcd,0x10,0xcd,0x6e,0xb4,
    0x2d,0xac,0x2e,0xac,0x4e,0xac,0x6e,0xac,0x11,0xc5,0x11,0xcd,0xf5,0xe5,0x72,0xcd,
    0x6b,0x8b,0xa8,0x72,0x68,0x62,0x47,0x5a,0x47,0x5a,0x68,0x62,0x0a,0x7b,0xac,0x93,
    0x0e,0xa4,0xed,0x9b,0xac,0x93,0xac,0x93,0xac,0x93,0xac,0x8b,0x8c,0x8b,0xac,0x93,
    0xcd,0x93,0xcd,0x93,0xcd,0x93,0xcd,0x93,0xcd,0x93,0xcd,0x93,0xcd,0x93,0xcd,0x93,
    0xcd,0x93,0xad,0x93,0x0e,0xa4,0xed,0x9b,0x8c,0x8b,0x8c,0x8b,0x6b,0x8b,0x8c,0x8b,
    0xcd,0x93,0xed,0x9b,0xcd,0x93,0xad,0x93,0xac,0x93,0xac,0x93,0xac,0x93,0xac,0x93,
    0xcd,0x9b,0x2e,0xac,0x2e,0xac,0x4e,0xac,0xed,0x9b,0x6b,0x8b,0xed,0xa3,0xcd,0x9b,
    0x6b,0x8b,0x6b,0x8b,0x8b,0x8b,0x8c,0x8b,0x8b,0x8b,0x8c,0x8b,0x6b,0x8b,0x6b,0x8b,
    0x6b,0x8b,0x6b,0x8b,0x6b,0x8b,0x6b,0x8b,0x6b,0x8b,0x6b,0x8b,0x6b,0x8b,0x6c,0x83,
    0xed,0x9b,0x2e,0xac,0x8f,0xb4,0x32,0xbd,0x57,0xde,0xb9,0xee,0xd9,0xee,0xd9,0xee,
    0xd9,0xee,0xd9,0xee,0xd9,0xee,0xd9,0xee,0xd9,0xee,0xd9,0xee,0xd9,0xee,0xd9,0xee,
    0xd9,0xee,0xd9,0xee,0xd9,0xee,0xd9,0xee,0xd9,0xee,0xd9,0xee,0xd9,0xee,0xd9,0xee,
    0xd9,0xee,0xd9,0xee,0xd9,0xee,0xd9,0xee,0xd9,0xee,0xd9,0xee,0xd9,0xee,0xd9,0xee,
    0xd9,0xee,0xd9,0xee,0xd9,0xee,0xd9,0xee,0xd9,0xee,0xd9,0xee,0xf9,0xee,0xd9,0xee,
    0xd9,0xee,0xd9,0xee,0xd9,0xee,0xd9,0xee,0xd9,0xee,0xd9,0xee,0xf9,0xee,0xd9,0xee,
    0xd9,0xee,0xd9,0xee,0xf9,0xee,0xf9,0xee,0xdf,0xff,0xdf,0xff,0xdf,0xf7,0xdf,0xf7,
    0xdf,0xff,0xdf,0xff,0xdf,0xff,0xdf,0xf7,0xbe,0xf7,0xbe,0xf7,0xbd,0xf7,0xbd,0xff,
    0x9c,0xf7,0x7b,0xf7,0x5a,0xef,0x7a,0xf7,0x7b,0xf7,0x7a,0xf7,0x5a,0xf7,0x59,0xef,
    0x39,0xef,0x39,0xef,0x59,0xef,0x7b,0xf7,0x9d,0xf7,0xbe,0xf7,0xbe,0xf7,0xbe,0xf7,
    0x9d,0xf7,0x9d,0xf7,0x9d,0xf7,0xbe,0xf7,0xbe,0xf7,0xbe,0xf7,0x9d,0xf7,0x9c,0xf7,
    0x9c,0xf7,0x9c,0xf7,0x9c,0xf7,0x9b,0xf7,0x7b,0xf7,0x7a,0xf7,0x7a,0xf7,0x7a,0xf7,
    0x7a,0xf7,0x7a,0xf7,0x7a,0xf7,0x7a,0xf7,0x7b,0xf7,0x7b,0xf7,0xd9,0xee,0x3b,0xf7,
    0xde,0xff,0x5b,0xf7,0x5c,0xf7,0xde,0xff,0xf9,0xf6,0x92,0xdd,0xb3,0xdd,0x92,0xd5,
    0x92,0xd5,0x72,0xd5,0x51,0xd5,0x10,0xcd,0xcf,0xc4,0x6e,0xb4,0x6e,0xb4,0xaf,0xbc,
    0x31,0xcd,0x15,0xde,0x6f,0xac,0x27,0x5a,0x27,0x5a,0x47,0x62,0x07,0x52,0x27,0x52,
    0x68,0x62,0x27,0x5a,0x06,0x52,0x27,0x52,0xc9,0x72,0xcd,0x9b,0x2e,0xa4,0xcd,0x93,
    0xac,0x93,0xcd,0x93,0xcc,0x93,0xcd,0x93,0xac,0x93,0xcd,0x93,0xcd,0x93,0xcd,0x93,
    0xcd,0x93,0xcd,0x93,0xcd,0x93,0xcd,0x93,0xcd,0x93,0xac,0x93,0xac,0x8b,0xcd,0x93,
    0xcd,0x93,0x8c,0x8b,0xcc,0x93,0xac,0x93,0x6b,0x8b,0x8b,0x8b,0xac,0x93,0xed,0x9b,
    0xed,0x9b,0xcd,0x9b,0xed,0x9b,0x0e,0xa4,0x4e,0xac,0x6e,0xb4,0x4e,0xac,0x2e,0xac,
    0xcd,0x9b,0x8c,0x8b,0x6b,0x8b,0xac,0x93,0xcc,0x9b,0x6b,0x8b,0x4b,0x83,0x6b,0x8b,
    0x8c,0x8b,0x8c,0x8b,0x6b,0x8b,0x6b,0x8b,0x6b,0x8b,0x6b,0x8b,0x6b,0x8b,0x6b,0x83,
    0x6b,0x8b,0x6b,0x8b,0x6b,0x8b,0x6c,0x83,0x8c,0x8b,0x0d,0xa4,0x0e,0xa4,0x6f,0xac,
    0x74,0xc5,0x77,0xe6,0xb8,0xe6,0xf9,0xee,0xd9,0xee,0xd9,0xee,0xd9,0xee,0xd9,0xee,
    0xd9,0xee,0xd9,0xee,0xd9,0xee,0xd9,0xee,0xd9,0xee,0xd9,0xee,0xd9,0xee,0xd9,0xee,
    0xd9,0xee,0xd9,0xee,0xd9,0xee,0xd9,0xee,0xd9,0xee,0xd9,0xee,0xd9,0xee,0xd9,0xee,
    0xd9,0xee,0xd9,0xee,0xd9,0xee,0xd9,0xee,0xd9,0xee,0xd9,0xee,0xd9,0xee,0xd9,0xee,
    0xd9,0xee,0xd9,0xee,0xf9,0xee,0xf9,0xee,0xd9,0xee,0xf9,0xee,0xf9,0xee,0xd9,0xee,
    0xd9,0xee,0xf9,0xee,0xd9,0xee,0xf9,0xee,0xf9,0xee,0xf9,0xee,0xd9,0xee,0xf9,0xee,
    0xdf,0xf7,0xdf,0xf7,0xdf,0xf7,0xdf,0xf7,0xdf,0xf7,0xdf,0xff,0xdf,0xff,0xbf,0xf7,
    0x9e,0xef,0x7d,0xef,0x7b,0xf7,0x7b,0xf7,0x7a,0xef,0x59,0xef,0x59,0xef,0x5a,0xef,
    0x5a,0xef,0x59,0xef,0x39,0xef,0x39,0xef,0x39,0xef,0x39,0xef,0x39,0xef,0x5a,0xef,
    0x7c,0xf7,0xbe,0xf7,0xbf,0xf7,0xdf,0xf7,0xbe,0xf7,0xbe,0xf7,0xbe,0xf7,0xdf,0xf7,
    0xdf,0xff,0xdf,0xff,0xde,0xff,0xbe,0xff,0xbd,0xff,0xbd,0xff,0xbc,0xff,0x9c,0xf7,
    0x9b,0xf7,0x7b,0xf7,0x7b,0xf7,0x7b,0xf7,0x7b,0xf7,0x7b,0xf7,0x7b,0xf7,0x7b,0xf7,
    0x7b,0xf7,0xf9,0xee,0x3b,0xf7,0xbe,0xff,0x7c,0xf7,0x9d,0xff,0xbd,0xff,0x3a,0xf7,
    0x92,0xdd,0x92,0xdd,0x72,0xd5,0x92,0xd5,0xb3,0xdd,0x10,0xc5,0x0d,0xa4,0x6b,0x8b,
    0x8b,0x93,0x4e,0xac,0xd0,0xc4,0xd0,0xc4,0x11,0xc5,0x6f,0xac,0x27,0x62,0x27,0x5a,
    0x47,0x62,0x27,0x5a,0x47,0x5a,0x68,0x62,0x47,0x5a,0x27,0x5a,0x27,0x52,0xe6,0x51,
    0xc6,0x49,0x06,0x52,0x0a,0x7b,0xed,0x9b,0xcd,0x9b,0xac,0x93,0xac,0x93,0xcd,0x93,
    0xac,0x93,0xcd,0x93,0xcd,0x93,0xcd,0x93,0xcd,0x93,0xcd,0x93,0xac,0x93,0xac,0x93,
    0xcd,0x93,0xac,0x93,0xac,0x93,0x8c,0x8b,0xac,0x93,0xac,0x93,0x2b,0x83,0xac,0x93,
    0xcc,0x93,0x8c,0x8b,0x4b,0x83,0x8b,0x8b,0x4e,0xac,0x6f,0xb4,0x6f,0xb4,0x6f,0xb4,
    0x6f,0xb4,0x6e,0xac,0x4e,0xac,0x2e,0xac,0xac,0x9b,0x8c,0x8b,0x8c,0x8b,0x8c,0x8b,
    0xac,0x93,0xcd,0x93,0x6b,0x8b,0x2b,0x83,0x6b,0x8b,0x8c,0x8b,0x8c,0x8b,0x6b,0x8b,
    0x6b,0x8b,0x6b,0x8b,0x6b,0x8b,0x6b,0x8b,0xac,0x93,0x8b,0x8b,0x6b,0x8b,0x6c,0x8b,
    0x4b,0x83,0xcd,0x93,0xcd,0x9b,0xed,0x9b,0x6f,0xac,0x16,0xd6,0x97,0xe6,0x98,0xe6,
    0xd9,0xee,0xd9,0xe6,0xd9,0xee,0xd9,0xee,0xd9,0xee,0xd9,0xee,0xd9,0xee,0xd9,0xee,
    0xd9,0xee,0xd9,0xee,0xd9,0xee,0xd9,0xee,0xd9,0xee,0xd9,0xee,0xd9,0xee,0xd9,0xee,
    0xd9,0xee,0xd9,0xee,0xd9,0xee,0xd9,0xee,0xd9,0xee,0xd9,0xee,0xd9,0xee,0xd9,0xee,
    0xd9,0xee,0xd9,0xee,0xd9,0xee,0xd9,0xee,0xd9,0xee,0xd9,0xee,0xd9,0xee,0xf9,0xee,
    0xf9,0xee,0xd9,0xee,0xd9,0xee,0xf9,0xee,0xf9,0xee,0xf9,0xee,0xd9,0xee,0xf9,0xee,
    0xf9,0xee,0xd9,0xee,0xf9,0xee,0xf9,0xee,0xdf,0xf7,0xdf,0xf7,0xdf,0xf7,0xdf,0xf7,
    0xdf,0xf7,0xdf,0xf7,0xdf,0xf7,0x9e,0xef,0x7c,0xef,0x3a,0xef,0x39,0xef,0x59,0xef,
    0x39,0xef,0x39,0xef,0x59,0xef,0x39,0xef,0x39,0xef,0x38,0xef,0x38,0xef,0x38,0xef,
    0x39,0xef,0x39,0xef,0x39,0xef,0x59,0xef,0x7b,0xef,0x9d,0xf7,0xbe,0xf7,0xdf,0xf7,
    0xdf,0xf7,0xdf,0xf7,0xdf,0xf7,0xdf,0xf7,0xdf,0xff,0xdf,0xff,0xdf,0xff,0xde,0xff,
    0xbe,0xff,0xbd,0xff,0xbd,0xff,0xbc,0xff,0x9c,0xf7,0x9c,0xf7,0x9c,0xf7,0xbd,0xf7,
    0xbd,0xf7,0x9c,0xf7,0x9c,0xf7,0x9c,0xf7,0x5b,0xf7,0x1a,0xef,0x9d,0xf7,0x9d,0xf7,
    0x9d,0xff,0x9d,0xff,0x9c,0xff,0xd3,0xe5,0x51,0xd5,0x51,0xd5,0x92,0xdd,0x51,0xd5,
    0xac,0x93,0xa8,0x72,0x47,0x62,0x06,0x52,0xe6,0x49,0x06,0x52,0x6b,0x8b,0x6e,0xb4,
    0x0d,0xac,0x6b,0x8b,0x4b,0x83,0x6b,0x8b,0x2a,0x83,0x0a,0x7b,0x8b,0x8b,0xed,0x9b,
    0x0e,0xa4,0xcc,0x93,0x2b,0x83,0xc9,0x72,0x88,0x62,0x27,0x52,0xc6,0x49,0x68,0x62,
    0x8c,0x8b,0xcd,0x9b,0xac,0x93,0xac,0x93,0xcd,0x93,0xcd,0x93,0xcd,0x93,0xac,0x93,
    0xac,0x93,0xac,0x93,0xac,0x93,0xac,0x93,0xac,0x93,0xac,0x93,0xac,0x93,0xac,0x93,
    0x8c,0x8b,0xad,0x93,0xac,0x93,0x2a,0x83,0x8c,0x8b,0xcd,0x93,0xcd,0x9b,0xac,0x93,
    0x4b,0x8b,0xed,0x9b,0x6f,0xb4,0x6e,0xb4,0x6f,0xb4,0x4e,0xac,0x2e,0xa4,0xac,0x93,
    0x6b,0x8b,0x8c,0x8b,0x8c,0x8b,0x8c,0x8b,0x8c,0x8b,0xac,0x93,0xac,0x93,0x8c,0x8b,
    0x2b,0x83,0x4b,0x83,0x6b,0x8b,0x8c,0x8b,0x6b,0x8b,0x6b,0x8b,0x8c,0x8b,0x6b,0x8b,
    0x6b,0x8b,0x8c,0x8b,0x6b,0x8b,0x6b,0x8b,0x6b,0x8b,0x6b,0x83,0xcd,0x9b,0x6b,0x8b,
    0x2e,0xa4,0x90,0xac,0x98,0xde,0x57,0xde,0x77,0xde,0xfa,0xee,0xd9,0xee,0xd9,0xee,
    0xd9,0xee,0xd9,0xee,0xd9,0xee,0xd9,0xee,0xd9,0xee,0xd9,0xee,0xd9,0xee,0xd9,0xee,
    0xd9,0xee,0xd9,0xee,0xd9,0xee,0xd9,0xee,0xd9,0xee,0xd9,0xee,0xd9,0xee,0xd9,0xee,
    0xd9,0xee,0xd9,0xee,0xd9,0xee,0xd9,0xee,0xd9,0xee,0xd9,0xee,0xd9,0xee,0xd9,0xee,
    0xd9,0xee,0xd9,0xee,0xd9,0xee,0xd9,0xee,0xd9,0xee,0xd9,0xee,0xf9,0xee,0xf9,0xee,
    0xf9,0xee,0xf9,0xee,0xf9,0xee,0xf9,0xee,0xd9,0xee,0xf9,0xee,0xfa,0xee,0xfa,0xee,
    0xdf,0xf7,0xdf,0xf7,0xdf,0xf7,0xdf,0xf7,0xdf,0xf7,0xdf,0xf7,0xbe,0xf7,0x7d,0xef,
    0x3a,0xef,0x39,0xef,0x39,0xef,0x39,0xef,0x39,0xef,0x59,0xef,0x59,0xef,0x39,0xef,
    0x39,0xef,0x38,0xef,0x38,0xef,0x38,0xef,0x39,0xef,0x39,0xef,0x39,0xef,0x39,0xef,
    0x5a,0xef,0x7c,0xf7,0x9d,0xf7,0xbf,0xf7,0xdf,0xf7,0xdf,0xf7,0xdf,0xf7,0xdf,0xff,
    0xdf,0xff,0xdf,0xff,0xdf,0xff,0xde,0xff,0xbe,0xff,0xbd,0xff,0xbd,0xff,0xbd,0xff,
    0x9c,0xff,0xbd,0xff,0xbd,0xff,0xde,0xff,0xde,0xff,0xbd,0xff,0xbd,0xff,0xbd,0xf7,
    0x3b,0xef,0x7c,0xf7,0x7d,0xf7,0xbd,0xff,0x9d,0xff,0xbd,0xff,0x97,0xee,0x71,0xdd,
    0x51,0xd5,0x71,0xdd,0xd0,0xbc,0xcc,0x93,0x47,0x62,0x68,0x6a,0xa8,0x72,0xe9,0x7a,
    0x2a,0x83,0x6b,0x8b,0x8b,0x93,0x0d,0xa4,0x0d,0xa4,0x0d,0xa4,0x0d,0xa4,0xed,0x9b,
    0x2e,0xa4,0xed,0x9b,0xcd,0x9b,0xed,0x9b,0x4e,0xa4,0x4e,0xa4,0x4e,0xac,0x4e,0xac,
    0xcc,0x93,0xea,0x72,0x88,0x62,0x07,0x52,0x06,0x52,0x4b,0x83,0xed,0x9b,0xcc,0x93,
    0xcd,0x93,0xcd,0x93,0xad,0x93,0xac,0x93,0xac,0x93,0xac,0x93,0xac,0x93,0xac,0x93,
    0xac,0x93,0xac,0x93,0xac,0x93,0xac,0x93,0xac,0x8b,0x6c,0x8b,0xac,0x93,0xcd,0x9b,
    0x6b,0x8b,0xac,0x93,0xcd,0x9b,0x0e,0xa4,0x2e,0xa4,0x4b,0x83,0x4b,0x83,0xed,0x9b,
    0x2e,0xa4,0x6f,0xb4,0xed,0x9b,0x6b,0x8b,0x8b,0x8b,0x8b,0x8b,0x8c,0x8b,0x8c,0x8b,
    0x8c,0x8b,0x8c,0x8b,0x8c,0x93,0xac,0x93,0x8c,0x8b,0x4b,0x83,0x4b,0x83,0x6b,0x8b,
    0x8c,0x8b,0x6b,0x8b,0x8c,0x8b,0x8c,0x8b,0x4b,0x83,0x6b,0x8b,0x6b,0x8b,0x6b,0x83,
    0x6b,0x8b,0x4b,0x83,0x6b,0x8b,0x8c,0x8b,0x6c,0x8b,0x4f,0xa4,0xd1,0xb4,0x1a,0xef,
    0x37,0xde,0x77,0xde,0xfa,0xee,0xd9,0xe6,0xd9,0xee,0xd9,0xee,0xd9,0xee,0xd9,0xee,
    0xd9,0xee,0xd9,0xee,0xd9,0xee,0xd9,0xee,0xd9,0xee,0xd9,0xee,0xd9,0xee,0xd9,0xee,
    0xd9,0xee,0xd9,0xee,0xd9,0xee,0xd9,0xee,0xd9,0xee,0xd9,0xee,0xd9,0xee,0xd9,0xee,
    0xd9,0xee,0xd9,0xee,0xd9,0xee,0xd9,0xee,0xd9,0xee,0xd9,0xee,0xd9,0xee,0xd9,0xee,
    0xf9,0xee,0xd9,0xee,0xf9,0xee,0xd9,0xee,0xd9,0xee,0xf9,0xee,0xf9,0xee,0xf9,0xee,
    0xd9,0xee,0xd9,0xee,0xf9,0xee,0xfa,0xee,0xdf,0xf7,0xdf,0xf7,0xdf,0xf7,0xdf,0xf7,
    0xdf,0xf7,0xbf,0xf7,0x9d,0xef,0x5b,0xef,0x39,0xef,0x39,0xef,0x39,0xef,0x59,0xef,
    0x5a,0xef,0x5a,0xef,0x59,0xef,0x39,0xef,0x39,0xef,0x39,0xef,0x39,0xef,0x39,0xef,
    0x39,0xef,0x39,0xef,0x39,0xef,0x39,0xef,0x59,0xef,0x7b,0xf7,0x9d,0xf7,0xbe,0xf7,
    0xdf,0xf7,0xdf,0xf7,0xdf,0xf7,0xdf,0xff,0xdf,0xff,0xdf,0xff,0xdf,0xff,0xde,0xff,
    0xbe,0xff,0xbd,0xff,0xbd,0xff,0xbd,0xff,0xbd,0xff,0xbd,0xff,0xde,0xff,0xdf,0xff,
    0xde,0xff,0xde,0xff,0xde,0xff,0x3b,0xef,0x3b,0xf7,0x9d,0xf7,0xbe,0xff,0x9d,0xff,
    0xbd,0xff,0x3b,0xf7,0xb3,0xdd,0x92,0xdd,0xb2,0xdd,0x2d,0xac,0x88,0x6a,0x0a,0x7b,
    0xc9,0x72,0x4b,0x8b,0xed,0x9b,0xec,0x9b,0xcc,0x9b,0x6e,0xb4,0x6f,0xb4,0x4e,0xac,
    0x4e,0xac,0x2e,0xa4,0xac,0x93,0x2b,0x83,0x6b,0x8b,0x0d,0xa4,0x2e,0xa4,0x2e,0xa4,
    0x2e,0xa4,0x0d,0x9c,0xcc,0x93,0xac,0x93,0x8c,0x8b,0x6b,0x8b,0x4b,0x83,0x2a,0x7b,
    0x88,0x62,0xe6,0x49,0xe9,0x72,0xed,0x9b,0xcd,0x93,0xac,0x93,0xac,0x93,0xad,0x93,
    0xac,0x93,0xac,0x93,0xac,0x93,0xac,0x93,0xac,0x93,0xac,0x93,0xac,0x93,0xac,0x93,
    0xac,0x93,0x8c,0x8b,0x6b,0x83,0xcd,0x9b,0x4e,0xac,0x8c,0x93,0xac,0x93,0xac,0x93,
    0xed,0x9b,0x2e,0xac,0x6b,0x8b,0x0a,0x7b,0x6b,0x8b,0xac,0x93,0x0d,0xa4,0xcd,0x9b,
    0x8c,0x8b,0x8b,0x8b,0x8b,0x8b,0x8c,0x8b,0x8c,0x8b,0x8c,0x8b,0x8c,0x8b,0x8c,0x93,
    0xac,0x93,0xac,0x8b,0x6b,0x8b,0x2b,0x83,0x6b,0x8b,0x8c,0x8b,0x6c,0x8b,0x8c,0x8b,
    0x6b,0x8b,0x4b,0x83,0x6b,0x8b,0x6b,0x8b,0x4b,0x83,0x4b,0x83,0x4b,0x83,0x8c,0x8b,
    0x2b,0x83,0xad,0x93,0x6f,0xa4,0x74,0xbd,0x5b,0xff,0xd5,0xcd,0x77,0xde,0xfa,0xee,
    0xd9,0xe6,0xd9,0xee,0xd9,0xee,0xd9,0xee,0xd9,0xee,0xd9,0xee,0xd9,0xee,0xd9,0xee,
    0xd9,0xee,0xd9,0xee,0xd9,0xee,0xd9,0xee,0xd9,0xee,0xd9,0xee,0xd9,0xee,0xd9,0xee,
    0xd9,0xee,0xd9,0xee,0xd9,0xee,0xd9,0xee,0xd9,0xee,0xd9,0xee,0xd9,0xee,0xd9,0xee,
    0xd9,0xee,0xd9,0xee,0xd9,0xee,0xd9,0xee,0xf9,0xee,0xf9,0xee,0xf9,0xee,0xf9,0xee,
    0xf9,0xee,0xfa,0xee,0xf9,0xee,0xf9,0xee,0xfa,0xee,0xf9,0xee,0xfa,0xee,0xfa,0xee,
    0xdf,0xf7,0xdf,0xf7,0xdf,0xf7,0xdf,0xf7,0xdf,0xf7,0xbe,0xf7,0x7c,0xef,0x5a,0xef,
    0x39,0xef,0x59,0xef,0x5a,0xef,0x5a,0xef,0x5a,0xef,0x5a,0xef,0x5a,0xef,0x5a,0xef,
    0x7b,0xef,0x5b,0xef,0x5a,0xef,0x39,0xef,0x39,0xef,0x39,0xef,0x39,0xef,0x39,0xef,
    0x59,0xef,0x7b,0xef,0x9d,0xf7,0xbe,0xf7,0xdf,0xf7,0xdf,0xf7,0xdf,0xff,0xdf,0xff,
    0xdf,0xff,0xdf,0xff,0xdf,0xff,0xde,0xff,0xbe,0xff,0xbd,0xff,0xbc,0xff,0xbd,0xff,
    0xbd,0xff,0xde,0xff,0xdf,0xff,0xdf,0xff,0xdf,0xff,0xff,0xff,0x9d,0xf7,0x1b,0xf7,
    0x9d,0xff,0xbe,0xff,0x9d,0xff,0x9d,0xff,0x9d,0xff,0x15,0xe6,0x72,0xdd,0xd3,0xe5,
    0x6e,0xac,0x67,0x6a,0xa8,0x72,0x6b,0x8b,0x2d,0xa4,0x2d,0xac,0x6b,0x8b,0x8c,0x8b,
    0x6f,0xb4,0x4e,0xac,0xcc,0x9b,0x2e,0xac,0x2e,0xa4,0x0e,0xa4,0x0d,0xa4,0x0d,0xa4,
    0x8b,0x8b,0x2a,0x83,0x0d,0xa4,0x0d,0xa4,0x2e,0xa4,0x4e,0xac,0x0d,0x9c,0x8b,0x8b,
    0x2a,0x83,0x0a,0x7b,0x4b,0x83,0x4b,0x83,0x4b,0x83,0xea,0x72,0x27,0x5a,0xc9,0x72,
    0xed,0x9b,0xcd,0x93,0xac,0x93,0xac,0x93,0xad,0x93,0xac,0x93,0xac,0x93,0xac,0x8b,
    0xac,0x93,0xac,0x8b,0xac,0x8b,0xac,0x93,0xac,0x93,0x8c,0x8b,0x8c,0x8b,0x4b,0x83,
    0x2e,0xa4,0x2e,0xac,0x6b,0x8b,0xac,0x93,0x0e,0xa4,0x0d,0xa4,0x2e,0xac,0xed,0x9b,
    0x8c,0x8b,0xac,0x93,0x6b,0x8b,0x4b,0x8b,0x6b,0x8b,0x6b,0x8b,0x6b,0x8b,0x6b,0x8b,
    0x8c,0x93,0x8c,0x8b,0x8c,0x93,0xac,0x8b,0xac,0x93,0xac,0x93,0xac,0x8b,0x6b,0x8b,
    0x4b,0x83,0x4b,0x83,0x8c,0x8b,0x8c,0x8b,0x8c,0x8b,0x4b,0x83,0x2a,0x83,0x4b,0x83,
    0x6b,0x8b,0x4b,0x83,0x4b,0x83,0x4b,0x83,0x6b,0x83,0x2b,0x7b,0x0e,0x9c,0x4f,0xa4,
    0x16,0xd6,0x5b,0xf7,0xf5,0xd5,0xb8,0xe6,0xf9,0xee,0xd9,0xe6,0xd9,0xee,0xd9,0xee,
    0xd9,0xee,0xd9,0xe6,0xd9,0xee,0xd9,0xee,0xd9,0xee,0xd9,0xee,0xd9,0xee,0xd9,0xee,
    0xd9,0xee,0xd9,0xee,0xd9,0xee,0xd9,0xee,0xd9,0xee,0xd9,0xee,0xd9,0xee,0xd9,0xee,
    0xd9,0xee,0xd9,0xee,0xd9,0xee,0xd9,0xee,0xd9,0xee,0xd9,0xee,0xd9,0xee,0xf9,0xee,
    0xf9,0xee,0xd9,0xee,0xf9,0xee,0xf9,0xee,0xf9,0xee,0xf9,0xee,0xfa,0xee,0xf9,0xee,
    0xfa,0xee,0xfa,0xee,0xfa,0xee,0xfa,0xee,0xdf,0xf7,0xdf,0xf7,0xdf,0xf7,0xdf,0xf7,
    0xbf,0xf7,0x9d,0xef,0x5b,0xef,0x39,0xef,0x59,0xef,0x5a,0xef,0x5a,0xef,0x5a,0xef,
    0x5a,0xef,0x59,0xef,0x5a,0xef,0x7c,0xf7,0x9d,0xf7,0x9d,0xf7,0x7c,0xf7,0x5a,0xef,
    0x39,0xef,0x39,0xef,0x39,0xef,0x59,0xef,0x59,0xef,0x7a,0xef,0x9d,0xf7,0xbe,0xf7,
    0xdf,0xff,0xdf,0xff,0xdf,0xff,0xdf,0xff,0xdf,0xff,0xdf,0xff,0xdf,0xff,0xdf,0xff,
    0xbe,0xf7,0xbd,0xff,0x9d,0xff,0xbd,0xff,0xbe,0xff,0xde,0xff,0xdf,0xff,0xdf,0xff,
    0xdf,0xff,0xdf,0xff,0x1a,0xef,0x9d,0xff,0xbe,0xff,0x9d,0xff,0x9c,0xff,0xbd,0xff,
    0xf9,0xf6,0x72,0xdd,0xd3,0xe5,0xd0,0xc4,0x88,0x72,0xa8,0x72,0xac,0x9b,0xaf,0xbc,
    0xed,0xa3,0x6b,0x8b,0xed,0xa3,0x11,0xc5,0x6e,0xb4,0x8c,0x93,0xed,0xa3,0xed,0x9b,
    0xed,0x9b,0x0d,0xa4,0x0d,0xa4,0x4e,0xac,0x8f,0xb4,0xac,0x93,0x6b,0x83,0x2e,0xac,
    0x0d,0xa4,0xac,0x93,0xac,0x93,0xcc,0x93,0xac,0x93,0x4a,0x83,0xe9,0x7a,0x2a,0x83,
    0x8c,0x8b,0x8c,0x8b,0x2b,0x83,0x68,0x62,0xa9,0x6a,0xed,0x9b,0xcd,0x93,0x8c,0x8b,
    0xac,0x93,0xac,0x93,0xac,0x93,0x8c,0x8b,0xac,0x8b,0xac,0x8b,0x8c,0x8b,0xac,0x93,
    0xac,0x8b,0x8c,0x8b,0x8c,0x8b,0xac,0x93,0x6b,0x8b,0x4e,0xac,0xed,0x9b,0x4b,0x83,
    0x2e,0xa4,0x2e,0xa4,0x4e,0xac,0xed,0x9b,0xcc,0x93,0xac,0x93,0xac,0x93,0x4b,0x83,
    0x2a,0x83,0x4b,0x83,0x4b,0x83,0x4b,0x8b,0x8b,0x8b,0xac,0x93,0xac,0x93,0xac,0x93,
    0xac,0x93,0xac,0x93,0xac,0x93,0xac,0x8b,0x4b,0x83,0x0a,0x7b,0x4b,0x83,0x8c,0x8b,
    0x8b,0x8b,0x6b,0x8b,0x2b,0x83,0x2a,0x7b,0x6b,0x8b,0x6b,0x8b,0x4b,0x83,0x4b,0x83,
    0x6b,0x83,0x2b,0x7b,0x4b,0x83,0x2e,0x9c,0x70,0xa4,0xd9,0xee,0xfa,0xee,0xf5,0xcd,
    0xb9,0xe6,0xd9,0xee,0xd9,0xe6,0xd9,0xee,0xd9,0xe6,0xd9,0xee,0xd9,0xee,0xd9,0xe6,
    0xd9,0xee,0xd9,0xee,0xd9,0xee,0xd9,0xee,0xd9,0xee,0xd9,0xee,0xd9,0xee,0xd9,0xee,
    0xd9,0xee,0xd9,0xee,0xd9,0xee,0xd9,0xee,0xd9,0xee,0xd9,0xee,0xd9,0xee,0xd9,0xee,
    0xd9,0xee,0xd9,0xee,0xd9,0xee,0xd9,0xee,0xd9,0xee,0xd9,0xee,0xf9,0xee,0xf9,0xee,
    0xf9,0xee,0xf9,0xee,0xfa,0xee,0xfa,0xee,0xfa,0xee,0xfa,0xee,0xfa,0xee,0xfa,0xee,
    0xdf,0xf7,0xdf,0xf7,0xdf,0xf7,0xdf,0xf7,0xbe,0xf7,0x7d,0xef,0x5a,0xef,0x39,0xef,
    0x39,0xef,0x59,0xef,0x5a,0xef,0x5a,0xef,0x5a,0xef,0x59,0xef,0x5a,0xef,0x9d,0xf7,
    0xbe,0xf7,0xbe,0xf7,0x9d,0xf7,0x7b,0xef,0x59,0xef,0x59,0xef,0x59,0xef,0x59,0xef,
    0x59,0xef,0x7b,0xf7,0x9d,0xf7,0xdf,0xf7,0xdf,0xff,0xdf,0xff,0xdf,0xff,0xdf,0xff,
    0xdf,0xff,0xdf,0xff,0xdf,0xff,0xdf,0xff,0xde,0xff,0xbe,0xff,0xbd,0xff,0xbd,0xff,
    0xbe,0xff,0xdf,0xff,0xdf,0xff,0xdf,0xff,0xff,0xff,0x5c,0xf7,0x5c,0xf7,0xdf,0xff,
    0x9d,0xff,0x9d,0xff,0x9d,0xff,0x9c,0xff,0x15,0xe6,0xb2,0xe5,0x72,0xd5,0x09,0x83,
    0xe9,0x7a,0x2d,0xac,0x31,0xcd,0xcc,0x9b,0x2a,0x83,0x0d,0xa4,0x51,0xd5,0xf0,0xc4,
    0xcc,0x9b,0x2d,0xac,0xed,0x9b,0xcd,0x9b,0xed,0x9b,0x2e,0xa4,0x4e,0xac,0x6e,0xac,
    0x8f,0xb4,0xb0,0xb4,0x4b,0x83,0x4b,0x8b,0xed,0x9b,0x8c,0x8b,0x8c,0x8b,0x8c,0x8b,
    0x8c,0x8b,0xac,0x93,0x8b,0x8b,0x2a,0x83,0x6b,0x8b,0xac,0x8b,0xac,0x8b,0x8c,0x8b,
    0xa9,0x6a,0x88,0x6a,0xed,0x9b,0xac,0x93,0x8c,0x8b,0xac,0x8b,0xac,0x93,0xac,0x8b,
    0x8c,0x8b,0x8c,0x8b,0x8c,0x8b,0x8c,0x8b,0x8c,0x8b,0xac,0x8b,0x8b,0x8b,0xed,0x9b,
    0xcd,0x93,0xac,0x93,0x6f,0xb4,0xac,0x93,0x6b,0x8b,0x4f,0xac,0x0e,0xa4,0xac,0x93,
    0xac,0x93,0x8c,0x8b,0x4b,0x83,0xac,0x93,0x6b,0x8b,0x4b,0x83,0x4b,0x83,0x6b,0x8b,
    0x6b,0x8b,0x6b,0x8b,0xac,0x8b,0xac,0x93,0xac,0x93,0xac,0x93,0x8c,0x8b,0xac,0x93,
    0x8c,0x8b,0x2b,0x83,0xea,0x72,0x0a,0x7b,0x6b,0x8b,0x6b,0x8b,0x4b,0x83,0x2b,0x7b,
    0x4b,0x83,0x8c,0x8b,0x6b,0x83,0x4b,0x83,0x4b,0x83,0x4b,0x83,0x0b,0x7b,0x8c,0x8b,
    0x0e,0x9c,0x32,0xb5,0x3b,0xf7,0xb8,0xe6,0xf5,0xcd,0xd9,0xee,0xd9,0xee,0xd9,0xe6,
    0xd9,0xee,0xd9,0xee,0xd9,0xee,0xd9,0xee,0xd9,0xee,0xd9,0xee,0xd9,0xee,0xd9,0xee,
    0xd9,0xee,0xd9,0xee,0xd9,0xee,0xd9,0xee,0xd9,0xee,0xd9,0xee,0xd9,0xee,0xd9,0xee,
    0xd9,0xee,0xd9,0xee,0xd9,0xee,0xd9,0xee,0xd9,0xee,0xd9,0xee,0xd9,0xee,0xd9,0xee,
    0xf9,0xee,0xd9,0xee,0xf9,0xee,0xfa,0xee,0xfa,0xee,0xfa,0xee,0xfa,0xee,0xfa,0xee,
    0xfa,0xee,0xfa,0xee,0x1a,0xef,0x1a,0xef,0xdf,0xf7,0xdf,0xf7,0xdf,0xf7,0xdf,0xf7,
    0x9e,0xef,0x7c,0xef,0x5a,0xef,0x39,0xef,0x59,0xef,0x59,0xef,0x59,0xef,0x59,0xef,
    0x5a,0xef,0x59,0xef,0x5a,0xef,0x9d,0xf7,0xdf,0xf7,0xdf,0xf7,0xbe,0xf7,0x9d,0xf7,
    0x7b,0xef,0x5a,0xef,0x59,0xef,0x59,0xef,0x5a,0xef,0x7c,0xf7,0xbe,0xf7,0xdf,0xf7,
    0xdf,0xff,0xdf,0xff,0xdf,0xff,0xdf,0xff,0xdf,0xff,0xdf,0xff,0xdf,0xff,0xdf,0xff,
    0xdf,0xff,0xde,0xff,0xbe,0xf7,0xbe,0xf7,0xde,0xff,0xdf,0xff,0xdf,0xff,0xff,0xff,
    0x7d,0xf7,0x3b,0xf7,0xdf,0xff,0xbe,0xff,0x9d,0xff,0x9d,0xff,0xbd,0xff,0x1a,0xf7,
    0xb3,0xe5,0xf3,0xe5,0xac,0x9b,0x6b,0x8b,0x6e,0xb4,0xd4,0xdd,0x2e,0xac,0xe9,0x7a,
    0xac,0x9b,0x31,0xd5,0x31,0xcd,0x8f,0xb4,0x4e,0xac,0x6e,0xb4,0x4e,0xac,0x0d,0xa4,
    0x4e,0xac,0x6f,0xb4,0x6e,0xac,0x0e,0xa4,0x6f,0xac,0x8f,0xb4,0x4e,0xac,0xea,0x72,
    0x8b,0x8b,0x8c,0x8b,0x8c,0x8b,0x8c,0x8b,0x8c,0x8b,0x8b,0x8b,0x8c,0x8b,0x8c,0x8b,
    0x8b,0x8b,0x8c,0x8b,0x8c,0x8b,0xac,0x93,0xac,0x93,0xc9,0x72,0x88,0x6a,0xed,0x9b,
    0xac,0x93,0xac,0x8b,0x8c,0x8b,0x8c,0x8b,0x8c,0x8b,0x8c,0x8b,0x8c,0x8b,0x8c,0x8b,
    0x8c,0x8b,0x8c,0x8b,0xac,0x8b,0x8c,0x8b,0x4e,0xac,0xcd,0x93,0x0e,0xa4,0x6f,0xb4,
    0x8c,0x8b,0xac,0x93,0x0d,0xa4,0x8c,0x8b,0x8c,0x8b,0xac,0x93,0x6b,0x8b,0x2a,0x83,
    0xac,0x93,0xac,0x93,0x8c,0x8b,0x8c,0x8b,0x8c,0x8b,0x6b,0x8b,0x6b,0x8b,0x8c,0x8b,
    0xac,0x93,0xac,0x93,0x8c,0x8b,0xac,0x8b,0x8c,0x8b,0x6b,0x83,0x4b,0x83,0xc9,0x72,
    0xe9,0x72,0x8c,0x8b,0x6b,0x8b,0x2b,0x7b,0x2a,0x7b,0x8c,0x8b,0x8c,0x8b,0x4b,0x83,
    0x2b,0x7b,0x2b,0x7b,0x4b,0x83,0x2b,0x7b,0xcd,0x93,0xee,0x93,0x16,0xd6,0x1a,0xef,
    0x57,0xde,0x16,0xd6,0xfa,0xee,0xd9,0xe6,0xd9,0xe6,0xd9,0xee,0xd9,0xee,0xd9,0xee,
    0xd9,0xe6,0xd9,0xee,0xd9,0xee,0xd9,0xee,0xd9,0xee,0xd9,0xee,0xd9,0xee,0xd9,0xee,
    0xd9,0xee,0xd9,0xee,0xd9,0xe6,0xd9,0xee,0xd9,0xee,0xd9,0xee,0xd9,0xee,0xd9,0xee,
    0xd9,0xee,0xd9,0xee,0xd9,0xee,0xf9,0xee,0xfa,0xee,0xfa,0xee,0xfa,0xee,0xfa,0xee,
    0xfa,0xee,0xfa,0xee,0xfa,0xee,0x1a,0xef,0x1a,0xef,0xfa,0xee,0x1a,0xef,0x1a,0xef,
    0xdf,0xf7,0xdf,0xf7,0xdf,0xf7,0xbf,0xf7,0x9e,0xef,0x7b,0xef,0x39,0xef,0x39,0xef,
    0x39,0xef,0x39,0xef,0x39,0xef,0x59,0xef,0x59,0xef,0x39,0xef,0x5b,0xef,0x9e,0xf7,
    0xdf,0xf7,0xdf,0xff,0xdf,0xf7,0xbe,0xf7,0x9d,0xf7,0x7c,0xf7,0x7b,0xf7,0x5a,0xef,
    0x5a,0xef,0x7c,0xf7,0xbe,0xf7,0xdf,0xff,0xdf,0xff,0xdf,0xff,0xdf,0xff,0xdf,0xff,
    0xdf,0xff,0xdf,0xff,0xdf,0xff,0xdf,0xff,0xdf,0xff,0xde,0xff,0xbe,0xff,0xbe,0xf7,
    0xbe,0xff,0xdf,0xff,0xdf,0xff,0xdf,0xff,0x3b,0xf7,0x9d,0xf7,0xdf,0xff,0x9d,0xff,
    0x9d,0xff,0x9d,0xff,0x9d,0xff,0x77,0xee,0x55,0xee,0x0d,0xa4,0x4a,0x83,0xaf,0xbc,
    0xd4,0xdd,0x32,0xc5,0x0a,0x83,0x6b,0x8b,0x31,0xd5,0x10,0xcd,0xd0,0xc4,0x4e,0xac,
    0x6f,0xb4,0x6f,0xb4,0x6f,0xb4,0x6f,0xb4,0x6f,0xb4,0x6e,0xac,0x6e,0xb4,0x0d,0xa4,
    0xac,0x93,0x2e,0xa4,0x4e,0xac,0xac,0x93,0x2a,0x7b,0x8c,0x8b,0x8c,0x8b,0x8c,0x8b,
    0x8c,0x8b,0x8c,0x8b,0x8c,0x8b,0x8c,0x8b,0xac,0x93,0xac,0x93,0x8c,0x8b,0x8c,0x8b,
    0xac,0x8b,0xac,0x93,0xe9,0x72,0xa8,0x6a,0xcd,0x93,0xac,0x93,0xac,0x8b,0x8c,0x8b,
    0x8c,0x8b,0x8c,0x8b,0x8c,0x8b,0x8c,0x8b,0x8c,0x8b,0x8c,0x8b,0x8c,0x8b,0xac,0x8b,
    0x0e,0xa4,0x6f,0xac,0xcd,0x9b,0x4e,0xac,0x4e,0xac,0x6b,0x8b,0xac,0x93,0x8c,0x8b,
    0x6b,0x8b,0x8b,0x8b,0x8c,0x8b,0x6b,0x8b,0x4b,0x83,0xac,0x93,0xac,0x93,0xac,0x93,
    0xac,0x93,0x8c,0x8b,0x8c,0x8b,0x6b,0x8b,0x6b,0x8b,0x8c,0x8b,0xac,0x8b,0x8c,0x8b,
    0x8c,0x8b,0x6b,0x8b,0x4b,0x83,0x2b,0x83,0xc9,0x6a,0xe9,0x72,0x4b,0x83,0x2b,0x7b,
    0x0a,0x7b,0x6b,0x8b,0x8c,0x8b,0x6b,0x83,0x4b,0x83,0x0a,0x73,0x0a,0x7b,0x2b,0x7b,
    0x2b,0x7b,0xee,0x93,0x4f,0x9c,0xd9,0xee,0xd9,0xee,0x37,0xd6,0x77,0xde,0xfa,0xee,
    0xd9,0xe6,0xd9,0xe6,0xd9,0xe6,0xd9,0xe6,0xd9,0xe6,0xd9,0xee,0xd9,0xee,0xd9,0xe6,
    0xd9,0xee,0xd9,0xee,0xd9,0xee,0xd9,0xee,0xd9,0xee,0xd9,0xee,0xd9,0xee,0xd9,0xee,
    0xd9,0xee,0xd9,0xee,0xd9,0xee,0xd9,0xee,0xd9,0xee,0xd9,0xee,0xd9,0xee,0xf9,0xee,
    0xfa,0xee,0xfa,0xee,0xfa,0xee,0xfa,0xee,0xfa,0xee,0xfa,0xee,0xfa,0xee,0x1a,0xef,
    0x1a,0xef,0x1a,0xef,0x1a,0xef,0x1a,0xef,0xdf,0xf7,0xdf,0xf7,0xdf,0xf7,0xbf,0xf7,
    0x9d,0xef,0x5b,0xef,0x39,0xef,0x39,0xef,0x39,0xef,0x39,0xef,0x39,0xef,0x39,0xef,
    0x39,0xef,0x39,0xef,0x7b,0xef,0x9e,0xf7,0xdf,0xf7,0xdf,0xff,0xdf,0xff,0xdf,0xf7,
    0xbe,0xf7,0xbe,0xf7,0x9d,0xf7,0x7c,0xf7,0x7b,0xf7,0x7c,0xf7,0xbe,0xf7,0xdf,0xff,
    0xdf,0xff,0xdf,0xff,0xdf,0xff,0xdf,0xff,0xdf,0xff,0xdf,0xff,0xdf,0xff,0xdf,0xff,
    0xdf,0xff,0xdf,0xff,0xde,0xff,0xbe,0xf7,0xbe,0xf7,0xde,0xf7,0xff,0xff,0x5c,0xf7,
    0x1b,0xef,0xdf,0xff,0xbe,0xff,0x9d,0xff,0x9d,0xff,0x9d,0xff,0x5b,0xf7,0xb7,0xf6,
    0xf0,0xc4,0x2a,0x83,0x8f,0xbc,0x72,0xd5,0x77,0xe6,0xac,0x9b,0x2a,0x8b,0xf0,0xc4,
    0xf0,0xcc,0x6e,0xb4,0x2d,0xac,0x4e,0xac,0x8f,0xb4,0x8f,0xb4,0x8f,0xb4,0x6f,0xb4,
    0x6f,0xb4,0x6f,0xb4,0x0d,0xa4,0xed,0xa3,0x8c,0x8b,0x8c,0x8b,0xed,0x9b,0xcd,0x9b,
    0x4b,0x83,0x4b,0x83,0xac,0x93,0x8c,0x8b,0x8c,0x8b,0x8c,0x8b,0xac,0x8b,0xac,0x93,
    0xac,0x93,0xac,0x93,0xac,0x93,0x8c,0x8b,0x8c,0x8b,0x8c,0x8b,0xac,0x93,0xe9,0x72,
    0xa9,0x6a,0xcd,0x93,0xac,0x93,0xcd,0x93,0xac,0x93,0x6b,0x8b,0x6c,0x8b,0x8c,0x8b,
    0x6b,0x8b,0x6b,0x8b,0x8b,0x8b,0x8c,0x8b,0x4e,0xa4,0x6f,0xac,0x4e,0xa4,0x0d,0x9c,
    0x6f,0xac,0x0e,0xa4,0x4b,0x83,0xed,0x9b,0xcd,0x9b,0x6b,0x8b,0x8c,0x8b,0xac,0x93,
    0x6b,0x8b,0x4b,0x83,0xac,0x93,0xac,0x93,0xac,0x93,0xac,0x93,0xac,0x93,0x8c,0x8b,
    0x4b,0x83,0x2a,0x83,0x6b,0x8b,0x6c,0x8b,0x4b,0x83,0x4b,0x83,0x6b,0x8b,0x6b,0x83,
    0x4b,0x83,0xc9,0x6a,0xa9,0x6a,0x0a,0x7b,0xe9,0x72,0x2a,0x83,0x8c,0x8b,0x4b,0x83,
    0x4b,0x83,0x0a,0x7b,0xa9,0x6a,0x0b,0x7b,0x0a,0x73,0x8c,0x8b,0xcd,0x93,0x12,0xb5,
    0xfa,0xee,0xb9,0xe6,0xd5,0xcd,0xb9,0xe6,0xd9,0xee,0xd9,0xe6,0xd9,0xe6,0xd9,0xe6,
    0xd9,0xe6,0xb9,0xe6,0xd9,0xe6,0xd9,0xe6,0xd9,0xe6,0xd9,0xee,0xd9,0xee,0xd9,0xee,
    0xd9,0xee,0xd9,0xee,0xd9,0xee,0xd9,0xee,0xd9,0xee,0xd9,0xee,0xd9,0xee,0xd9,0xee,
    0xd9,0xee,0xd9,0xee,0xd9,0xee,0xd9,0xee,0xf9,0xee,0xfa,0xee,0xfa,0xee,0xfa,0xee,
    0xfa,0xee,0xfa,0xee,0x1a,0xef,0x1a,0xef,0x1a,0xef,0x1a,0xef,0x1a,0xef,0x3a,0xef,
    0xdf,0xf7,0xdf,0xf7,0xdf,0xf7,0xbe,0xf7,0x9d,0xef,0x7b,0xef,0x5a,0xef,0x5a,0xef,
    0x39,0xef,0x39,0xef,0x39,0xef,0x39,0xef,0x39,0xef,0x5a,0xef,0x7c,0xf7,0xbe,0xf7,
    0xdf,0xf7,0xdf,0xff,0xdf,0xff,0xdf,0xff,0xdf,0xff,0xdf,0xf7,0xbf,0xf7,0x9d,0xf7,
    0x7c,0xf7,0x9d,0xf7,0xbe,0xf7,0xdf,0xff,0xdf,0xff,0xdf,0xff,0xdf,0xff,0xdf,0xff,
    0xdf,0xff,0xdf,0xff,0xdf,0xff,0xdf,0xff,0xdf,0xff,0xdf,0xff,0xdf,0xff,0xde,0xff,
    0xbe,0xff,0xdf,0xff,0xbe,0xf7,0x58,0xde,0x9e,0xf7,0xdf,0xff,0x9d,0xff,0x9d,0xff,
    0x9d,0xff,0x9c,0xff,0x3a,0xff,0xd4,0xdd,0x6a,0x93,0x6e,0xbc,0xf0,0xcc,0xd8,0xf6,
    0x72,0xcd,0x09,0x83,0x8e,0xbc,0x30,0xd5,0xaf,0xbc,0x2d,0xac,0x2d,0xa4,0x6e,0xb4,
    0x2e,0xa4,0x4e,0xac,0x6f,0xb4,0x6f,0xb4,0x6f,0xb4,0x4e,0xac,0xac,0x93,0xcd,0x9b,
    0xac,0x93,0x6b,0x8b,0xac,0x93,0xcc,0x93,0x6b,0x8b,0x4b,0x83,0x8b,0x8b,0xac,0x93,
    0x8c,0x8b,0xac,0x93,0xac,0x93,0xac,0x93,0xac,0x93,0xac,0x93,0xac,0x93,0xac,0x93,
    0x4b,0x83,0x6b,0x8b,0x8c,0x8b,0xac,0x93,0xea,0x72,0xc9,0x72,0xcd,0x9b,0xac,0x93,
    0x0e,0x9c,0xac,0x93,0x6b,0x8b,0x6b,0x8b,0x8c,0x8b,0x6b,0x83,0x4b,0x83,0xcd,0x93,
    0x4e,0xac,0x4e,0xac,0x4e,0xac,0x0e,0xa4,0xed,0x9b,0xed,0x9b,0xac,0x93,0x2b,0x83,
    0xed,0x9b,0xed,0x9b,0xac,0x93,0x8c,0x8b,0x6b,0x8b,0x4b,0x83,0x8c,0x8b,0xac,0x93,
    0x8c,0x93,0x8c,0x8b,0x8c,0x8b,0xac,0x8b,0x8c,0x8b,0x6b,0x8b,0x0a,0x7b,0x2a,0x7b,
    0x6b,0x83,0x6b,0x83,0x6b,0x8b,0x6c,0x8b,0x4b,0x83,0x2a,0x7b,0x88,0x6a,0xa9,0x6a,
    0xea,0x72,0xea,0x7a,0x6b,0x8b,0x4b,0x83,0x4b,0x83,0x2b,0x7b,0x88,0x62,0xc9,0x6a,
    0x2b,0x7b,0x2b,0x7b,0xad,0x8b,0xee,0x93,0x78,0xde,0x1a,0xef,0x57,0xde,0xf6,0xcd,
    0xfa,0xee,0xb9,0xe6,0xb9,0xe6,0xd9,0xe6,0xfa,0xee,0x1a,0xef,0xfa,0xee,0xfa,0xee,
    0xf9,0xee,0xd9,0xee,0xd9,0xee,0xd9,0xee,0xd9,0xee,0xd9,0xee,0xd9,0xee,0xd9,0xee,
    0xd9,0xee,0xd9,0xee,0xd9,0xee,0xd9,0xee,0xd9,0xee,0xd9,0xee,0xd9,0xee,0xf9,0xee,
    0xfa,0xee,0xfa,0xee,0xfa,0xee,0xfa,0xee,0xfa,0xee,0x1a,0xef,0x1a,0xef,0x1a,0xef,
    0x1a,0xef,0x3b,0xef,0x3b,0xef,0x3b,0xef,0xdf,0xf7,0xdf,0xf7,0xdf,0xf7,0xbe,0xf7,
    0x9d,0xf7,0x7c,0xef,0x7c,0xef,0x7b,0xef,0x5a,0xef,0x39,0xef,0x39,0xef,0x39,0xef,
    0x5a,0xef,0x7c,0xef,0x9e,0xf7,0xbf,0xf7,0xdf,0xff,0xdf,0xff,0xdf,0xff,0xdf,0xff,
    0xdf,0xff,0xdf,0xff,0xdf,0xf7,0xbe,0xf7,0x9d,0xf7,0x9d,0xf7,0xbe,0xf7,0xdf,0xff,
    0xdf,0xff,0xdf,0xff,0xdf,0xff,0xdf,0xff,0xdf,0xff,0xdf,0xff,0xdf,0xff,0xdf,0xff,
    0xdf,0xff,0xdf,0xff,0xdf,0xff,0xdf,0xff,0xde,0xff,0xff,0xff,0xb9,0xe6,0x3c,0xef,
    0xff,0xff,0xbd,0xff,0x9d,0xff,0x9d,0xff,0x9d,0xff,0x7c,0xff,0xd8,0xf6,0x4e,0xb4,
    0x4e,0xb4,0xf0,0xcc,0x35,0xe6,0x19,0xff,0xac,0x93,0xcc,0xa3,0x51,0xd5,0xf0,0xcc,
    0x8f,0xbc,0x4e,0xb4,0xed,0x9b,0x0d,0xa4,0xcc,0x9b,0xed,0x9b,0xcd,0x9b,0x4e,0xac,
    0x4e,0xac,0xcc,0x93,0x8c,0x93,0xcd,0x9b,0xac,0x93,0x8b,0x8b,0x8c,0x8b,0xac,0x93,
    0x4b,0x83,0x2b,0x83,0x6b,0x8b,0x8c,0x8b,0xac,0x93,0xac,0x93,0xac,0x93,0xac,0x93,
    0xac,0x93,0xac,0x93,0xac,0x93,0xac,0x93,0x8c,0x8b,0x2b,0x83,0x6b,0x83,0x8c,0x8b,
    0xac,0x93,0x0a,0x73,0xea,0x72,0xcd,0x9b,0xac,0x93,0x0e,0xa4,0xcd,0x9b,0xac,0x93,
    0x6b,0x8b,0x8c,0x8b,0xed,0x9b,0x4e,0xa4,0x4e,0xac,0x4e,0xac,0x2e,0xa4,0x2e,0xa4,
    0xad,0x93,0x8c,0x8b,0xed,0x9b,0x4b,0x83,0x4b,0x83,0xac,0x93,0xcd,0x9b,0xac,0x93,
    0x8c,0x8b,0x6b,0x8b,0x6b,0x8b,0x8c,0x8b,0x8c,0x8b,0x8c,0x93,0x8c,0x8b,0x8c,0x8b,
    0xac,0x93,0x8c,0x8b,0x4b,0x83,0xea,0x7a,0xea,0x72,0x4b,0x83,0x6b,0x8b,0x6b,0x83,
    0x6c,0x8b,0x0a,0x7b,0xea,0x7a,0x68,0x62,0x88,0x62,0x68,0x62,0x2b,0x83,0x4b,0x83,
    0x2b,0x7b,0x2b,0x83,0x88,0x62,0x47,0x5a,0x2b,0x7b,0x2b,0x7b,0xea,0x72,0x6c,0x83,
    0x53,0xbd,0xfa,0xee,0xfa,0xee,0xf6,0xcd,0x98,0xe6,0xf9,0xee,0xf9,0xee,0xd9,0xe6,
    0x57,0xd6,0xd5,0xc5,0xb4,0xc5,0xf6,0xcd,0x37,0xd6,0x98,0xe6,0xd9,0xee,0xd9,0xee,
    0xd9,0xee,0xd9,0xee,0xd9,0xee,0xd9,0xee,0xd9,0xee,0xd9,0xee,0xd9,0xee,0xd9,0xee,
    0xd9,0xee,0xd9,0xee,0xf9,0xee,0xfa,0xee,0xfa,0xee,0xfa,0xee,0xfa,0xee,0x1a,0xef,
    0x1a,0xef,0x1a,0xef,0x1a,0xef,0x1a,0xef,0x3b,0xef,0x3b,0xf7,0x3b,0xf7,0x3b,0xf7,
    0xdf,0xf7,0xdf,0xf7,0xbf,0xf7,0xbe,0xf7,0xbe,0xf7,0xbe,0xf7,0x9d,0xf7,0x7d,0xef,
    0x5a,0xef,0x39,0xef,0x39,0xef,0x5a,0xef,0x7c,0xef,0x9d,0xf7,0xbe,0xf7,0xdf,0xf7,
    0xdf,0xff,0xdf,0xff,0xdf,0xff,0xdf,0xff,0xdf,0xff,0xdf,0xff,0xdf,0xff,0xbe,0xf7,
    0xbe,0xf7,0x9d,0xf7,0x9d,0xf7,0xbe,0xf7,0xde,0xf7,0xde,0xff,0xde,0xff,0xdf,0xff,
    0xdf,0xff,0xdf,0xff,0xdf,0xff,0xdf,0xff,0xdf,0xff,0xdf,0xff,0xdf,0xff,0xdf,0xff,
    0xff,0xff,0x5c,0xf7,0xba,0xe6,0xff,0xff,0xbe,0xff,0x9d,0xff,0x9d,0xff,0x9d,0xff,
    0x9d,0xff,0x9c,0xff,0x72,0xd5,0x4e,0xb4,0x10,0xd5,0xd4,0xdd,0x5a,0xff,0x93,0xcd,
    0x2a,0x83,0xf0,0xc4,0x30,0xcd,0xf0,0xcc,0x4e,0xb4,0x2e,0xa4,0xac,0x93,0xed,0x9b,
    0xac,0x93,0xac,0x93,0xac,0x93,0xed,0xa3,0xcc,0x9b,0xac,0x93,0xac,0x93,0xac,0x93,
    0xac,0x93,0x8c,0x8b,0x6c,0x8b,0xac,0x93,0x8c,0x8b,0xea,0x7a,0x8c,0x8b,0x6b,0x8b,
    0xac,0x93,0xac,0x93,0xac,0x93,0xac,0x93,0xac,0x93,0xac,0x93,0xac,0x93,0xac,0x93,
    0xac,0x93,0x8c,0x8b,0x2a,0x7b,0x6b,0x83,0xac,0x8b,0xac,0x8b,0xea,0x72,0xea,0x7a,
    0xac,0x93,0x0e,0x9c,0xed,0x9b,0x0e,0xa4,0x4e,0xac,0x4e,0xac,0x4f,0xac,0x4e,0xac,
    0x4e,0xa4,0x2e,0xa4,0x4e,0xac,0xcd,0x93,0x0d,0x9c,0x8c,0x8b,0x8c,0x93,0xcd,0x93,
    0xc9,0x72,0x6b,0x8b,0x8c,0x8b,0xac,0x93,0xed,0x9b,0xed,0x9b,0xac,0x8b,0x4b,0x83,
    0x6b,0x8b,0x8c,0x8b,0x8c,0x8b,0x8c,0x8b,0x8c,0x8b,0xac,0x93,0xac,0x93,0x8b,0x8b,
    0xea,0x7a,0xe9,0x72,0x0a,0x7b,0x6b,0x83,0x8c,0x8b,0x4b,0x83,0x0a,0x7b,0xe9,0x72,
    0x27,0x52,0x07,0x52,0xc9,0x72,0x2b,0x7b,0x2a,0x7b,0x2b,0x7b,0xea,0x72,0x07,0x52,
    0x2b,0x7b,0x4b,0x7b,0x0b,0x73,0xa9,0x6a,0xee,0x93,0x16,0xce,0x1b,0xf7,0x98,0xde,
    0x36,0xd6,0xb9,0xe6,0xf5,0xc5,0x93,0xbd,0x72,0xb5,0x73,0xb5,0xd4,0xc5,0x77,0xde,
    0x77,0xde,0xb4,0xc5,0xfa,0xee,0xd9,0xee,0xd9,0xe6,0xd9,0xee,0xd9,0xee,0xd9,0xee,
    0xd9,0xee,0xd9,0xe6,0xd9,0xee,0xd9,0xee,0xd9,0xee,0xd9,0xee,0xf9,0xee,0xfa,0xee,
    0xfa,0xee,0xfa,0xee,0xfa,0xee,0x1a,0xef,0x1a,0xef,0x1a,0xef,0x3b,0xef,0x7c,0xf7,
    0x5c,0xf7,0x3b,0xf7,0x5b,0xf7,0x5c,0xf7,0xdf,0xf7,0xdf,0xf7,0xbf,0xf7,0xbe,0xf7,
    0xbe,0xf7,0xbf,0xf7,0xbe,0xf7,0x9e,0xf7,0x7b,0xef,0x39,0xef,0x5a,0xef,0x7c,0xef,
    0x9d,0xf7,0xbe,0xf7,0xdf,0xf7,0xdf,0xf7,0xdf,0xf7,0xdf,0xff,0xdf,0xff,0xdf,0xff,
    0xdf,0xff,0xdf,0xff,0xdf,0xf7,0xbe,0xf7,0xbd,0xf7,0x9c,0xf7,0x9c,0xf7,0xbd,0xf7,
    0xbd,0xf7,0xbe,0xf7,0xbe,0xf7,0xbe,0xf7,0xbe,0xf7,0xde,0xff,0xdf,0xff,0xdf,0xff,
    0xdf,0xff,0xdf,0xff,0xdf,0xff,0xdf,0xff,0xbe,0xff,0xb9,0xe6,0x9e,0xf7,0xdf,0xff,
    0xbd,0xff,0x9d,0xff,0x9d,0xff,0x7c,0xff,0xbd,0xff,0xb8,0xee,0x2d,0xac,0xf0,0xcc,
    0xb3,0xdd,0xf9,0xfe,0x19,0xff,0x2e,0xa4,0xec,0xa3,0x31,0xd5,0xd0,0xc4,0xcf,0xc4,
    0x4e,0xac,0x0d,0xa4,0xac,0x93,0xcc,0x9b,0x8c,0x93,0xac,0x93,0xac,0x93,0xac,0x93,
    0xac,0x93,0xac,0x93,0xac,0x93,0xac,0x93,0x8c,0x8b,0xac,0x93,0x8c,0x8b,0xac,0x93,
    0xac,0x93,0xea,0x72,0x8c,0x8b,0x6c,0x8b,0xac,0x8b,0xac,0x93,0xac,0x93,0xac,0x93,
    0xac,0x93,0xac,0x93,0xac,0x93,0xac,0x93,0xac,0x93,0xcd,0x93,0xac,0x8b,0x4b,0x83,
    0x8c,0x8b,0x8c,0x8b,0x8c,0x8b,0xc9,0x72,0x0a,0x7b,0xac,0x93,0x4e,0xac,0xcd,0x93,
    0x6f,0xac,0x6f,0xac,0x4e,0xac,0x4e,0xac,0x4e,0xac,0x4e,0xac,0x6f,0xac,0xed,0x9b,
    0xac,0x93,0xed,0x9b,0x6c,0x8b,0xac,0x93,0x2b,0x7b,0x27,0x5a,0x2b,0x83,0x8c,0x8b,
    0x8c,0x8b,0xac,0x93,0xcd,0x9b,0x2a,0x7b,0x6b,0x8b,0x8b,0x8b,0x8c,0x8b,0x8c,0x8b,
    0x8c,0x8b,0x8c,0x8b,0xac,0x93,0xac,0x93,0x6b,0x8b,0xea,0x7a,0xe9,0x72,0xc9,0x72,
    0x2b,0x83,0x8c,0x8b,0x4b,0x83,0xea,0x72,0x68,0x62,0xc6,0x49,0x68,0x62,0x2a,0x7b,
    0x2a,0x7b,0x4b,0x83,0x4b,0x83,0x48,0x5a,0x0b,0x7b,0x8c,0x8b,0x6c,0x83,0x2b,0x7b,
    0x8c,0x83,0x70,0x9c,0xf9,0xee,0x98,0xe6,0x53,0xb5,0x93,0xb5,0xf5,0xc5,0x56,0xce,
    0x56,0xce,0x15,0xce,0xf4,0xc5,0xd4,0xbd,0xd3,0xbd,0x31,0xad,0xb8,0xde,0xd9,0xee,
    0xd9,0xe6,0xd9,0xee,0xd9,0xee,0xd9,0xee,0xd9,0xee,0xd9,0xee,0xd9,0xee,0xd9,0xee,
    0xd9,0xee,0xd9,0xee,0xf9,0xee,0xfa,0xee,0xfa,0xee,0x1a,0xef,0x1a,0xef,0x1a,0xef,
    0x1a,0xef,0x3b,0xef,0xf9,0xee,0x90,0xd5,0xd8,0xee,0x7d,0xf7,0x5b,0xf7,0x7c,0xf7,
    0xdf,0xf7,0xdf,0xf7,0xbf,0xf7,0xbf,0xf7,0xdf,0xf7,0xdf,0xf7,0xdf,0xf7,0xbe,0xf7,
    0x7c,0xef,0x5a,0xef,0x7c,0xef,0x9e,0xf7,0xbe,0xf7,0xdf,0xf7,0xdf,0xff,0xdf,0xff,
    0xdf,0xff,0xdf,0xff,0xdf,0xff,0xdf,0xff,0xdf,0xff,0xdf,0xf7,0xbe,0xf7,0xbe,0xf7,
    0x9c,0xf7,0x9c,0xf7,0x9c,0xf7,0x9c,0xf7,0x9c,0xf7,0x9c,0xf7,0x9c,0xf7,0x9d,0xf7,
    0xbd,0xf7,0xde,0xff,0xde,0xff,0xdf,0xff,0xdf,0xff,0xdf,0xff,0xdf,0xff,0xff,0xff,
    0x3b,0xef,0x3b,0xef,0xff,0xff,0xbe,0xff,0xbd,0xff,0x9d,0xff,0x9c,0xff,0x9c,0xff,
    0x9c,0xff,0x31,0xcd,0xf0,0xc4,0xf4,0xe5,0xd8,0xf6,0x5a,0xff,0x56,0xe6,0x8b,0x93,
    0xd0,0xc4,0x30,0xcd,0xaf,0xbc,0x8f,0xbc,0x4e,0xac,0xac,0x93,0xcc,0x93,0xcc,0x93,
    0xac,0x93,0xac,0x93,0xac,0x93,0xac,0x93,0xac,0x93,0xac,0x93,0xac,0x93,0xac,0x93,
    0xac,0x8b,0xac,0x93,0x8c,0x8b,0xac,0x93,0xcc,0x93,0x0a,0x7b,0x4b,0x83,0xac,0x93,
    0x8c,0x8b,0xac,0x93,0xac,0x93,0xac,0x93,0xac,0x8b,0xac,0x93,0xac,0x93,0xac,0x93,
    0xac,0x93,0xac,0x93,0xad,0x93,0xac,0x93,0x4b,0x83,0x8c,0x8b,0xcd,0x93,0x8c,0x8b,
    0xa9,0x6a,0x2b,0x83,0x4e,0xa4,0x2e,0xa4,0xcd,0x9b,0x4e,0xac,0x4e,0xac,0x2e,0xa4,
    0xed,0x9b,0x0d,0x9c,0x0e,0xa4,0x0e,0x9c,0xac,0x93,0xcd,0x93,0xac,0x8b,0x6b,0x83,
    0xac,0x93,0xc9,0x72,0x88,0x6a,0xc9,0x72,0x4b,0x83,0x6b,0x83,0x4b,0x83,0x6b,0x8b,
    0x4b,0x83,0x8b,0x8b,0x6b,0x8b,0x8c,0x8b,0x8c,0x8b,0x8c,0x8b,0xac,0x8b,0xac,0x93,
    0xac,0x93,0x6b,0x8b,0xea,0x72,0xc9,0x72,0x88,0x6a,0xc9,0x72,0x2a,0x7b,0xa9,0x6a,
    0xe9,0x72,0x07,0x52,0x06,0x52,0xea,0x72,0xea,0x72,0x0a,0x7b,0x6b,0x83,0x48,0x5a,
    0x89,0x62,0x6c,0x83,0x6c,0x7b,0x8c,0x83,0x6c,0x83,0xcd,0x8b,0xd1,0xa4,0x53,0xb5,
    0xb4,0xbd,0x35,0xce,0x14,0xc6,0xb3,0xbd,0x92,0xb5,0x92,0xb5,0x92,0xb5,0xb2,0xbd,
    0x71,0xad,0xcf,0x9c,0x15,0xce,0xfa,0xee,0xb9,0xe6,0xd9,0xe6,0xd9,0xee,0xd9,0xee,
    0xd9,0xee,0xd9,0xee,0xd9,0xee,0xd9,0xee,0xd9,0xee,0xd9,0xee,0xfa,0xee,0xfa,0xee,
    0xfa,0xee,0x1a,0xef,0x1a,0xef,0x1a,0xef,0x1a,0xef,0x3b,0xef,0xf9,0xee,0xcb,0xcc,
    0xcc,0xcc,0xf9,0xee,0x7c,0xf7,0x5c,0xf7,0xdf,0xf7,0xdf,0xf7,0xdf,0xf7,0xbf,0xf7,
    0xdf,0xf7,0xdf,0xf7,0xdf,0xf7,0xbe,0xf7,0x9d,0xf7,0x7c,0xef,0x9d,0xf7,0xbf,0xf7,
    0xdf,0xf7,0xdf,0xf7,0xdf,0xf7,0xdf,0xff,0xdf,0xff,0xdf,0xff,0xdf,0xff,0xdf,0xff,
    0xdf,0xff,0xdf,0xff,0xbe,0xf7,0x9d,0xf7,0x7b,0xf7,0x7b,0xf7,0x9c,0xf7,0x9b,0xf7,
    0x9c,0xf7,0x9c,0xf7,0x9c,0xf7,0x9c,0xf7,0xbd,0xf7,0xde,0xff,0xde,0xff,0xdf,0xff,
    0xdf,0xff,0xdf,0xff,0xdf,0xff,0xde,0xff,0x3b,0xf7,0xde,0xff,0xde,0xff,0xbe,0xff,
    0xbe,0xff,0x9d,0xff,0x7c,0xff,0xbd,0xff,0x97,0xee,0x6e,0xbc,0x56,0xee,0xb8,0xf6,
    0x3a,0xff,0x7b,0xff,0x12,0xc5,0xab,0x9b,0x71,0xd5,0xcf,0xc4,0xaf,0xbc,0x6e,0xb4,
    0x2e,0xac,0xac,0x93,0xcc,0x9b,0xcc,0x9b,0xac,0x93,0xac,0x93,0xac,0x93,0xac,0x93,
    0xac,0x93,0xac,0x93,0xac,0x93,0xac,0x93,0xac,0x8b,0x8c,0x8b,0xac,0x8b,0xac,0x93,
    0xcd,0x9b,0x4b,0x83,0x4b,0x83,0xcd,0x93,0x6b,0x8b,0x8c,0x8b,0xac,0x93,0xac,0x8b,
    0xac,0x8b,0xac,0x93,0xac,0x8b,0xac,0x93,0xac,0x93,0xac,0x93,0xac,0x93,0xac,0x93,
    0x8c,0x8b,0x4b,0x83,0xad,0x93,0xed,0x9b,0x8c,0x8b,0x89,0x6a,0x0e,0x9c,0x90,0xb4,
    0xad,0x93,0x0d,0xa4,0x4e,0xac,0xad,0x93,0x8c,0x8b,0xac,0x8b,0xac,0x8b,0x8c,0x8b,
    0xac,0x93,0xac,0x8b,0xac,0x93,0x8c,0x8b,0x8c,0x8b,0x6b,0x8b,0x0a,0x7b,0xc9,0x72,
    0xa9,0x6a,0x0a,0x7b,0x6b,0x8b,0x6b,0x8b,0x6b,0x8b,0x2a,0x7b,0x2a,0x83,0xea,0x7a,
    0x6b,0x83,0x8c,0x8b,0x8c,0x8b,0x8c,0x8b,0x8c,0x8b,0xac,0x93,0x2b,0x83,0xc9,0x72,
    0xa9,0x6a,0xa9,0x6a,0x88,0x62,0xa9,0x6a,0x88,0x62,0xe9,0x72,0x64,0x39,0xa9,0x6a,
    0xc9,0x6a,0xea,0x72,0x0a,0x7b,0xd0,0xac,0xcc,0x93,0xf0,0xb4,0x6c,0x83,0x6c,0x83,
    0x0a,0x73,0x6c,0x7b,0x12,0xad,0x15,0xce,0xf4,0xc5,0x92,0xb5,0x71,0xb5,0x92,0xb5,
    0xb3,0xbd,0xb3,0xbd,0xd3,0xbd,0xd3,0xbd,0x51,0xad,0xef,0x9c,0x93,0xbd,0xfa,0xee,
    0xb9,0xe6,0xd9,0xee,0xd9,0xee,0xd9,0xee,0xd9,0xee,0xd9,0xee,0xd9,0xee,0xd9,0xee,
    0xd9,0xee,0xf9,0xee,0xfa,0xee,0xfa,0xee,0xfa,0xee,0x1a,0xef,0x1a,0xef,0x1a,0xef,
    0x3b,0xef,0x3b,0xef,0x7c,0xf7,0xf9,0xee,0xcc,0xcc,0x8b,0xcc,0xd9,0xee,0x7c,0xf7,
    0xdf,0xf7,0xdf,0xf7,0xdf,0xf7,0xdf,0xf7,0xdf,0xf7,0xdf,0xf7,0xdf,0xf7,0xdf,0xf7,
    0xbe,0xf7,0x9e,0xf7,0xbe,0xf7,0xdf,0xf7,0xdf,0xf7,0xdf,0xf7,0xdf,0xff,0xdf,0xf7,
    0xdf,0xff,0xdf,0xff,0xdf,0xff,0xdf,0xff,0xdf,0xff,0xdf,0xff,0xbe,0xf7,0x9c,0xf7,
    0x7b,0xf7,0x7b,0xf7,0x7b,0xf7,0x9b,0xf7,0x9c,0xf7,0x9c,0xf7,0x9c,0xf7,0xbd,0xf7,
    0xbd,0xff,0xde,0xff,0xde,0xff,0xdf,0xff,0xdf,0xff,0xdf,0xff,0xff,0xff,0x5c,0xf7,
    0x5c,0xf7,0xff,0xff,0xbe,0xff,0xbe,0xff,0xbe,0xff,0x9d,0xff,0x9d,0xff,0xbd,0xff,
    0xf0,0xcc,0x72,0xd5,0xf9,0xf6,0x3a,0xff,0x3a,0xff,0x1a,0xf7,0xcd,0x9b,0x6e,0xb4,
    0x72,0xdd,0xaf,0xbc,0xef,0xc4,0x8f,0xbc,0x2e,0xa4,0xac,0x93,0xed,0x9b,0xed,0x9b,
    0xcd,0x9b,0xac,0x93,0xac,0x93,0xac,0x93,0xac,0x93,0xac,0x93,0xac,0x93,0xac,0x93,
    0xac,0x93,0xac,0x93,0xcd,0x93,0xac,0x93,0xcd,0x9b,0x6b,0x8b,0x0a,0x7b,0xac,0x93,
    0x8c,0x8b,0x6b,0x83,0x8c,0x8b,0x8c,0x8b,0xac,0x8b,0xac,0x8b,0xac,0x8b,0xac,0x8b,
    0xac,0x93,0xac,0x8b,0xac,0x93,0xac,0x8b,0xcd,0x93,0x6c,0x83,0x4b,0x83,0x2e,0xa4,
    0x4f,0xac,0x2b,0x7b,0xea,0x72,0x90,0xb4,0x2e,0xa4,0x8c,0x93,0x4e,0xac,0xac,0x8b,
    0xac,0x8b,0xac,0x8b,0xac,0x8b,0xac,0x8b,0xac,0x8b,0x6b,0x8b,0x8c,0x8b,0xac,0x8b,
    0x8c,0x8b,0x8c,0x8b,0x2a,0x7b,0x2a,0x7b,0x0a,0x7b,0xea,0x72,0xea,0x72,0x4b,0x83,
    0x6b,0x8b,0x4b,0x83,0x4b,0x83,0x2b,0x83,0xe9,0x72,0xea,0x7a,0x2a,0x7b,0x4b,0x83,
    0x6b,0x8b,0x8c,0x8b,0x8c,0x8b,0x4b,0x83,0xa9,0x6a,0x88,0x62,0xa8,0x6a,0x88,0x62,
    0x68,0x62,0xe9,0x72,0x47,0x5a,0x88,0x62,0xe9,0x72,0xa8,0x6a,0x2e,0x9c,0x95,0xee,
    0xad,0xc4,0xf2,0xe5,0x8f,0xac,0x0a,0x73,0x0d,0x94,0x11,0xb5,0x15,0xc6,0x31,0xad,
    0xef,0xa4,0x30,0xad,0x92,0xb5,0x92,0xb5,0xb2,0xbd,0xb3,0xbd,0xb3,0xbd,0xb3,0xbd,
    0x10,0xa5,0xcf,0x9c,0xf0,0xa4,0xb9,0xe6,0xd9,0xe6,0xd9,0xe6,0xd9,0xe6,0xd9,0xee,
    0xd9,0xee,0xd9,0xee,0xd9,0xee,0xd9,0xee,0xd9,0xee,0xf9,0xee,0xfa,0xee,0xfa,0xee,
    0xfa,0xee,0x1a,0xef,0x1a,0xef,0x3a,0xef,0x3b,0xef,0x3b,0xef,0x5b,0xf7,0x9d,0xf7,
    0xd8,0xee,0x2e,0xcd,0xf9,0xee,0x9d,0xff,0xdf,0xf7,0xdf,0xf7,0xdf,0xf7,0xdf,0xf7,
    0xdf,0xf7,0xdf,0xf7,0xdf,0xf7,0xdf,0xf7,0xbf,0xf7,0xbf,0xf7,0xbf,0xf7,0xdf,0xf7,
    0xdf,0xf7,0xdf,0xf7,0xdf,0xf7,0xdf,0xf7,0xdf,0xf7,0xdf,0xff,0xdf,0xff,0xdf,0xff,
    0xdf,0xff,0xdf,0xff,0xde,0xf7,0x9d,0xf7,0x7b,0xf7,0x7b,0xf7,0x7b,0xf7,0x9b,0xf7,
    0x9c,0xf7,0x9c,0xf7,0x9c,0xf7,0xbd,0xff,0xbe,0xff,0xde,0xff,0xde,0xff,0xdf,0xff,
    0xdf,0xff,0xdf,0xff,0x9e,0xf7,0x5c,0xf7,0xdf,0xff,0xde,0xff,0xbe,0xff,0xde,0xff,
    0xbe,0xff,0x9d,0xff,0xde,0xff,0xd9,0xee,0xcf,0xc4,0x1a,0xf7,0x1a,0xf7,0x3a,0xff,
    0x5b,0xff,0x15,0xde,0x4a,0x93,0x31,0xcd,0x51,0xd5,0xf0,0xcc,0x31,0xcd,0xb0,0xbc,
    0x4e,0xac,0xed,0x9b,0x0d,0xa4,0xcd,0x9b,0xed,0x9b,0xac,0x93,0xac,0x93,0xcc,0x93,
    0xac,0x93,0xac,0x93,0xac,0x93,0xac,0x93,0xcd,0x9b,0xac,0x93,0xcd,0x9b,0xac,0x93,
    0xcd,0x93,0x6b,0x8b,0xea,0x72,0x8c,0x8b,0xac,0x93,0x6b,0x8b,0x8c,0x8b,0x8c,0x8b,
    0xac,0x8b,0xac,0x8b,0xac,0x8b,0x8c,0x8b,0x8c,0x8b,0x8c,0x8b,0x8c,0x8b,0x8c,0x8b,
    0xac,0x93,0x0e,0x9c,0x2a,0x7b,0x8c,0x8b,0x6f,0xac,0x6f,0xac,0xc9,0x72,0x4b,0x83,
    0x6f,0xb4,0x8c,0x8b,0xcd,0x9b,0xcd,0x93,0xac,0x8b,0xac,0x8b,0xac,0x8b,0x8c,0x8b,
    0x8c,0x8b,0x8c,0x8b,0x6b,0x83,0x6b,0x8b,0x8c,0x8b,0x8c,0x8b,0x6c,0x8b,0xea,0x7a,
    0x8c,0x8b,0x8c,0x8b,0x4b,0x83,0x0a,0x7b,0x0a,0x7b,0x4b,0x83,0x4b,0x83,0x6b,0x8b,
    0xe9,0x72,0x0a,0x7b,0xa9,0x6a,0xa9,0x6a,0xc9,0x72,0x0a,0x7b,0x4b,0x83,0x6b,0x8b,
    0x4b,0x83,0xa8,0x6a,0x47,0x5a,0x68,0x62,0x68,0x62,0x47,0x62,0xa9,0x6a,0xc9,0x6a,
    0xc9,0x72,0x88,0x6a,0xab,0x8b,0x4f,0xd5,0x4c,0xac,0x4d,0xac,0xad,0xbc,0xf1,0xb4,
    0xb6,0xf6,0x71,0xc5,0xaf,0x9c,0xcf,0x9c,0xae,0x94,0xae,0x9c,0x71,0xad,0x92,0xb5,
    0xb3,0xbd,0xf4,0xc5,0x15,0xce,0x15,0xce,0xd3,0xc5,0xd3,0xbd,0x52,0xb5,0x78,0xde,
    0xd9,0xee,0xd9,0xe6,0xd9,0xe6,0xd9,0xee,0xd9,0xe6,0xd9,0xe6,0xd9,0xee,0xd9,0xee,
    0xd9,0xee,0xf9,0xee,0xfa,0xee,0xfa,0xee,0xfa,0xee,0x1a,0xef,0x1a,0xef,0x3b,0xef,
    0x3b,0xef,0x5b,0xf7,0x5c,0xf7,0x5c,0xf7,0x9d,0xf7,0x9d,0xf7,0xbe,0xff,0xbd,0xff,
    0xdf,0xf7,0xdf,0xf7,0xdf,0xf7,0xdf,0xf7,0xdf,0xf7,0xdf,0xf7,0xdf,0xf7,0xdf,0xf7,
    0xdf,0xf7,0xdf,0xf7,0xdf,0xf7,0xdf,0xf7,0xdf,0xf7,0xdf,0xf7,0xdf,0xf7,0xdf,0xf7,
    0xdf,0xf7,0xdf,0xff,0xdf,0xff,0xdf,0xff,0xdf,0xff,0xdf,0xff,0xbe,0xf7,0x9d,0xf7,
    0x7b,0xf7,0x7b,0xf7,0x7b,0xf7,0x9b,0xf7,0x9c,0xf7,0x9c,0xf7,0xbc,0xf7,0xbd,0xff,
    0xde,0xff,0xde,0xff,0xde,0xff,0xdf,0xff,0xdf,0xff,0xdf,0xff,0x5c,0xf7,0xbe,0xff,
    0xde,0xff,0xbe,0xff,0xbe,0xff,0xbe,0xff,0xbe,0xff,0x9d,0xff,0xff,0xff,0x31,0xcd,
    0x36,0xe6,0x5b,0xff,0x1a,0xff,0x1a,0xff,0x7b,0xff,0xd0,0xbc,0xcc,0xa3,0x92,0xdd,
    0x31,0xd5,0x51,0xd5,0x10,0xcd,0xaf,0xbc,0x2e,0xac,0xed,0x9b,0x0d,0xa4,0xed,0x9b,
    0xed,0x9b,0xcd,0x9b,0xac,0x93,0xac,0x93,0xac,0x93,0xcd,0x93,0xcd,0x93,0xcd,0x9b,
    0xed,0x9b,0xac,0x93,0xcd,0x93,0xac,0x93,0xac,0x93,0x8b,0x8b,0xea,0x72,0x8b,0x8b,
    0xac,0x93,0x8c,0x8b,0x8c,0x8b,0x8c,0x8b,0xac,0x8b,0xac,0x93,0xac,0x93,0xac,0x8b,
    0x8c,0x8b,0x8c,0x8b,0x8c,0x8b,0x8c,0x8b,0xcd,0x93,0x6f,0xac,0x2e,0xa4,0x2a,0x7b,
    0xac,0x93,0x8f,0xb4,0x0e,0x9c,0x47,0x5a,0xed,0x9b,0xcd,0x9b,0x8b,0x8b,0x0d,0x9c,
    0xac,0x93,0xac,0x8b,0xac,0x8b,0x8c,0x8b,0x8c,0x8b,0x8c,0x8b,0x8c,0x8b,0x4b,0x83,
    0x4b,0x83,0x8c,0x8b,0xac,0x8b,0x2b,0x83,0x2a,0x83,0x8c,0x93,0x8c,0x93,0x8c,0x8b,
    0x6b,0x83,0x2a,0x7b,0xea,0x7a,0x0a,0x7b,0x0a,0x7b,0xc9,0x72,0x2a,0x83,0x2a,0x7b,
    0xc9,0x72,0xa9,0x6a,0xe9,0x72,0xc9,0x72,0xa9,0x72,0xea,0x72,0x68,0x5a,0x68,0x5a,
    0x0a,0x73,0xc9,0x6a,0x27,0x5a,0x47,0x5a,0x68,0x62,0x68,0x62,0x47,0x62,0xcd,0xbc,
    0x0d,0x94,0x6f,0x94,0x8d,0xb4,0x91,0xd5,0x0e,0xcd,0xef,0xbc,0x6e,0x94,0xaf,0x9c,
    0xef,0x9c,0xef,0x9c,0xb3,0xbd,0x36,0xce,0x77,0xd6,0xb8,0xe6,0xb8,0xe6,0xb8,0xe6,
    0x97,0xe6,0x76,0xde,0x15,0xce,0x97,0xde,0xd9,0xee,0xb9,0xe6,0xd9,0xe6,0xd9,0xe6,
    0xd9,0xee,0xd9,0xee,0xd9,0xee,0xd9,0xee,0xd9,0xee,0xf9,0xee,0xfa,0xee,0xfa,0xee,
    0xfa,0xee,0x1a,0xef,0x1a,0xef,0x3b,0xef,0x3b,0xef,0x5b,0xf7,0x5c,0xf7,0x7c,0xf7,
    0x7c,0xf7,0x7c,0xf7,0xbd,0xf7,0xf3,0xdd,0xdf,0xf7,0xdf,0xf7,0xdf,0xf7,0xdf,0xf7,
    0xdf,0xf7,0xdf,0xf7,0xdf,0xf7,0xdf,0xf7,0xdf,0xf7,0xdf,0xf7,0xdf,0xf7,0xdf,0xf7,
    0xbf,0xf7,0xbf,0xf7,0xbe,0xf7,0xbf,0xf7,0xdf,0xf7,0xdf,0xf7,0xdf,0xf7,0xdf,0xff,
    0xdf,0xff,0xdf,0xff,0xde,0xf7,0xbd,0xf7,0x7b,0xf7,0x7b,0xf7,0x7b,0xf7,0x9b,0xf7,
    0x9c,0xf7,0x9c,0xf7,0x9c,0xf7,0xbd,0xf7,0xbe,0xff,0xde,0xff,0xdf,0xff,0xdf,0xff,
    0xff,0xff,0x7d,0xf7,0x9d,0xf7,0xbe,0xff,0xde,0xff,0xbd,0xff,0xbe,0xff,0xbe,0xff,
    0xbe,0xff,0xde,0xff,0x3b,0xef,0xf0,0xc4,0x5b,0xf7,0x1a,0xf7,0x3a,0xff,0x1a,0xff,
    0x3a,0xff,0xcc,0x9b,0xaf,0xbc,0x92,0xdd,0x31,0xd5,0x51,0xd5,0xf0,0xc4,0x8f,0xb4,
    0x2e,0xa4,0xed,0xa3,0x0d,0xa4,0xed,0x9b,0xed,0x9b,0xed,0x9b,0xcd,0x9b,0xac,0x93,
    0xed,0x9b,0xed,0x9b,0xed,0x9b,0xed,0x9b,0xed,0x9b,0xac,0x93,0xcd,0x93,0xac,0x93,
    0xac,0x93,0x8c,0x8b,0xea,0x7a,0x8b,0x8b,0xac,0x93,0x8c,0x8b,0x6b,0x83,0xad,0x93,
    0x8c,0x8b,0xad,0x93,0xac,0x93,0xac,0x8b,0xac,0x8b,0x8c,0x8b,0xac,0x8b,0x8c,0x8b,
    0xcd,0x93,0x4f,0xac,0x90,0xac,0x2e,0xa4,0x0a,0x7b,0xac,0x93,0x8f,0xb4,0x4b,0x83,
    0xa9,0x6a,0x0d,0x9c,0x6b,0x8b,0xcd,0x9b,0xcd,0x93,0x8c,0x8b,0x8c,0x8b,0x8c,0x8b,
    0x8c,0x8b,0x8c,0x8b,0x8c,0x8b,0x6c,0x8b,0x4b,0x83,0x6c,0x8b,0x6c,0x8b,0xac,0x8b,
    0x0a,0x7b,0x8c,0x8b,0x8c,0x8b,0xcd,0x9b,0xcd,0x93,0x6c,0x8b,0x4b,0x83,0xc9,0x72,
    0x0a,0x7b,0x68,0x62,0x47,0x62,0xc9,0x72,0x0a,0x7b,0xa8,0x6a,0x27,0x5a,0xea,0x72,
    0x4e,0x94,0x31,0xb5,0xb3,0xbd,0xb3,0xbd,0xb3,0xbd,0xb3,0xbd,0x31,0xad,0xaf,0xa4,
    0xed,0x8b,0x2a,0x73,0x2a,0x73,0xcb,0x93,0xcd,0x83,0xeb,0x52,0x6b,0x7b,0x8d,0xbc,
    0x8c,0xbc,0xae,0xbc,0x31,0xb5,0xd3,0xc5,0xf0,0xa4,0xf4,0xc5,0xb8,0xe6,0xb8,0xde,
    0xd8,0xe6,0xd9,0xe6,0xb8,0xe6,0x97,0xde,0x76,0xde,0x55,0xd6,0xf3,0xc5,0xd4,0xc5,
    0xb9,0xe6,0xd9,0xe6,0xd9,0xe6,0xd9,0xe6,0xd9,0xe6,0xd9,0xee,0xd9,0xee,0xd9,0xee,
    0xd9,0xee,0xf9,0xee,0xfa,0xee,0xfa,0xee,0x1a,0xef,0x1a,0xef,0x3a,0xef,0x3b,0xef,
    0x3b,0xf7,0x5b,0xf7,0x5c,0xf7,0x7c,0xf7,0x7c,0xf7,0xbe,0xff,0x55,0xe6,0xab,0xcc,
    0xdf,0xf7,0xdf,0xf7,0xdf,0xf7,0xdf,0xf7,0xdf,0xf7,0xdf,0xf7,0xdf,0xf7,0xdf,0xf7,
    0xdf,0xf7,0xbf,0xf7,0xbf,0xf7,0xbe,0xf7,0xbe,0xf7,0xbe,0xf7,0xbe,0xf7,0xbe,0xf7,
    0xbe,0xf7,0xbe,0xf7,0xde,0xf7,0xdf,0xf7,0xdf,0xff,0xdf,0xf7,0xbe,0xf7,0x9d,0xf7,
    0x9b,0xf7,0x7b,0xf7,0x7b,0xf7,0x9b,0xf7,0x9b,0xf7,0x9c,0xf7,0x9c,0xf7,0x9c,0xf7,
    0xbd,0xff,0xde,0xff,0xde,0xff,0xdf,0xff,0x9d,0xf7,0x7d,0xf7,0x3b,0xef,0x9d,0xff,
    0xde,0xff,0xbd,0xff,0xbe,0xff,0xbe,0xff,0xbd,0xff,0xff,0xff,0xd4,0xd5,0xf5,0xdd,
    0x9c,0xff,0x1a,0xff,0x3a,0xff,0x7b,0xff,0x98,0xe6,0xcc,0xa3,0xf4,0xe5,0xb3,0xdd,
    0x31,0xd5,0x71,0xd5,0xaf,0xbc,0x6e,0xb4,0x2e,0xac,0x0d,0xa4,0x0d,0xa4,0x0d,0xa4,
    0x0d,0xa4,0xed,0x9b,0xed,0x9b,0xed,0x9b,0xed,0x9b,0xed,0x9b,0xed,0x9b,0xed,0x9b,
    0xed,0x9b,0xac,0x93,0xac,0x93,0xac,0x93,0xac,0x93,0xac,0x8b,0x0a,0x7b,0x8c,0x8b,
    0xac,0x93,0xac,0x93,0x2b,0x83,0x6c,0x8b,0xac,0x93,0xac,0x8b,0xcd,0x93,0xac,0x8b,
    0x8c,0x8b,0x8c,0x8b,0x8c,0x8b,0x6b,0x8b,0xed,0x9b,0x4f,0xa4,0x4f,0xac,0x4f,0xa4,
    0xac,0x93,0xa9,0x6a,0xac,0x93,0x2e,0xa4,0xc9,0x72,0x4b,0x83,0xcd,0x93,0x8c,0x8b,
    0xcd,0x93,0x8c,0x8b,0x8c,0x8b,0x8c,0x8b,0x8c,0x8b,0x8c,0x8b,0x8c,0x8b,0x8c,0x8b,
    0x6b,0x83,0x4b,0x83,0x6b,0x8b,0x8c,0x8b,0x6b,0x8b,0x0a,0x7b,0x8c,0x8b,0xac,0x8b,
    0x8c,0x8b,0x8c,0x8b,0x8c,0x8b,0x8c,0x8b,0x4b,0x83,0x2a,0x7b,0xa9,0x6a,0x27,0x5a,
    0xe6,0x51,0x2b,0x73,0x32,0xb5,0x15,0xce,0x55,0xd6,0x35,0xd6,0x56,0xd6,0x36,0xd6,
    0xf4,0xc5,0xf4,0xc5,0xb3,0xbd,0xb2,0xbd,0xb2,0xbd,0xf4,0xcd,0x91,0xd5,0x4c,0xb4,
    0x8b,0x8b,0xea,0x62,0x4e,0x94,0x2d,0x9c,0x2b,0xac,0x71,0xc5,0xb2,0xd5,0x55,0xee,
    0xf4,0xcd,0x77,0xd6,0x15,0xce,0xf4,0xc5,0x14,0xce,0x76,0xde,0x76,0xd6,0x76,0xd6,
    0x76,0xd6,0x76,0xd6,0x76,0xd6,0xf4,0xc5,0x57,0xde,0xd9,0xee,0xb9,0xe6,0xd9,0xe6,
    0xd9,0xee,0xd9,0xee,0xd9,0xee,0xd9,0xee,0xd9,0xee,0xf9,0xee,0xfa,0xee,0xfa,0xee,
    0x1a,0xef,0x1a,0xef,0x3b,0xef,0x3b,0xef,0x3b,0xef,0x5b,0xf7,0x5c,0xf7,0x7c,0xf7,
    0x9d,0xf7,0x7c,0xf7,0xec,0xd4,0xec,0xd4,0xdf,0xf7,0xdf,0xf7,0xdf,0xf7,0xdf,0xf7,
    0xdf,0xf7,0xdf,0xf7,0xdf,0xf7,0xdf,0xf7,0xdf,0xf7,0xdf,0xf7,0xbe,0xf7,0xbe,0xf7,
    0xbd,0xf7,0xbd,0xf7,0xbd,0xf7,0xbd,0xf7,0xbd,0xf7,0xbd,0xf7,0xbe,0xf7,0xbe,0xf7,
    0xbe,0xf7,0xbe,0xf7,0x9d,0xf7,0x9c,0xf7,0x7b,0xf7,0x7b,0xf7,0x9b,0xf7,0x9b,0xf7,
    0x9b,0xf7,0x9b,0xf7,0x9b,0xf7,0x9c,0xf7,0x9d,0xf7,0xbd,0xff,0xbd,0xff,0xbe,0xff,
    0x5c,0xf7,0x9d,0xf7,0x1b,0xef,0xdf,0xff,0xbe,0xff,0xbe,0xff,0xbe,0xff,0xbe,0xff,
    0xde,0xff,0x9d,0xff,0x11,0xcd,0x1a,0xf7,0x7c,0xff,0x3a,0xff,0x3a,0xf7,0x7c,0xff,
    0xb4,0xcd,0x4e,0xb4,0x76,0xee,0xb3,0xdd,0x31,0xd5,0x71,0xd5,0x6e,0xb4,0x6e,0xb4,
    0x2e,0xac,0x0d,0xa4,0x0d,0xa4,0x0d,0xa4,0x0d,0xa4,0x0d,0xa4,0xed,0x9b,0x0d,0x9c,
    0xed,0x9b,0x0d,0x9c,0xed,0x9b,0xed,0x9b,0xcd,0x9b,0xcc,0x93,0xac,0x93,0xcc,0x93,
    0xac,0x93,0xac,0x93,0x2a,0x7b,0x8c,0x8b,0xac,0x93,0xcd,0x93,0x6b,0x8b,0x0a,0x7b,
    0xac,0x8b,0xac,0x93,0xcd,0x93,0x2e,0xa4,0xcd,0x93,0xac,0x93,0xcd,0x9b,0x0e,0xa4,
    0x2e,0xa4,0x2e,0xa4,0x4f,0xac,0x0e,0x9c,0xac,0x93,0x4b,0x83,0xc9,0x72,0x8c,0x8b,
    0x6b,0x8b,0x88,0x6a,0x8c,0x8b,0x8c,0x8b,0xac,0x8b,0xac,0x8b,0x8c,0x8b,0x8c,0x8b,
    0x8c,0x8b,0x8c,0x8b,0x8c,0x8b,0x8c,0x8b,0x6c,0x8b,0x4b,0x83,0x6b,0x8b,0x6c,0x8b,
    0xcd,0x93,0xe9,0x72,0x4b,0x83,0x8c,0x8b,0x8c,0x8b,0x8c,0x8b,0x8c,0x8b,0x8c,0x8b,
    0x8c,0x8b,0x6b,0x83,0x2b,0x7b,0x2a,0x7b,0xb0,0xa4,0x55,0xd6,0x96,0xde,0x76,0xde,
    0x77,0xde,0x77,0xd6,0x77,0xd6,0x15,0xce,0xd4,0xc5,0xd3,0xbd,0x92,0xbd,0x72,0xbd,
    0x51,0xb5,0xd3,0xcd,0x2f,0xcd,0xea,0xab,0xa6,0x7a,0x4f,0x94,0xb9,0xde,0xb6,0xbd,
    0xd1,0xac,0x50,0xc5,0xef,0xbc,0xb1,0xdd,0x72,0xc5,0xb3,0xbd,0x92,0xbd,0x92,0xb5,
    0x14,0xce,0x76,0xde,0x76,0xd6,0x76,0xde,0x76,0xde,0x97,0xde,0x97,0xde,0x77,0xde,
    0x56,0xd6,0xd9,0xe6,0xd9,0xe6,0xd9,0xe6,0xd9,0xee,0xd9,0xee,0xd9,0xee,0xd9,0xe6,
    0xd9,0xee,0xf9,0xee,0xfa,0xee,0xfa,0xee,0x1a,0xef,0x1a,0xef,0x3b,0xef,0x5b,0xf7,
    0x7c,0xf7,0x7c,0xf7,0x7d,0xf7,0x7c,0xf7,0xbe,0xff,0xb7,0xee,0xaa,0xcc,0xec,0xcc,
    0xdf,0xf7,0xdf,0xf7,0xdf,0xf7,0xdf,0xf7,0xdf,0xf7,0xdf,0xf7,0xdf,0xf7,0xdf,0xf7,
    0xdf,0xf7,0xbf,0xf7,0xbe,0xf7,0xbd,0xf7,0xbd,0xf7,0xbd,0xf7,0xbd,0xf7,0xbd,0xf7,
    0xbd,0xf7,0xbd,0xf7,0xbd,0xf7,0x9d,0xf7,0x9c,0xf7,0x9c,0xf7,0x9b,0xf7,0x7b,0xf7,
    0x9b,0xf7,0x7b,0xf7,0x9b,0xf7,0x9b,0xf7,0x9b,0xf7,0x9b,0xf7,0x7b,0xf7,0x9b,0xf7,
    0x9c,0xf7,0xbd,0xf7,0xbd,0xff,0x3b,0xf7,0xbe,0xff,0xda,0xee,0x7d,0xf7,0xde,0xff,
    0xbe,0xff,0xbe,0xff,0xbe,0xff,0xbe,0xff,0xff,0xff,0x99,0xe6,0x94,0xd5,0x9d,0xff,
    0x9d,0xff,0x3a,0xff,0x3a,0xf7,0x7c,0xff,0xb0,0xb4,0xf0,0xcc,0xb7,0xf6,0xb3,0xdd,
    0x31,0xd5,0x31,0xd5,0x4e,0xac,0x8f,0xbc,0x2e,0xa4,0x0d,0xa4,0x0d,0xa4,0x0e,0xa4,
    0x0d,0xa4,0x0d,0xa4,0x0d,0xa4,0xed,0x9b,0x0d,0x9c,0xed,0x9b,0xed,0x9b,0xed,0x9b,
    0xed,0x9b,0xcd,0x93,0xcc,0x93,0xcd,0x9b,0xcd,0x93,0xcc,0x93,0x2a,0x7b,0x8c,0x8b,
    0xac,0x93,0xcd,0x93,0xcd,0x93,0xea,0x7a,0x6b,0x8b,0xcd,0x93,0xcd,0x93,0xed,0x9b,
    0x6f,0xac,0x4e,0xa4,0x4f,0xac,0x4f,0xa4,0x4f,0xa4,0x4f,0xa4,0x4f,0xa4,0xcd,0x93,
    0x8c,0x8b,0xac,0x93,0x4b,0x83,0xe9,0x72,0x8c,0x93,0xc9,0x72,0xa9,0x6a,0x8c,0x93,
    0x6b,0x8b,0x8c,0x8b,0x8c,0x8b,0x8c,0x8b,0x8c,0x8b,0x8c,0x8b,0x8c,0x8b,0x8c,0x8b,
    0x8c,0x8b,0x4b,0x83,0x4b,0x83,0x8c,0x8b,0xcd,0x93,0xcd,0x93,0xe9,0x72,0x6b,0x8b,
    0xac,0x8b,0x8c,0x8b,0x8c,0x8b,0x8c,0x8b,0x8c,0x8b,0x6b,0x83,0xac,0x8b,0xb3,0xc5,
    0x76,0xde,0x56,0xd6,0x77,0xde,0x76,0xd6,0x36,0xd6,0x35,0xce,0x35,0xce,0x15,0xce,
    0xb3,0xbd,0xb3,0xbd,0x92,0xbd,0x51,0xb5,0x71,0xb5,0x10,0xad,0x51,0xc5,0xce,0xbc,
    0xcb,0x9b,0x8f,0xa4,0x57,0xce,0xf6,0xbd,0xb1,0x9c,0x0b,0xa4,0x6c,0xac,0xae,0xb4,
    0x10,0xad,0x72,0xb5,0x51,0xb5,0xd3,0xc5,0x76,0xd6,0x56,0xd6,0x97,0xde,0xb8,0xe6,
    0xd8,0xe6,0xf9,0xe6,0xd8,0xe6,0xd8,0xe6,0x56,0xd6,0x77,0xde,0xd9,0xee,0xd9,0xe6,
    0xd9,0xee,0xd9,0xee,0xd9,0xe6,0xd9,0xee,0xd9,0xee,0xf9,0xee,0xfa,0xee,0xfa,0xee,
    0x1a,0xef,0x1a,0xef,0x3b,0xef,0xf9,0xee,0xf9,0xee,0xf9,0xee,0x3a,0xef,0x7c,0xf7,
    0xde,0xff,0x13,0xe6,0x8a,0xcc,0xec,0xcc,0xdf,0xf7,0xdf,0xf7,0xdf,0xf7,0xdf,0xf7,
    0xdf,0xf7,0xdf,0xf7,0xdf,0xf7,0xdf,0xf7,0xdf,0xf7,0xbf,0xf7,0xbe,0xf7,0xbd,0xf7,
    0xbd,0xf7,0xbd,0xf7,0xbd,0xf7,0xbd,0xf7,0xbd,0xf7,0xbd,0xf7,0xbc,0xf7,0x9c,0xf7,
    0x7b,0xf7,0x7b,0xf7,0x7b,0xf7,0x7b,0xf7,0x7b,0xf7,0x9b,0xf7,0x9b,0xf7,0x9b,0xf7,
    0x7b,0xf7,0x7b,0xf7,0x9b,0xf7,0x7b,0xf7,0x9c,0xf7,0x9c,0xf7,0x7b,0xf7,0x5b,0xf7,
    0x5c,0xf7,0x78,0xe6,0xde,0xff,0x9d,0xff,0xbd,0xff,0xbe,0xff,0xbe,0xff,0xbe,0xff,
    0xff,0xff,0xb4,0xd5,0xb9,0xee,0x9d,0xff,0xbe,0xff,0x7c,0xff,0x3b,0xf7,0x1a,0xf7,
    0x0d,0xa4,0xf4,0xe5,0xd9,0xf6,0xb3,0xdd,0x31,0xd5,0x51,0xd5,0x2d,0xac,0xcf,0xbc,
    0x4e,0xac,0x2d,0xa4,0x2e,0xa4,0x0d,0xa4,0x0d,0xa4,0x0d,0xa4,0xed,0xa3,0x0d,0x9c,
    0xed,0x9b,0xed,0x9b,0xed,0x9b,0xed,0x9b,0xed,0x9b,0xed,0x9b,0xcd,0x93,0xcd,0x9b,
    0xcd,0x9b,0xcd,0x93,0x2a,0x7b,0xac,0x93,0xac,0x93,0xcc,0x93,0x2e,0xa4,0x2b,0x7b,
    0xea,0x72,0x6b,0x8b,0x0e,0xa4,0x8c,0x8b,0xed,0x9b,0x6f,0xac,0x6f,0xac,0x4f,0xa4,
    0x4f,0xa4,0x4f,0xa4,0x4f,0xa4,0x2e,0xa4,0xad,0x93,0x8c,0x8b,0xac,0x93,0x0a,0x7b,
    0x2a,0x83,0x8c,0x8b,0x68,0x62,0x2b,0x83,0x8c,0x8b,0x8c,0x8b,0x8c,0x8b,0x8c,0x8b,
    0x8c,0x8b,0x8c,0x8b,0x8c,0x8b,0x8c,0x8b,0x8c,0x8b,0x6b,0x8b,0x2b,0x83,0x6b,0x8b,
    0x8c,0x8b,0x0e,0x9c,0x4b,0x83,0x0a,0x7b,0x6b,0x8b,0xac,0x93,0xac,0x8b,0x8c,0x8b,
    0x8c,0x8b,0x4b,0x83,0x0e,0x94,0x35,0xd6,0x56,0xd6,0x77,0xde,0x35,0xd6,0x14,0xce,
    0x15,0xce,0x35,0xce,0x35,0xd6,0x35,0xce,0xd3,0xbd,0x72,0xb5,0xf0,0xa4,0xef,0xa4,
    0x4d,0x8c,0xd0,0xa4,0x14,0xde,0x2b,0xac,0x46,0x5a,0xab,0x83,0xd1,0xa4,0x71,0x8c,
    0xb1,0x9c,0x0c,0x9c,0xef,0xb4,0xef,0xac,0x31,0xad,0x51,0xb5,0x92,0xbd,0x56,0xd6,
    0x76,0xde,0x76,0xd6,0x56,0xd6,0x15,0xce,0x15,0xce,0xb3,0xbd,0x93,0xbd,0x72,0xb5,
    0x93,0xbd,0xf5,0xcd,0xd9,0xee,0xd9,0xe6,0xd9,0xe6,0xd9,0xee,0xd9,0xee,0xd9,0xee,
    0xd9,0xee,0xd9,0xee,0xfa,0xee,0xfa,0xee,0x1a,0xef,0x5b,0xf7,0x97,0xe6,0x69,0xc4,
    0x8a,0xc4,0xaa,0xcc,0x8a,0xc4,0xf9,0xee,0xdf,0xff,0xb2,0xdd,0x8a,0xcc,0xcc,0xcc,
    0xdf,0xf7,0xdf,0xf7,0xdf,0xf7,0xdf,0xf7,0xdf,0xf7,0xdf,0xf7,0xdf,0xf7,0xdf,0xf7,
    0xdf,0xf7,0xbf,0xf7,0xbe,0xf7,0x9d,0xf7,0xbd,0xf7,0xbd,0xf7,0xbd,0xf7,0xbd,0xf7,
    0xbd,0xf7,0xbd,0xff,0xbd,0xf7,0x9c,0xf7,0x7b,0xf7,0x7b,0xf7,0x7b,0xf7,0x7b,0xf7,
    0x9b,0xf7,0x9b,0xf7,0x7b,0xf7,0x7b,0xf7,0x7b,0xf7,0x7b,0xf7,0x7b,0xf7,0x9b,0xf7,
    0x9c,0xf7,0x9c,0xf7,0x19,0xef,0xbd,0xff,0x77,0xe6,0x3b,0xf7,0xbe,0xff,0xbd,0xff,
    0x9d,0xff,0xbe,0xff,0xbd,0xff,0xde,0xff,0x7c,0xf7,0x94,0xd5,0x7c,0xf7,0xbe,0xff,
    0xbe,0xff,0x9d,0xff,0x5b,0xff,0x57,0xde,0x0d,0xac,0xd8,0xf6,0xb8,0xf6,0xb3,0xe5,
    0x92,0xd5,0x51,0xd5,0x2d,0xac,0x11,0xcd,0x4e,0xac,0x0d,0xa4,0x4e,0xac,0x2e,0xa4,
    0x0d,0xa4,0x0d,0xa4,0x0d,0x9c,0x0d,0xa4,0x0d,0x9c,0xed,0x9b,0xed,0x9b,0xed,0x9b,
    0xed,0x9b,0xed,0x9b,0xed,0x9b,0xcd,0x93,0xed,0x9b,0xac,0x93,0x0a,0x7b,0xac,0x93,
    0xac,0x93,0xed,0x9b,0x4e,0xa4,0xcd,0x9b,0x27,0x5a,0x0a,0x7b,0xac,0x93,0x2e,0xa4,
    0x8c,0x8b,0x0e,0x9c,0x0e,0x9c,0x2e,0xa4,0x2e,0xa4,0x2e,0xa4,0xee,0x9b,0xcd,0x93,
    0xed,0x9b,0xac,0x8b,0xac,0x93,0x8c,0x8b,0xe9,0x72,0x6b,0x8b,0x0a,0x7b,0x68,0x62,
    0x8c,0x8b,0x8c,0x8b,0x8c,0x8b,0x8c,0x8b,0x8c,0x8b,0x8c,0x8b,0x8c,0x8b,0x6c,0x8b,
    0x8c,0x8b,0x8c,0x8b,0x4b,0x83,0x4b,0x83,0x8c,0x8b,0xcd,0x93,0x4b,0x83,0x6b,0x8b,
    0x2a,0x7b,0x4b,0x83,0x8c,0x8b,0xac,0x8b,0x8c,0x8b,0xac,0x8b,0x0a,0x73,0x32,0xb5,
    0x56,0xd6,0xf4,0xc5,0x35,0xce,0x35,0xce,0x35,0xce,0x35,0xce,0x35,0xce,0xd3,0xc5,
    0x92,0xbd,0x10,0xa5,0x10,0xa5,0x10,0xad,0x2d,0x8c,0xf0,0xa4,0xf3,0xe5,0x8c,0xc4,
    0xeb,0x9b,0x69,0x7b,0x4b,0x73,0x90,0x94,0x2e,0x94,0x0b,0xa4,0xcf,0xbc,0x71,0xd5,
    0x92,0xbd,0xd3,0xc5,0x56,0xd6,0xf4,0xcd,0x52,0xb5,0x10,0xa5,0xf0,0xa4,0xef,0xa4,
    0xf0,0xa4,0x10,0xa5,0x10,0xa5,0xf0,0xa4,0xcf,0x9c,0x6f,0x9c,0x98,0xe6,0xd9,0xe6,
    0xd9,0xe6,0xd9,0xee,0xd9,0xe6,0xd9,0xee,0xd9,0xee,0xd9,0xee,0xfa,0xee,0xfa,0xee,
    0x1a,0xef,0x3b,0xef,0xf9,0xee,0xf3,0xdd,0x13,0xde,0x14,0xde,0x34,0xe6,0x5b,0xf7,
    0xbe,0xf7,0xd2,0xdd,0x8a,0xcc,0xcc,0xcc,0xdf,0xf7,0xdf,0xf7,0xdf,0xf7,0xdf,0xf7,
    0xdf,0xf7,0xdf,0xf7,0xdf,0xf7,0xdf,0xf7,0xdf,0xf7,0xbf,0xf7,0xbe,0xf7,0xbd,0xf7,
    0xbd,0xf7,0xbd,0xf7,0xbd,0xf7,0xbd,0xf7,0xbd,0xff,0xbd,0xff,0xbd,0xf7,0x9c,0xf7,
    0x9c,0xf7,0x7b,0xf7,0x7b,0xf7,0x9b,0xf7,0x9b,0xf7,0x9b,0xf7,0x7b,0xf7,0x7b,0xf7,
    0x7b,0xf7,0x7b,0xf7,0x7b,0xf7,0x9c,0xf7,0xbc,0xf7,0x5a,0xf7,0x5b,0xf7,0x7c,0xf7,
    0x77,0xe6,0xbe,0xff,0x9d,0xff,0xbd,0xff,0x9d,0xff,0xbd,0xff,0x9d,0xff,0xff,0xff,
    0x77,0xe6,0xd5,0xdd,0x9d,0xff,0xbe,0xff,0xbe,0xff,0x7c,0xf7,0x3a,0xff,0x52,0xc5,
    0x6e,0xb4,0x3a,0xff,0x76,0xee,0xf3,0xe5,0xd3,0xe5,0x51,0xd5,0x2d,0xac,0x31,0xcd,
    0x6f,0xb4,0x0d,0xa4,0x6f,0xb4,0x2e,0xa4,0xed,0x9b,0x0d,0xa4,0x0d,0x9c,0x0d,0x9c,
    0xed,0x9b,0xed,0x9b,0xed,0x9b,0xed,0x9b,0xed,0x9b,0xed,0x9b,0xed,0x9b,0xcc,0x93,
    0x0d,0xa4,0xcc,0x93,0xea,0x72,0xac,0x93,0xac,0x93,0x0e,0xa4,0x4f,0xac,0x4e,0xa4,
    0x68,0x62,0x48,0x62,0x4b,0x83,0x2e,0xa4,0x2e,0xa4,0xac,0x8b,0xcd,0x93,0xed,0x9b,
    0xcd,0x93,0xad,0x93,0x8c,0x8b,0x8c,0x8b,0xac,0x93,0xac,0x93,0x8c,0x8b,0x8c,0x8b,
    0x2b,0x7b,0xc9,0x72,0x6b,0x8b,0x88,0x62,0x0a,0x7b,0xac,0x93,0x8c,0x8b,0x8c,0x8b,
    0x8c,0x8b,0x8c,0x8b,0x8c,0x8b,0x8c,0x8b,0x8c,0x8b,0x8c,0x8b,0x6b,0x83,0x0a,0x7b,
    0x6b,0x8b,0xcd,0x93,0x6b,0x83,0x0a,0x7b,0x8c,0x8b,0x0a,0x7b,0x2a,0x7b,0x4b,0x83,
    0x6b,0x83,0x6b,0x83,0x2a,0x7b,0xac,0x83,0x72,0xb5,0x52,0xb5,0xf4,0xc5,0x35,0xd6,
    0x35,0xd6,0x35,0xce,0x14,0xce,0xb2,0xbd,0x71,0xb5,0x31,0xad,0xf0,0xa4,0xf0,0xa4,
    0xf0,0xa4,0x10,0xad,0xae,0xac,0x0c,0x9c,0x2c,0x9c,0x8a,0x83,0x66,0x62,0xcb,0x93,
    0x47,0x5a,0xaa,0x93,0x70,0xd5,0x71,0xd5,0xd3,0xcd,0x10,0xad,0xf0,0xa4,0x6e,0x94,
    0x6e,0x94,0xaf,0x9c,0xf0,0xa4,0x31,0xad,0x51,0xad,0x31,0xad,0x31,0xad,0xef,0xa4,
    0xd0,0xa4,0xb4,0xbd,0xd9,0xe6,0xb9,0xe6,0xd9,0xe6,0xd9,0xe6,0xd9,0xee,0xd9,0xee,
    0xd9,0xee,0xd9,0xee,0xf9,0xee,0xfa,0xee,0x1a,0xef,0x1a,0xef,0x3b,0xef,0x5c,0xf7,
    0x7c,0xf7,0x9d,0xf7,0x9d,0xf7,0x7c,0xf7,0xbe,0xf7,0x55,0xe6,0x6a,0xc4,0xcc,0xcc,
    0xdf,0xf7,0xdf,0xf7,0xdf,0xf7,0xdf,0xf7,0xdf,0xf7,0xdf,0xf7,0xdf,0xf7,0xdf,0xf7,
    0xbf,0xf7,0xbf,0xf7,0xbe,0xf7,0xbe,0xf7,0xbe,0xf7,0xbe,0xf7,0xbd,0xf7,0xbd,0xf7,
    0xbd,0xf7,0xbd,0xf7,0xbd,0xff,0xbd,0xf7,0x9c,0xf7,0x9b,0xf7,0x9b,0xf7,0x9b,0xf7,
    0x9b,0xf7,0x9b,0xf7,0x9b,0xf7,0x7b,0xf7,0x7b,0xf7,0x7b,0xf7,0x7b,0xf7,0x9c,0xf7,
    0x9c,0xf7,0xf9,0xee,0xbd,0xff,0xd9,0xee,0x3b,0xf7,0xbe,0xff,0x9d,0xff,0x9d,0xff,
    0x9d,0xff,0x9d,0xff,0x9d,0xff,0xde,0xff,0x73,0xcd,0xb8,0xee,0x7c,0xff,0xbd,0xff,
    0x9d,0xff,0x3b,0xf7,0xb8,0xf6,0x6f,0xac,0xf1,0xbc,0xd8,0xf6,0xd3,0xe5,0xf4,0xe5,
    0xb3,0xdd,0x31,0xcd,0x0d,0xa4,0x52,0xd5,0xd0,0xbc,0x0d,0xa4,0x8f,0xb4,0x4e,0xac,
    0xed,0x9b,0xed,0x9b,0xed,0x9b,0xed,0x9b,0xed,0x9b,0xed,0x9b,0xed,0x9b,0xed,0x9b,
    0xed,0x9b,0xcd,0x9b,0xcd,0x9b,0xac,0x93,0x0d,0xa4,0xcc,0x93,0xe9,0x72,0xac,0x93,
    0xed,0x9b,0x4e,0xac,0x4e,0xa4,0x2e,0xa4,0xa8,0x6a,0x64,0x39,0xea,0x7a,0xcd,0x93,
    0x6f,0xac,0xed,0x9b,0xac,0x93,0xad,0x93,0xad,0x93,0x8c,0x8b,0xac,0x8b,0xac,0x93,
    0x8c,0x8b,0x6b,0x8b,0x6c,0x8b,0x8c,0x8b,0x6b,0x83,0xea,0x72,0xc9,0x72,0x0a,0x7b,
    0x47,0x5a,0x8c,0x8b,0x8c,0x93,0x8c,0x8b,0x6b,0x8b,0x8c,0x8b,0x8c,0x8b,0x8c,0x8b,
    0x8c,0x8b,0x8c,0x8b,0x6c,0x8b,0x2a,0x7b,0x2b,0x83,0xad,0x93,0xcd,0x93,0x68,0x62,
    0x4b,0x83,0x4b,0x83,0x2b,0x83,0xea,0x72,0xc9,0x72,0xea,0x72,0x2a,0x7b,0x88,0x62,
    0x4e,0x94,0x92,0xbd,0x72,0xb5,0xb3,0xbd,0xf4,0xc5,0x35,0xce,0x35,0xce,0xd3,0xc5,
    0x51,0xb5,0x51,0xb5,0x51,0xad,0x31,0xad,0x92,0xb5,0x51,0xb5,0x8e,0x9c,0x0c,0x8c,
    0x10,0xbd,0xeb,0x93,0x0b,0xa4,0x4c,0xa4,0xa8,0x62,0xe9,0x6a,0xad,0xbc,0xaf,0xb4,
    0xed,0x8b,0xcc,0x83,0x8f,0x9c,0xf0,0xa4,0x31,0xad,0x72,0xb5,0x92,0xbd,0xb3,0xbd,
    0xd3,0xc5,0x31,0xad,0x11,0xad,0x32,0xad,0x77,0xde,0xd9,0xee,0xb9,0xe6,0xd9,0xe6,
    0xd9,0xe6,0xd9,0xe6,0xd9,0xee,0xd9,0xee,0xd9,0xee,0xd9,0xee,0xfa,0xee,0xfa,0xee,
    0x1a,0xef,0x1a,0xef,0x1a,0xef,0x1a,0xef,0x3a,0xef,0x3b,0xf7,0x5b,0xf7,0x7c,0xf7,
    0x9d,0xf7,0x3a,0xef,0xac,0xc4,0xac,0xcc,0xdf,0xf7,0xdf,0xf7,0xdf,0xf7,0xdf,0xf7,
    0xbf,0xf7,0xbf,0xf7,0xbe,0xf7,0xbe,0xf7,0xbe,0xf7,0xde,0xf7,0xde,0xf7,0xbe,0xff,
    0xde,0xff,0xde,0xff,0xde,0xff,0xdd,0xf7,0xbd,0xf7,0xbd,0xf7,0xbd,0xf7,0xbd,0xf7,
    0x9c,0xf7,0x9c,0xf7,0x9c,0xf7,0x9c,0xf7,0x9c,0xf7,0x9b,0xf7,0x9b,0xf7,0x9b,0xf7,
    0x7b,0xf7,0x7b,0xf7,0x9b,0xf7,0xbd,0xf7,0x3a,0xf7,0x7b,0xf7,0x7c,0xf7,0xd9,0xee,
    0x9d,0xff,0xbd,0xff,0xbd,0xff,0x9d,0xff,0x9d,0xff,0x9d,0xff,0xbd,0xff,0x3b,0xf7,
    0x32,0xcd,0x3a,0xf7,0x5b,0xff,0x5b,0xff,0x5b,0xff,0x1a,0xf7,0xd4,0xdd,0xab,0x9b,
    0xb3,0xd5,0xd3,0xdd,0x51,0xd5,0xb3,0xe5,0x72,0xdd,0xf0,0xc4,0x0d,0xa4,0x31,0xd5,
    0x11,0xcd,0x4e,0xac,0x8f,0xb4,0x8f,0xbc,0xed,0xa3,0xed,0x9b,0xed,0x9b,0xed,0x9b,
    0xed,0x9b,0xed,0x9b,0xed,0x9b,0xed,0x9b,0xed,0x9b,0xcd,0x9b,0xed,0x9b,0xac,0x93,
    0x0d,0xa4,0xcc,0x9b,0x4b,0x83,0x0d,0x9c,0x2e,0xa4,0x4e,0xac,0x2e,0xa4,0x2e,0xa4,
    0x4b,0x83,0xe6,0x51,0x27,0x5a,0x8c,0x8b,0xed,0x9b,0x2e,0xa4,0xac,0x8b,0x8c,0x8b,
    0x8c,0x8b,0xac,0x93,0xac,0x93,0xac,0x8b,0xac,0x93,0x8c,0x8b,0x6b,0x8b,0x6b,0x8b,
    0x6c,0x8b,0x2b,0x83,0xc9,0x6a,0xea,0x72,0x68,0x62,0xc9,0x72,0xac,0x93,0x8c,0x8b,
    0x6b,0x83,0x8c,0x8b,0x8c,0x8b,0x8c,0x8b,0x6c,0x8b,0x8c,0x8b,0x8c,0x8b,0x6b,0x83,
    0x0a,0x7b,0x8c,0x8b,0xcd,0x93,0x4b,0x83,0x0a,0x7b,0x2b,0x83,0x2b,0x83,0x2a,0x7b,
    0xe9,0x72,0xa9,0x6a,0xc9,0x72,0x68,0x62,0x88,0x62,0x31,0xad,0x92,0xbd,0x52,0xb5,
    0x52,0xb5,0x14,0xce,0x35,0xce,0x14,0xce,0xb2,0xbd,0x71,0xb5,0x72,0xb5,0xd3,0xbd,
    0xb3,0xbd,0x51,0xb5,0xf0,0xa4,0xaf,0xa4,0xd3,0xd5,0x8d,0xac,0x8c,0xb4,0xee,0xbc,
    0x4a,0x7b,0x28,0x42,0xed,0x8b,0xac,0x7b,0xce,0x83,0xce,0x83,0x4b,0x73,0x88,0x62,
    0x6b,0x7b,0x0d,0x8c,0x32,0xb5,0x73,0xbd,0x73,0xbd,0x16,0xce,0x77,0xde,0xb9,0xe6,
    0xb9,0xe6,0xb9,0xe6,0xd9,0xe6,0xd9,0xe6,0xd9,0xee,0xd9,0xee,0xd9,0xee,0xd9,0xee,
    0xd9,0xee,0xf9,0xee,0xf9,0xee,0xfa,0xee,0xfa,0xee,0x1a,0xef,0x1a,0xef,0x1a,0xef,
    0x3b,0xef,0x3b,0xf7,0x5b,0xf7,0x7c,0xf7,0x7c,0xf7,0xbe,0xff,0xd2,0xd5,0x6a,0xc4,
    0xdf,0xf7,0xdf,0xf7,0xdf,0xf7,0xdf,0xf7,0xbf,0xf7,0xbe,0xf7,0xbe,0xf7,0xbe,0xf7,
    0xbe,0xf7,0xde,0xf7,0xde,0xff,0xde,0xff,0xde,0xff,0xde,0xff,0xde,0xff,0xde,0xff,
    0xbd,0xf7,0xbd,0xf7,0xbd,0xf7,0xbd,0xf7,0x9c,0xf7,0x9c,0xf7,0x9c,0xf7,0x9c,0xf7,
    0x9c,0xf7,0x9c,0xf7,0x9c,0xf7,0x9c,0xf7,0x9b,0xf7,0x9b,0xf7,0x9c,0xf7,0x9c,0xf7,
    0x1a,0xf7,0xdd,0xff,0x1a,0xef,0x1a,0xf7,0xbd,0xff,0x9d,0xff,0x9d,0xff,0x9d,0xff,
    0x9d,0xff,0x7c,0xff,0xde,0xff,0x77,0xe6,0xd4,0xd5,0x5b,0xff,0x3b,0xf7,0x1a,0xf7,
    0x3a,0xff,0x19,0xf7,0x31,0xcd,0xac,0x9b,0x35,0xe6,0xaf,0xbc,0xf0,0xc4,0xb2,0xdd,
    0x30,0xcd,0xaf,0xbc,0x0d,0xa4,0x31,0xd5,0x10,0xcd,0xf0,0xc4,0x8f,0xb4,0xaf,0xbc,
    0x4e,0xac,0xcd,0x9b,0xed,0x9b,0xed,0x9b,0xed,0x9b,0xed,0x9b,0xed,0x9b,0xed,0x9b,
    0xed,0x9b,0x0d,0xa4,0x2e,0xa4,0xcd,0x9b,0x0e,0xa4,0xcd,0x9b,0x6b,0x8b,0x2e,0xa4,
    0x2e,0xa4,0x4e,0xac,0x4e,0xac,0x2e,0xa4,0x8b,0x8b,0xab,0x9b,0xa8,0x72,0xea,0x72,
    0xcd,0x9b,0xed,0x9b,0xac,0x93,0x6b,0x8b,0xac,0x93,0x8c,0x8b,0xac,0x93,0xac,0x93,
    0xac,0x93,0xac,0x8b,0x8c,0x8b,0x6b,0x8b,0x6b,0x8b,0x6c,0x8b,0x0a,0x7b,0xc9,0x6a,
    0xe9,0x72,0x27,0x5a,0x6b,0x8b,0xac,0x93,0x6b,0x83,0x6b,0x83,0x8c,0x8b,0x6c,0x8b,
    0x8c,0x8b,0x6b,0x8b,0x6b,0x8b,0x8c,0x8b,0x2a,0x7b,0x4b,0x83,0xac,0x93,0x6b,0x83,
    0x4b,0x83,0x6b,0x83,0xc9,0x72,0x0a,0x7b,0x2b,0x7b,0x0a,0x7b,0xc9,0x6a,0x88,0x62,
    0x27,0x5a,0x6b,0x7b,0xb2,0xbd,0x51,0xb5,0x51,0xb5,0x14,0xce,0x35,0xce,0x14,0xce,
    0x14,0xce,0xf4,0xc5,0xf4,0xc5,0x14,0xce,0x93,0xbd,0x72,0xb5,0xf4,0xc5,0x51,0xb5,
    0x0d,0x94,0x4f,0xcd,0xd1,0xe5,0x30,0xc5,0x6b,0x83,0x89,0x4a,0xac,0x83,0x0f,0xb5,
    0x0e,0x8c,0x70,0x9c,0x91,0x9c,0xef,0x8b,0x2b,0x73,0xe9,0x7a,0xed,0x93,0xfa,0xee,
    0xd6,0xc5,0xd9,0xee,0xb9,0xe6,0xb8,0xe6,0xb9,0xe6,0xd9,0xe6,0xd9,0xe6,0xd9,0xe6,
    0xd9,0xe6,0xd9,0xee,0xd9,0xee,0xd9,0xee,0xd9,0xee,0xd9,0xee,0xf9,0xee,0xf9,0xee,
    0xfa,0xee,0x1a,0xef,0x1a,0xef,0x1a,0xef,0x3b,0xef,0x3b,0xf7,0x5b,0xf7,0x5c,0xf7,
    0x7c,0xf7,0x7c,0xf7,0x5c,0xf7,0x0e,0xcd,0xdf,0xf7,0xdf,0xf7,0xdf,0xf7,0xbf,0xf7,
    0xbe,0xf7,0x9e,0xf7,0xbe,0xf7,0xbe,0xf7,0xbe,0xf7,0xde,0xff,0xdf,0xff,0xdf,0xff,
    0xde,0xff,0xde,0xff,0xde,0xff,0xbd,0xf7,0xbd,0xf7,0xbd,0xf7,0xbd,0xf7,0xbd,0xf7,
    0xbd,0xf7,0xbc,0xf7,0xbc,0xf7,0xbc,0xf7,0x9c,0xf7,0x9c,0xf7,0x9c,0xf7,0x9c,0xf7,
    0x9c,0xf7,0x9b,0xf7,0xbc,0xf7,0x5b,0xf7,0x7c,0xf7,0xbd,0xf7,0xd9,0xee,0x7c,0xf7,
    0x9d,0xff,0xbd,0xff,0x9d,0xff,0x9d,0xff,0x9d,0xff,0x7c,0xff,0xde,0xff,0x15,0xde,
    0x97,0xee,0x3a,0xff,0x3a,0xf7,0xf9,0xf6,0xf9,0xf6,0xd9,0xf6,0xaf,0xbc,0x0d,0xa4,
    0x35,0xe6,0x6e,0xb4,0x8f,0xb4,0x92,0xdd,0xf0,0xc4,0xaf,0xbc,0x2d,0xac,0x31,0xd5,
    0x10,0xcd,0x10,0xcd,0xf0,0xc4,0x8f,0xbc,0xaf,0xbc,0xed,0x9b,0xed,0x9b,0xed,0x9b,
    0xed,0x9b,0xed,0x9b,0xed,0x9b,0xcd,0x9b,0xed,0x9b,0x4e,0xac,0x2e,0xa4,0x4e,0xac,
    0x6f,0xac,0xcc,0x9b,0xac,0x93,0x2e,0xa4,0x2e,0xa4,0x4e,0xac,0xed,0x9b,0x0d,0x9c,
    0xac,0x93,0xab,0x9b,0x6e,0xbc,0xa9,0x72,0x8b,0x8b,0xcd,0x93,0xcd,0x93,0x6b,0x8b,
    0x8c,0x8b,0xac,0x93,0x8c,0x8b,0xac,0x93,0xac,0x93,0x8c,0x8b,0x8c,0x8b,0x8c,0x8b,
    0x8c,0x8b,0x8c,0x8b,0x6b,0x83,0xe9,0x72,0xc9,0x72,0x48,0x62,0xc9,0x6a,0xac,0x93,
    0x6b,0x8b,0x6b,0x83,0x8c,0x8b,0x6b,0x8b,0x8c,0x8b,0x8c,0x8b,0x6b,0x8b,0xac,0x8b,
    0x4b,0x83,0xea,0x72,0x8c,0x8b,0x6b,0x83,0xa9,0x6a,0xac,0x8b,0x2b,0x7b,0xea,0x72,
    0x0a,0x7b,0x0a,0x7b,0x2a,0x7b,0x0a,0x7b,0xa9,0x6a,0x27,0x52,0xac,0x83,0x51,0xb5,
    0x30,0xad,0xf4,0xc5,0x35,0xce,0x35,0xce,0x35,0xce,0x35,0xce,0x14,0xce,0x15,0xce,
    0xf4,0xc5,0xf4,0xc5,0x72,0xbd,0x6b,0x73,0xaa,0x5a,0xac,0x83,0xed,0x93,0x68,0x5a,
    0x6b,0x83,0x4e,0x9c,0xce,0xbc,0x0f,0xc5,0xcc,0x7b,0x6f,0x94,0x70,0x9c,0xb1,0x9c,
    0xf2,0xa4,0x70,0x9c,0x2b,0x7b,0x37,0xd6,0xd9,0xe6,0xf5,0xcd,0xb8,0xe6,0xb8,0xe6,
    0xb9,0xe6,0xd9,0xe6,0xd9,0xe6,0xd9,0xe6,0xd9,0xe6,0xd9,0xe6,0xd9,0xe6,0xd9,0xee,
    0xd9,0xee,0xd9,0xee,0xd9,0xee,0xf9,0xee,0xfa,0xee,0xfa,0xee,0x1a,0xef,0x1a,0xef,
    0x3b,0xef,0x3b,0xef,0x5b,0xf7,0x5b,0xf7,0x7c,0xf7,0xbd,0xff,0x9d,0xf7,0x5b,0xf7,
    0xdf,0xf7,0xdf,0xf7,0xdf,0xf7,0xbe,0xf7,0x9e,0xf7,0xbe,0xf7,0xbe,0xf7,0xbe,0xf7,
    0xde,0xff,0xde,0xff,0xde,0xff,0xde,0xff,0xde,0xff,0xde,0xff,0xde,0xff,0xbd,0xf7,
    0xbd,0xf7,0xbd,0xf7,0xbc,0xf7,0xbc,0xf7,0xbd,0xf7,0xbd,0xf7,0xbc,0xf7,0xbc,0xf7,
    0x9c,0xf7,0x9c,0xf7,0x9c,0xf7,0x9c,0xf7,0x9c,0xf7,0x9c,0xf7,0x7c,0xf7,0x5b,0xf7,
    0xdd,0xff,0x5b,0xf7,0x1a,0xef,0x9d,0xff,0x9d,0xff,0x9d,0xff,0x9d,0xff,0x9d,0xff,
    0x9d,0xff,0x9c,0xff,0x9d,0xff,0xd4,0xdd,0xf9,0xf6,0x19,0xff,0xf9,0xf6,0xd9,0xf6,
    0xf9,0xf6,0x77,0xee,0xed,0xa3,0x6f,0xb4,0xb3,0xd5,0x2e,0xac,0x2e,0xac,0xaf,0xbc,
    0x10,0xc5,0xaf,0xbc,0x2e,0xac,0x31,0xd5,0x10,0xcd,0x10,0xcd,0x10,0xcd,0xaf,0xbc,
    0xd0,0xc4,0x2e,0xac,0x2e,0xa4,0xed,0x9b,0xed,0x9b,0xed,0x9b,0xcc,0x9b,0xac,0x93,
    0x2e,0xac,0x6f,0xb4,0x4e,0xac,0x6f,0xac,0x4e,0xac,0xac,0x93,0xed,0x9b,0x2e,0xa4,
    0x2e,0xa4,0xed,0xa3,0x8c,0x8b,0xac,0x93,0xcd,0x93,0x8b,0x93,0xcf,0xcc,0xec,0xab,
    0xe9,0x7a,0x8c,0x8b,0x8c,0x8b,0x8c,0x8b,0x4b,0x83,0xac,0x93,0x8c,0x8b,0x6b,0x8b,
    0xac,0x93,0xac,0x8b,0x8c,0x8b,0x8c,0x8b,0x6b,0x8b,0x8c,0x8b,0x8c,0x8b,0x2a,0x83,
    0xc9,0x72,0xa8,0x6a,0x27,0x5a,0x8c,0x8b,0xac,0x93,0x6b,0x83,0x6b,0x8b,0x6b,0x8b,
    0x6b,0x8b,0x8c,0x8b,0x6b,0x8b,0x8c,0x8b,0x6b,0x8b,0xe9,0x72,0x4b,0x83,0x8c,0x8b,
    0xc9,0x6a,0x2a,0x7b,0x8c,0x8b,0x4b,0x83,0x2b,0x83,0x2a,0x7b,0xea,0x72,0xa9,0x6a,
    0x68,0x5a,0x06,0x4a,0xa5,0x41,0x8e,0x9c,0x31,0xad,0xf4,0xc5,0x35,0xce,0x35,0xce,
    0x35,0xce,0x35,0xce,0x76,0xd6,0x76,0xd6,0x14,0xce,0xaf,0x9c,0xcc,0x7b,0x2b,0x73,
    0xce,0x7b,0x8d,0x73,0x6c,0x6b,0xca,0x5a,0xc8,0x6a,0x30,0xc5,0x70,0xd5,0x4d,0x9c,
    0xab,0x73,0xcb,0x7b,0x6e,0x94,0x90,0x9c,0x0f,0x8c,0x91,0x9c,0x71,0x9c,0xb1,0xa4,
    0x37,0xd6,0xf5,0xcd,0x98,0xe6,0xb8,0xe6,0xb9,0xe6,0xd9,0xe6,0xd9,0xe6,0xd9,0xe6,
    0xd9,0xe6,0xd9,0xe6,0xd9,0xe6,0xd9,0xee,0xd9,0xee,0xd9,0xee,0xd9,0xee,0xf9,0xee,
    0xfa,0xee,0xfa,0xee,0x1a,0xef,0x1a,0xef,0x3b,0xef,0x3b,0xef,0x3b,0xef,0x7c,0xf7,
    0x1a,0xef,0xf3,0xdd,0x5b,0xf7,0x9d,0xf7,0xbf,0xf7,0xbf,0xf7,0xbf,0xf7,0xbe,0xf7,
    0xbe,0xf7,0xbe,0xf7,0xbe,0xf7,0xbe,0xf7,0xde,0xff,0xde,0xff,0xde,0xff,0xde,0xff,
    0xde,0xff,0xbe,0xff,0xbd,0xf7,0xbd,0xf7,0xbc,0xf7,0xbc,0xf7,0xbc,0xf7,0xbc,0xf7,
    0xbd,0xf7,0xbd,0xff,0xbd,0xf7,0xbc,0xf7,0xbc,0xf7,0x9c,0xf7,0x9c,0xf7,0x9c,0xf7,
    0x9c,0xf7,0x9c,0xf7,0x3a,0xf7,0x9c,0xf7,0xbc,0xf7,0x1a,0xef,0x7c,0xf7,0x9d,0xff,
    0xbd,0xff,0xbd,0xff,0x9d,0xff,0x9d,0xff,0x7c,0xff,0x9d,0xff,0x3b,0xf7,0xb4,0xdd,
    0x3a,0xff,0xf9,0xf6,0xf9,0xf6,0xd8,0xf6,0xd8,0xf6,0xd4,0xdd,0x8b,0x9b,0xf1,0xbc,
    0x11,0xc5,0x0d,0xa4,0x2e,0xa4,0x0d,0xa4,0x4e,0xac,0x8f,0xb4,0x2e,0xac,0x31,0xcd,
    0xaf,0xbc,0xf0,0xcc,0xf0,0xc4,0xd0,0xbc,0xf0,0xc4,0x6e,0xac,0xaf,0xbc,0x4e,0xac,
    0x0d,0xa4,0xed,0x9b,0xed,0x9b,0x2e,0xac,0x8f,0xb4,0x6f,0xb4,0x6e,0xac,0x4e,0xac,
    0x4e,0xac,0xac,0x93,0x2e,0xa4,0x2e,0xa4,0x2e,0xa4,0xac,0x93,0x8c,0x8b,0xac,0x93,
    0xcd,0x93,0xac,0x93,0x6e,0xbc,0x51,0xdd,0x8b,0x9b,0x2a,0x83,0x8c,0x8b,0xac,0x8b,
    0x6b,0x8b,0x6b,0x8b,0xac,0x93,0x6b,0x8b,0x4b,0x8b,0xac,0x93,0xac,0x93,0xac,0x93,
    0x4b,0x83,0x4b,0x83,0x8c,0x8b,0x6b,0x83,0x0a,0x7b,0xa8,0x6a,0x06,0x52,0xe9,0x72,
    0xcd,0x9b,0x6b,0x8b,0x6b,0x8b,0x6b,0x8b,0x6b,0x8b,0x6b,0x8b,0x6b,0x8b,0x8c,0x8b,
    0x8c,0x8b,0x2a,0x7b,0x2a,0x7b,0xcd,0x93,0x0a,0x7b,0xa9,0x6a,0x8c,0x8b,0x6b,0x83,
    0x2a,0x7b,0x2b,0x83,0x2b,0x7b,0xea,0x72,0xc9,0x72,0x48,0x5a,0xc6,0x41,0xe9,0x6a,
    0x31,0xad,0xd3,0xc5,0x35,0xce,0x35,0xce,0x35,0xce,0x97,0xde,0xb8,0xe6,0xd4,0xc5,
    0x2d,0x8c,0xcc,0x83,0xcc,0x83,0x6d,0x73,0x50,0x8c,0xb1,0x9c,0x4f,0x94,0xad,0x7b,
    0x4b,0x73,0x0d,0x8c,0x4e,0x94,0x4e,0x94,0x6e,0x94,0xcb,0x7b,0xcc,0x7b,0x31,0xad,
    0xd1,0xa4,0xce,0x83,0xce,0x83,0x70,0x9c,0x70,0x9c,0xb1,0xa4,0xf6,0xcd,0xfa,0xee,
    0xb9,0xe6,0xd9,0xe6,0xd9,0xe6,0xd9,0xe6,0xd9,0xee,0xd9,0xe6,0xd9,0xe6,0xd9,0xee,
    0xd9,0xee,0xd9,0xee,0xd9,0xe6,0xf9,0xee,0xfa,0xee,0xfa,0xee,0xfa,0xee,0x1a,0xef,
    0x1a,0xef,0x3a,0xef,0x5b,0xf7,0x5b,0xef,0x0d,0xd5,0x48,0xc4,0x1a,0xef,0x7c,0xf7,
    0xbf,0xf7,0xbf,0xf7,0xbe,0xf7,0xbe,0xf7,0xbe,0xf7,0xbe,0xf7,0xbe,0xf7,0xbe,0xf7,
    0xde,0xff,0xde,0xff,0xde,0xff,0xde,0xff,0xde,0xff,0xbd,0xff,0xbd,0xff,0xbc,0xf7,
    0xbc,0xf7,0xbc,0xf7,0xbc,0xf7,0xbc,0xf7,0xbd,0xff,0xbd,0xff,0xbd,0xf7,0xbd,0xf7,
    0xbc,0xf7,0xbc,0xf7,0x9c,0xf7,0x9c,0xf7,0x9c,0xf7,0x9c,0xf7,0x5b,0xf7,0xbd,0xff,
    0x5b,0xf7,0x3b,0xef,0x7c,0xff,0x9d,0xff,0xbd,0xff,0x9d,0xff,0xbd,0xff,0x9d,0xff,
    0x7c,0xff,0xbd,0xff,0xb9,0xee,0x35,0xe6,0x3a,0xff,0xf9,0xf6,0xf9,0xf6,0xb8,0xf6,
    0xb8,0xf6,0x52,0xcd,0x6b,0x93,0x31,0xc5,0x8f,0xb4,0xed,0xa3,0x0d,0xa4,0xed,0xa3,
    0x0d,0xa4,0x2e,0xac,0x2d,0xa4,0x11,0xc5,0xcd,0x9b,0xaf,0xbc,0xf0,0xc4,0xaf,0xbc,
    0xf0,0xc4,0x6e,0xac,0xaf,0xbc,0xaf,0xbc,0x8f,0xb4,0x8f,0xb4,0x8f,0xbc,0x8f,0xbc,
    0x8f,0xb4,0x8f,0xb4,0x4e,0xac,0x6f,0xac,0x2e,0xa4,0xac,0x93,0x6f,0xac,0x2e,0xa4,
    0xed,0x9b,0xac,0x93,0xac,0x93,0xac,0x93,0xcd,0x93,0xac,0x93,0x4d,0xb4,0xb3,0xe5,
    0x11,0xd5,0x6b,0x93,0x8c,0x93,0xac,0x93,0xac,0x93,0x4b,0x83,0x8c,0x93,0xac,0x93,
    0x4b,0x8b,0x6b,0x8b,0xac,0x93,0xac,0x93,0xac,0x93,0x4b,0x83,0x2a,0x83,0x6b,0x8b,
    0x4b,0x83,0xc9,0x72,0x27,0x5a,0x27,0x5a,0xac,0x93,0x8c,0x8b,0x4b,0x83,0x6b,0x8b,
    0x6b,0x8b,0x6b,0x8b,0x6b,0x8b,0x8c,0x8b,0x8c,0x8b,0x4b,0x83,0x2a,0x7b,0xac,0x93,
    0x2b,0x83,0xa9,0x72,0x2a,0x7b,0x8c,0x8b,0x0a,0x7b,0x2a,0x7b,0x2a,0x7b,0x2b,0x7b,
    0x0a,0x7b,0xc9,0x6a,0x27,0x5a,0xe6,0x49,0x6e,0x94,0xd3,0xc5,0x14,0xce,0x35,0xce,
    0x77,0xde,0x97,0xe6,0x93,0xbd,0x0d,0x84,0x2d,0x8c,0x6e,0x94,0x68,0x52,0x0f,0x84,
    0xb2,0x9c,0x53,0xad,0x4e,0x8c,0xb1,0x9c,0x0e,0x8c,0x6e,0x94,0x4e,0x8c,0xaf,0x9c,
    0x6e,0x9c,0xaf,0xa4,0x8f,0x9c,0xaf,0x9c,0x71,0xb5,0x52,0xb5,0xad,0x7b,0xad,0x8b,
    0x70,0x9c,0x2f,0x9c,0xd1,0xa4,0xb9,0xe6,0xfa,0xee,0xd9,0xe6,0xd9,0xee,0xd9,0xee,
    0xd9,0xee,0xd9,0xe6,0xd9,0xe6,0xd9,0xee,0xd9,0xe6,0xd9,0xee,0xd9,0xee,0xd9,0xee,
    0xf9,0xee,0xfa,0xee,0xfa,0xee,0x1a,0xef,0x1a,0xef,0x3b,0xef,0x1a,0xef,0x2e,0xd5,
    0x8a,0xcc,0xb8,0xee,0x9d,0xf7,0x5b,0xf7,0xbf,0xf7,0xbe,0xf7,0xbe,0xf7,0xbe,0xf7,
    0xbe,0xf7,0xbe,0xf7,0xbe,0xf7,0xde,0xff,0xde,0xff,0xde,0xff,0xde,0xff,0xde,0xff,
    0xbe,0xff,0xbd,0xff,0xbc,0xf7,0x9c,0xf7,0xbc,0xf7,0xbc,0xff,0xbc,0xf7,0xbd,0xff,
    0xbd,0xff,0xbd,0xff,0xbd,0xff,0xbd,0xff,0xbd,0xff,0xbd,0xf7,0xbc,0xf7,0xbc,0xf7,
    0xbd,0xf7,0x7b,0xf7,0x9c,0xf7,0xbd,0xf7,0x3b,0xef,0x7c,0xf7,0x5c,0xf7,0xbd,0xff,
    0xbd,0xff,0x9d,0xff,0xbd,0xff,0x7c,0xff,0x7c,0xff,0xbd,0xff,0x77,0xe6,0x97,0xee,
    0x1a,0xff,0xf9,0xf6,0xf9,0xf6,0xb8,0xf6,0x97,0xf6,0x11,0xc5,0xab,0x9b,0x51,0xcd,
    0x4e,0xac,0x0d,0xa4,0x0d,0xa4,0xed,0xa3,0xed,0x9b,0xcc,0x9b,0x2e,0xac,0xb0,0xbc,
    0xac,0x93,0xed,0x9b,0xaf,0xbc,0x8f,0xb4,0xcf,0xbc,0x4e,0xac,0x8f,0xb4,0xaf,0xbc,
    0xaf,0xbc,0x8f,0xbc,0x8f,0xbc,0x8f,0xb4,0x8f,0xb4,0x6e,0xb4,0x6f,0xac,0x6f,0xb4,
    0x0e,0xa4,0xcc,0x9b,0x4e,0xac,0x0d,0x9c,0xcd,0x9b,0xac,0x93,0x8c,0x8b,0xac,0x93,
    0xcd,0x93,0xcd,0x93,0x0c,0xac,0xf4,0xe5,0xf5,0xe5,0xcf,0xcc,0x6b,0x93,0xed,0x9b,
    0x0d,0xa4,0xac,0x93,0x0a,0x7b,0xcc,0x9b,0x8b,0x93,0x4b,0x8b,0x8c,0x8b,0xcd,0x93,
    0xac,0x93,0x8c,0x8b,0x0a,0x7b,0x2a,0x83,0x6b,0x8b,0x0a,0x7b,0x88,0x6a,0xa5,0x49,
    0x0a,0x7b,0xac,0x93,0x4b,0x83,0x8c,0x8b,0x6b,0x8b,0x6b,0x8b,0x6b,0x8b,0x8c,0x8b,
    0xac,0x8b,0x6b,0x8b,0x2a,0x83,0x8c,0x8b,0x8c,0x8b,0x88,0x6a,0xea,0x7a,0x2b,0x7b,
    0x2b,0x7b,0x0a,0x7b,0x0a,0x7b,0x0a,0x7b,0xea,0x72,0x0a,0x7b,0x0a,0x73,0x27,0x52,
    0xe9,0x6a,0xd3,0xc5,0x14,0xce,0x56,0xd6,0x97,0xe6,0x72,0xbd,0xec,0x7b,0x2d,0x8c,
    0x8f,0x9c,0x68,0x5a,0x48,0x52,0xb1,0x9c,0x54,0xad,0x4e,0x8c,0x4a,0x6b,0x13,0xad,
    0x2f,0x8c,0x4e,0x8c,0xec,0x83,0xd0,0xa4,0x4b,0x6b,0x8f,0x9c,0xf0,0xa4,0xaf,0x9c,
    0xef,0xa4,0xb3,0xbd,0xb3,0xbd,0x6f,0x9c,0x0e,0x9c,0x90,0xa4,0xb1,0xac,0x12,0xb5,
    0x78,0xde,0x1a,0xef,0xd9,0xe6,0xd9,0xe6,0xd9,0xee,0xd9,0xee,0xd9,0xee,0xd9,0xe6,
    0xd9,0xe6,0xd9,0xee,0xd9,0xee,0xd9,0xee,0xf9,0xee,0xf9,0xee,0xfa,0xee,0x1a,0xef,
    0x1a,0xef,0x3b,0xef,0xd8,0xee,0xac,0xcc,0x56,0xe6,0x9d,0xf7,0x5b,0xf7,0x5b,0xf7,
    0xbf,0xf7,0xbe,0xf7,0xbe,0xf7,0xbf,0xf7,0xbf,0xf7,0xde,0xf7,0xde,0xff,0xde,0xff,
    0xde,0xff,0xde,0xff,0xde,0xff,0xde,0xff,0xdd,0xff,0xbd,0xff,0xbc,0xf7,0x9c,0xf7,
    0xbd,0xff,0xbd,0xff,0xbd,0xff,0xbd,0xff,0xbd,0xff,0xdd,0xff,0xdd,0xff,0xdd,0xff,
    0xbd,0xff,0xbd,0xf7,0xbd,0xff,0xbd,0xff,0x9d,0xf7,0x5b,0xf7,0xbd,0xf7,0x9c,0xf7,
    0x5c,0xf7,0x7c,0xf7,0x1a,0xf7,0xbe,0xff,0x9d,0xff,0xbd,0xff,0x9d,0xff,0x5b,0xff,
    0x7c,0xff,0x9d,0xff,0x57,0xe6,0xf9,0xf6,0xf9,0xf6,0xf9,0xf6,0xf9,0xf6,0x97,0xf6,
    0x56,0xee,0xb0,0xbc,0xed,0xa3,0x31,0xc5,0x0d,0xa4,0x0d,0xa4,0x0d,0xa4,0xed,0xa3,
    0xed,0x9b,0xcc,0x93,0x0d,0xa4,0x8f,0xb4,0xac,0x93,0xac,0x93,0xed,0x9b,0x6e,0xb4,
    0x4e,0xac,0x4e,0xac,0x6e,0xac,0xd0,0xbc,0xaf,0xbc,0x8f,0xbc,0x8f,0xbc,0x8f,0xbc,
    0x6e,0xac,0x2e,0xa4,0x6f,0xac,0x6f,0xb4,0xed,0x9b,0xac,0x93,0xcd,0x9b,0xcd,0x9b,
    0xcd,0x93,0xcc,0x93,0x8c,0x8b,0xac,0x93,0xcd,0x93,0xed,0x9b,0xab,0x9b,0x93,0xdd,
    0x77,0xee,0xd4,0xe5,0x8f,0xc4,0xac,0x9b,0x0d,0xa4,0x2e,0xac,0x2a,0x83,0x0a,0x7b,
    0xcc,0x9b,0x8c,0x93,0x6b,0x8b,0x8c,0x93,0xcd,0x9b,0x8c,0x93,0x2a,0x83,0xea,0x7a,
    0x2a,0x83,0x4b,0x83,0xc9,0x72,0x27,0x52,0x47,0x5a,0xac,0x93,0x6b,0x8b,0x8c,0x8b,
    0x8c,0x8b,0x6b,0x8b,0x6b,0x8b,0x8c,0x8b,0xac,0x8b,0x8c,0x8b,0x4b,0x83,0x4b,0x83,
    0xcd,0x93,0x27,0x52,0x88,0x62,0xea,0x72,0x2b,0x7b,0x0a,0x7b,0x0a,0x73,0xea,0x72,
    0xe9,0x72,0xc9,0x6a,0x88,0x62,0x88,0x62,0x27,0x5a,0xd0,0xa4,0x96,0xde,0x56,0xde,
    0xd4,0xc5,0xec,0x83,0x4e,0x8c,0x8e,0x94,0xa9,0x62,0x24,0x31,0x6c,0x73,0xb1,0x9c,
    0x94,0xb5,0xed,0x7b,0x8c,0x73,0x33,0xad,0x0f,0x84,0x6e,0x94,0xcc,0x7b,0xaf,0x9c,
    0x0d,0x84,0x47,0x52,0x52,0xb5,0xf0,0xa4,0xd0,0xa4,0x51,0xad,0xf4,0xc5,0xf4,0xc5,
    0x32,0xb5,0x53,0xbd,0xf6,0xd5,0x33,0xb5,0xb1,0xa4,0x16,0xd6,0x1a,0xef,0xb9,0xe6,
    0xd9,0xee,0xd9,0xe6,0xd9,0xe6,0xd9,0xee,0xd9,0xe6,0xd9,0xee,0xd9,0xee,0xd9,0xee,
    0xf9,0xee,0xf9,0xee,0xfa,0xee,0xfa,0xee,0xfa,0xee,0x1a,0xef,0x3a,0xef,0x1a,0xef,
    0x5b,0xf7,0x3b,0xef,0x3b,0xef,0x3b,0xef,0xbf,0xf7,0xbf,0xf7,0xdf,0xf7,0xdf,0xff,
    0xdf,0xff,0xdf,0xff,0xdf,0xff,0xde,0xff,0xde,0xff,0xde,0xff,0xde,0xff,0xde,0xff,
    0xde,0xff,0xbd,0xff,0xbd,0xff,0xbd,0xff,0xbd,0xff,0xbd,0xff,0xde,0xff,0xde,0xff,
    0xde,0xff,0xde,0xff,0xdd,0xff,0xbd,0xff,0xbd,0xff,0xbd,0xff,0xbd,0xff,0xbd,0xff,
    0x7c,0xf7,0x7c,0xf7,0xdd,0xf7,0x5b,0xef,0x9d,0xf7,0xfa,0xf6,0x3b,0xf7,0xbe,0xff,
    0x9d,0xff,0xbd,0xff,0x7c,0xff,0x3b,0xff,0x9d,0xff,0x7c,0xff,0x36,0xe6,0x1a,0xff,
    0xb8,0xf6,0xf9,0xf6,0xf9,0xfe,0x35,0xee,0x56,0xee,0x4e,0xac,0x0d,0xa4,0xf0,0xc4,
    0x0d,0xa4,0x0d,0xa4,0x0d,0xa4,0x0d,0xa4,0xed,0x9b,0xac,0x93,0xed,0x9b,0x8f,0xb4,
    0xcc,0x93,0xcd,0x9b,0xac,0x93,0x0d,0xa4,0xcc,0x9b,0x4e,0xac,0x0d,0xa4,0x8f,0xb4,
    0xaf,0xbc,0x8f,0xb4,0x8f,0xb4,0xaf,0xbc,0x2e,0xa4,0x0d,0xa4,0x2e,0xa4,0x6e,0xac,
    0x8b,0x8b,0x8b,0x8b,0xcd,0x93,0xac,0x93,0xac,0x93,0xcd,0x93,0x6b,0x8b,0x8b,0x8b,
    0xed,0x9b,0xed,0x9b,0x8b,0x93,0x31,0xd5,0x77,0xee,0x57,0xee,0xf4,0xe5,0x6e,0xbc,
    0xac,0x9b,0x0d,0xa4,0x0d,0xa4,0xa8,0x72,0x4b,0x8b,0xcc,0x9b,0x8c,0x8b,0x6b,0x8b,
    0x8c,0x8b,0xcc,0x93,0x6b,0x8b,0x2a,0x83,0xc9,0x72,0x2a,0x7b,0x0a,0x7b,0x88,0x6a,
    0xc6,0x49,0x4b,0x83,0xac,0x93,0x8c,0x8b,0xac,0x93,0x8c,0x8b,0x8c,0x8b,0x8c,0x8b,
    0x8c,0x8b,0x8c,0x8b,0x4b,0x8b,0x2b,0x83,0xcd,0x9b,0xa9,0x6a,0x85,0x41,0x88,0x62,
    0x0a,0x7b,0xe9,0x72,0xa9,0x6a,0x89,0x62,0x48,0x5a,0x68,0x5a,0x68,0x62,0x88,0x62,
    0x06,0x52,0x88,0x5a,0x56,0xd6,0x36,0xd6,0x6e,0x94,0xae,0x9c,0x4e,0x94,0x68,0x5a,
    0x65,0x39,0x85,0x39,0x0e,0x84,0xb1,0x9c,0x54,0xb5,0x30,0x8c,0x2f,0x8c,0x94,0xbd,
    0xef,0x83,0x8f,0x9c,0x8e,0x94,0x6e,0x94,0x92,0xb5,0xe6,0x41,0x0a,0x6b,0xd3,0xc5,
    0x31,0xad,0xf0,0xa4,0x93,0xbd,0xf4,0xc5,0xf4,0xc5,0x52,0xbd,0xd5,0xcd,0x57,0xde,
    0x37,0xd6,0x70,0xa4,0xf6,0xcd,0x1a,0xef,0xb9,0xe6,0xd9,0xee,0xd9,0xe6,0xd9,0xe6,
    0xd9,0xe6,0xd9,0xe6,0xd9,0xee,0xd9,0xee,0xd9,0xee,0xf9,0xee,0xf9,0xee,0xfa,0xee,
    0xfa,0xee,0x1a,0xef,0x1a,0xef,0x1a,0xef,0x1a,0xef,0x3b,0xef,0x3b,0xef,0x3b,0xef,
    0xdf,0xf7,0xde,0xf7,0xdf,0xff,0xdf,0xff,0xdf,0xff,0xdf,0xff,0xdf,0xff,0xde,0xff,
    0xde,0xff,0xde,0xff,0xde,0xff,0xde,0xff,0xde,0xff,0xbd,0xff,0xbd,0xff,0xbe,0xff,
    0xde,0xff,0xde,0xff,0xde,0xff,0xde,0xff,0xde,0xff,0xde,0xff,0xbd,0xff,0xbd,0xff,
    0xbd,0xf7,0xbd,0xff,0xbd,0xff,0xbd,0xff,0x7c,0xf7,0xbd,0xff,0x9d,0xf7,0x1a,0xef,
    0xbd,0xff,0xb8,0xee,0x7c,0xff,0xbd,0xff,0x9d,0xff,0xbd,0xff,0x3a,0xf7,0x5b,0xff,
    0x9c,0xff,0x3a,0xf7,0x77,0xee,0x19,0xff,0xb7,0xf6,0xf9,0xfe,0xf9,0xfe,0xf4,0xed,
    0x36,0xe6,0x0d,0xa4,0x2d,0xac,0xd0,0xbc,0x0d,0xa4,0x0d,0xa4,0x0d,0xa4,0xed,0x9b,
    0xcd,0x9b,0xcc,0x93,0xcc,0x93,0x4e,0xac,0xcc,0x9b,0xcd,0x9b,0xcc,0x93,0xcc,0x9b,
    0xac,0x93,0x2e,0xac,0xed,0x9b,0xcd,0x9b,0x0d,0xa4,0x6f,0xb4,0xaf,0xbc,0x8f,0xb4,
    0xed,0x9b,0xed,0x9b,0xed,0x9b,0x2e,0xac,0x6b,0x8b,0xac,0x93,0xac,0x93,0xcc,0x93,
    0xac,0x93,0xcd,0x93,0x8b,0x8b,0x8b,0x8b,0x0e,0xa4,0x0e,0xa4,0x8b,0x93,0xf0,0xcc,
    0x77,0xee,0x57,0xee,0x77,0xee,0xf4,0xed,0x4e,0xb4,0xed,0x9b,0x0d,0xa4,0xac,0x9b,
    0x8b,0x93,0x6b,0x8b,0xcc,0x9b,0xac,0x93,0x6b,0x8b,0x6b,0x8b,0x6b,0x8b,0x6b,0x8b,
    0x4b,0x83,0xc9,0x72,0xea,0x72,0xc9,0x72,0x27,0x5a,0x88,0x62,0xac,0x93,0x8c,0x8b,
    0xac,0x93,0x8c,0x8b,0x8c,0x8b,0xac,0x8b,0xac,0x8b,0xac,0x93,0x6b,0x8b,0x4b,0x83,
    0x8c,0x8b,0x4b,0x83,0x06,0x52,0xc5,0x49,0x48,0x5a,0xe9,0x72,0x68,0x62,0x48,0x5a,
    0x68,0x62,0x88,0x6a,0xa8,0x6a,0x27,0x52,0x47,0x5a,0x27,0x5a,0xcd,0x83,0x93,0xbd,
    0xed,0x8b,0x4b,0x73,0x27,0x52,0xc6,0x41,0x85,0x39,0x27,0x52,0x8f,0x94,0xd1,0x9c,
    0x54,0xb5,0x71,0x94,0xf2,0xa4,0xf6,0xc5,0xef,0x83,0x0e,0x8c,0x31,0xad,0xd0,0xa4,
    0x72,0xb5,0x2e,0x8c,0x44,0x31,0x0d,0x8c,0xf4,0xc5,0x31,0xad,0x11,0xad,0xd3,0xc5,
    0xd3,0xc5,0xf4,0xc5,0x93,0xc5,0x53,0xbd,0x1a,0xef,0x77,0xde,0xb1,0xac,0xf6,0xd5,
    0x1a,0xef,0xb9,0xe6,0xd9,0xe6,0xd9,0xee,0xd9,0xee,0xd9,0xee,0xd9,0xee,0xd9,0xee,
    0xd9,0xee,0xd9,0xee,0xf9,0xee,0xfa,0xee,0xfa,0xee,0xfa,0xee,0x1a,0xef,0x1a,0xef,
    0x1a,0xef,0x1a,0xef,0x1a,0xef,0x3b,0xef,0xdf,0xff,0xdf,0xff,0xdf,0xff,0xdf,0xff,
    0xdf,0xff,0xdf,0xff,0xdf,0xff,0xdf,0xff,0xde,0xff,0xde,0xff,0xde,0xff,0xde,0xff,
    0xde,0xff,0xde,0xff,0xde,0xff,0xde,0xff,0xde,0xff,0xde,0xff,0xde,0xff,0xde,0xff,
    0xde,0xff,0xbd,0xff,0xbd,0xff,0xbd,0xf7,0xbc,0xf7,0xbd,0xff,0xbd,0xff,0x7c,0xf7,
    0x7c,0xf7,0xde,0xff,0x5c,0xf7,0x7c,0xf7,0x3b,0xf7,0xb4,0xd5,0xde,0xff,0x9d,0xff,
    0x9d,0xff,0x9d,0xff,0xf9,0xf6,0x7c,0xff,0x9c,0xff,0xfa,0xf6,0xb8,0xf6,0xb8,0xf6,
    0xb8,0xf6,0x19,0xff,0xb8,0xf6,0xf4,0xe5,0x35,0xe6,0xcc,0xa3,0x2e,0xac,0x8f,0xb4,
    0x0d,0xa4,0x2e,0xa4,0x0d,0xa4,0x0d,0xa4,0xcd,0x9b,0xac,0x93,0x8b,0x8b,0x0d,0xa4,
    0xcd,0x9b,0xcd,0x9b,0xcc,0x9b,0xcc,0x9b,0xac,0x93,0x0d,0xa4,0xed,0x9b,0xcd,0x9b,
    0xcc,0x93,0xed,0x9b,0x2e,0xa4,0x0d,0xa4,0xcc,0x9b,0xcd,0x9b,0xed,0x9b,0xed,0xa3,
    0x6b,0x8b,0xcd,0x93,0xac,0x8b,0xcc,0x93,0xac,0x93,0xcd,0x9b,0x8c,0x8b,0x4b,0x8b,
    0x2e,0xac,0x2e,0xa4,0xac,0x93,0xaf,0xc4,0x77,0xee,0x77,0xee,0x77,0xee,0x97,0xee,
    0xd3,0xe5,0x0d,0xac,0xed,0xa3,0xcc,0x9b,0x8b,0x93,0x4d,0xb4,0x6b,0x93,0xcd,0x9b,
    0xac,0x9b,0x6b,0x8b,0x6b,0x8b,0x6b,0x8b,0x8b,0x8b,0x4b,0x83,0xc9,0x6a,0xa9,0x6a,
    0x68,0x62,0xe6,0x51,0x6b,0x8b,0xac,0x93,0x8c,0x93,0xac,0x93,0xac,0x93,0xac,0x93,
    0xac,0x93,0xac,0x93,0x8c,0x8b,0x6b,0x83,0x4b,0x83,0x8c,0x8b,0xc9,0x72,0x88,0x62,
    0xe6,0x49,0x47,0x5a,0x68,0x62,0xc6,0x49,0x27,0x5a,0x68,0x62,0xea,0x72,0xea,0x72,
    0x0a,0x7b,0x47,0x5a,0xc5,0x41,0xa8,0x62,0x27,0x52,0xe7,0x49,0x48,0x5a,0x27,0x52,
    0x85,0x39,0x2b,0x73,0xf0,0xa4,0x32,0xad,0x95,0xbd,0x71,0x94,0x54,0xb5,0x37,0xd6,
    0x30,0x8c,0x6b,0x73,0x92,0xbd,0xaf,0x9c,0xf0,0xa4,0x72,0xb5,0x68,0x5a,0xa5,0x41,
    0x8f,0x9c,0x14,0xce,0x51,0xb5,0x92,0xbd,0xf4,0xc5,0xd3,0xc5,0xd3,0xc5,0xb4,0xc5,
    0x16,0xd6,0xf9,0xee,0xb8,0xe6,0x90,0xa4,0x36,0xd6,0xf9,0xee,0xb9,0xe6,0xd9,0xe6,
    0xd9,0xee,0xd9,0xee,0xd9,0xee,0xd9,0xee,0xd9,0xee,0xd9,0xee,0xd9,0xee,0xf9,0xee,
    0xfa,0xee,0xfa,0xee,0xfa,0xee,0x1a,0xef,0x1a,0xef,0x1a,0xef,0x1a,0xef,0x1a,0xef,
    0xdf,0xff,0xdf,0xff,0xdf,0xff,0xdf,0xff,0xdf,0xff,0xdf,0xff,0xdf,0xff,0xdf,0xff,
    0xde,0xff,0xde,0xff,0xde,0xff,0xde,0xff,0xde,0xff,0xde,0xff,0xde,0xff,0xde,0xff,
    0xde,0xff,0xde,0xff,0xde,0xff,0xde,0xff,0xde,0xff,0xbd,0xff,0xbd,0xff,0x9c,0xf7,
    0xbd,0xf7,0xbd,0xf7,0xdd,0xff,0x3b,0xf7,0x9d,0xff,0xde,0xff,0x1a,0xef,0xde,0xff,
    0x77,0xe6,0x98,0xe6,0xde,0xff,0x9d,0xff,0x9d,0xff,0x5b,0xf7,0x1a,0xf7,0x7c,0xff,
    0x9c,0xff,0xd9,0xee,0xd8,0xf6,0x76,0xee,0xd8,0xf6,0x19,0xff,0x97,0xf6,0xf4,0xed,
    0xf5,0xdd,0xac,0x9b,0x4e,0xac,0x8f,0xb4,0x2e,0xa4,0x4e,0xac,0x2e,0xa4,0x0d,0xa4,
    0xcd,0x9b,0xac,0x93,0x6b,0x8b,0x0d,0xa4,0xcc,0x93,0xcd,0x9b,0xcd,0x9b,0xcd,0x9b,
    0xac,0x93,0xcc,0x9b,0xed,0x9b,0xed,0x9b,0xed,0x9b,0xed,0x9b,0xcc,0x9b,0xcc,0x93,
    0xac,0x93,0xac,0x93,0x0d,0xa4,0xac,0x93,0x6b,0x8b,0xed,0x9b,0xac,0x93,0xac,0x93,
    0xac,0x93,0xcd,0x9b,0xcc,0x93,0xe9,0x7a,0x2e,0xac,0x4e,0xac,0xed,0x9b,0x4e,0xb4,
    0x76,0xee,0x77,0xee,0x77,0xee,0x77,0xee,0x77,0xee,0x72,0xdd,0xec,0xab,0xed,0xa3,
    0xcc,0x9b,0x2d,0xac,0x31,0xd5,0xac,0x9b,0xcd,0x9b,0xac,0x9b,0x6b,0x8b,0x8b,0x93,
    0x6b,0x8b,0x6b,0x8b,0x4b,0x83,0xa8,0x6a,0x68,0x62,0x27,0x5a,0xe9,0x72,0xac,0x93,
    0x8c,0x8b,0xac,0x93,0xac,0x93,0xac,0x93,0xac,0x93,0xac,0x93,0x8c,0x8b,0x6b,0x8b,
    0x0a,0x7b,0x8c,0x8b,0xc9,0x6a,0x0a,0x7b,0x2b,0x7b,0xa8,0x6a,0xc9,0x72,0x68,0x62,
    0x68,0x62,0xc9,0x6a,0x0a,0x73,0x0a,0x7b,0x48,0x5a,0xa5,0x41,0x6b,0x83,0x88,0x62,
    0x27,0x5a,0x07,0x4a,0x48,0x5a,0x68,0x5a,0xe6,0x49,0x2e,0x8c,0x31,0xa5,0x94,0xbd,
    0xf7,0xcd,0x92,0x94,0x74,0xb5,0x37,0xd6,0x71,0x94,0x88,0x5a,0xb3,0xbd,0xf0,0xa4,
    0xaf,0x9c,0xb3,0xbd,0xcd,0x83,0xa5,0x41,0x27,0x52,0x52,0xb5,0xf4,0xc5,0x92,0xbd,
    0xd4,0xc5,0xf4,0xc5,0xb3,0xc5,0x15,0xce,0x15,0xd6,0x36,0xd6,0x1a,0xef,0x77,0xde,
    0x90,0xa4,0xb8,0xe6,0xd9,0xee,0xd9,0xe6,0xd9,0xee,0xd9,0xe6,0xd9,0xee,0xd9,0xee,
    0xd9,0xee,0xd9,0xee,0xd9,0xee,0xf9,0xee,0xf9,0xee,0xfa,0xee,0xfa,0xee,0xfa,0xee,
    0x1a,0xef,0x1a,0xef,0x1a,0xef,0x1a,0xef,0xde,0xff,0xde,0xff,0xdf,0xff,0xdf,0xff,
    0xdf,0xff,0xdf,0xff,0xdf,0xff,0xde,0xff,0xde,0xff,0xde,0xff,0xde,0xff,0xde,0xff,
    0xdd,0xff,0xde,0xff,0xde,0xff,0xde,0xff,0xde,0xff,0xde,0xff,0xdf,0xff,0xde,0xff,
    0xde,0xff,0xbd,0xff,0xbd,0xf7,0xbc,0xf7,0xbd,0xf7,0xbd,0xff,0x9d,0xff,0x7c,0xf7,
    0xde,0xff,0x7c,0xf7,0x3b,0xf7,0x9d,0xf7,0x77,0xe6,0x7c,0xf7,0xbe,0xff,0x7c,0xff,
    0x9d,0xff,0xd9,0xf6,0x1a,0xf7,0x7c,0xff,0x9c,0xff,0x97,0xee,0xd8,0xf6,0x55,0xee,
    0xf9,0xf6,0xf9,0xfe,0x56,0xee,0xf4,0xe5,0xd4,0xdd,0xac,0x9b,0x0d,0xa4,0x6f,0xac,
    0x4e,0xac,0x4e,0xac,0x4e,0xac,0x2e,0xa4,0xcd,0x9b,0xcd,0x93,0x6b,0x8b,0x0d,0xa4,
    0xcd,0x93,0xcd,0x9b,0xcd,0x9b,0xcd,0x9b,0xac,0x93,0xcc,0x93,0xcd,0x9b,0xcd,0x9b,
    0xed,0x9b,0xcd,0x9b,0xcc,0x9b,0xcc,0x93,0xac,0x93,0xac,0x93,0x2e,0xa4,0x4a,0x83,
    0xac,0x93,0xed,0x9b,0xac,0x93,0xac,0x93,0xcc,0x9b,0xed,0x9b,0xed,0x9b,0xcc,0x9b,
    0x2e,0xac,0x4e,0xac,0x0d,0xa4,0x2e,0xac,0x76,0xee,0x98,0xee,0x77,0xee,0x77,0xee,
    0x57,0xe6,0x56,0xee,0x10,0xd5,0x0d,0xa4,0x4e,0xac,0xcc,0x9b,0x11,0xcd,0x15,0xee,
    0x0d,0xac,0xcc,0x9b,0xac,0x9b,0x4b,0x8b,0x6b,0x8b,0x6b,0x8b,0x6b,0x8b,0x2a,0x83,
    0x88,0x6a,0x27,0x5a,0x88,0x62,0xcc,0x93,0xac,0x93,0xac,0x93,0xac,0x93,0xac,0x93,
    0xac,0x93,0xac,0x93,0x8c,0x93,0x6b,0x8b,0x0a,0x7b,0x6b,0x8b,0xc9,0x72,0x06,0x52,
    0x2a,0x7b,0x4b,0x83,0x0a,0x7b,0x2b,0x83,0x4b,0x83,0xea,0x72,0xa9,0x6a,0x07,0x52,
    0xa5,0x41,0xe6,0x49,0x27,0x52,0x68,0x62,0xa9,0x62,0x48,0x5a,0x0a,0x7b,0x68,0x62,
    0x47,0x5a,0xf0,0xa4,0x31,0xa5,0xd5,0xc5,0x38,0xd6,0x54,0xb5,0xf6,0xcd,0xf6,0xc5,
    0x91,0x94,0xe6,0x49,0x51,0xad,0x51,0xad,0xaf,0x9c,0x92,0xbd,0x73,0xb5,0x27,0x52,
    0x07,0x52,0x68,0x5a,0xd4,0xbd,0x14,0xce,0xd3,0xc5,0xf4,0xc5,0xd3,0xc5,0xf4,0xc5,
    0x97,0xde,0x36,0xd6,0x56,0xd6,0x3a,0xf7,0x94,0xc5,0xf2,0xb4,0xfa,0xee,0xd9,0xe6,
    0xd9,0xe6,0xd9,0xe6,0xd9,0xe6,0xd9,0xee,0xd9,0xee,0xd9,0xee,0xd9,0xee,0xd9,0xee,
    0xf9,0xee,0xf9,0xee,0xfa,0xee,0xfa,0xee,0xfa,0xee,0xfa,0xee,0xfa,0xee,0x1a,0xef,
    0xde,0xff,0xde,0xff,0xde,0xff,0xdf,0xff,0xde,0xff,0xdf,0xff,0xde,0xff,0xde,0xff,
    0xde,0xff,0xde,0xff,0xde,0xff,0xde,0xff,0xde,0xff,0xde,0xff,0xde,0xff,0xdf,0xff,
    0xdf,0xff,0xdf,0xff,0xdf,0xff,0xdf,0xff,0xde,0xff,0xbe,0xff,0xbd,0xff,0xbd,0xf7,
    0xbd,0xf7,0xdd,0xff,0x7c,0xf7,0x9d,0xf7,0xfe,0xff,0x3b,0xef,0x9d,0xf7,0xfa,0xee,
    0x98,0xe6,0x7d,0xf7,0xbe,0xff,0x7c,0xff,0x7c,0xff,0x97,0xee,0x5b,0xff,0x7c,0xff,
    0x7c,0xff,0x98,0xee,0xf9,0xf6,0x15,0xe6,0xf9,0xfe,0xd8,0xf6,0x15,0xee,0xd3,0xe5,
    0x93,0xd5,0xac,0x9b,0xed,0xa3,0x6e,0xac,0x4e,0xac,0x4e,0xac,0x4e,0xac,0x2e,0xa4,
    0xed,0x9b,0xed,0x9b,0x4b,0x83,0xed,0xa3,0xcd,0x9b,0xed,0x9b,0xcd,0x9b,0xcd,0x9b,
    0xcc,0x9b,0xac,0x93,0xcc,0x9b,0xcd,0x9b,0xcc,0x9b,0xcd,0x9b,0xcc,0x9b,0xcc,0x93,
    0xac,0x93,0xcd,0x9b,0xed,0x9b,0x2a,0x83,0xcd,0x9b,0xed,0x9b,0xcd,0x9b,0xac,0x93,
    0xcc,0x9b,0xed,0x9b,0xcd,0x9b,0x2d,0xac,0x2e,0xac,0x2e,0xa4,0xed,0x9b,0x2d,0xac,
    0x35,0xee,0x77,0xee,0x57,0xee,0x57,0xee,0x77,0xee,0x97,0xee,0x56,0xf6,0x52,0xd5,
    0x2e,0xac,0x4e,0xac,0xcc,0x9b,0xaf,0xbc,0x4e,0xb4,0x2a,0x83,0x2a,0x83,0x2a,0x83,
    0xe9,0x7a,0x0a,0x83,0x2a,0x83,0x0a,0x83,0x0a,0x7b,0x68,0x62,0x27,0x5a,0xac,0x93,
    0xcc,0x9b,0xac,0x93,0xac,0x93,0xac,0x93,0xac,0x93,0xac,0x93,0xac,0x93,0x8b,0x8b,
    0x4b,0x83,0x4b,0x83,0x4b,0x83,0xc6,0x49,0x88,0x62,0x4b,0x83,0x0a,0x7b,0xc9,0x72,
    0x0a,0x7b,0x48,0x5a,0x27,0x52,0x06,0x4a,0xe6,0x49,0x07,0x52,0xc6,0x41,0x27,0x5a,
    0x6b,0x83,0x4b,0x83,0x4b,0x83,0xa9,0x6a,0xe9,0x6a,0x32,0xad,0x11,0xa5,0xf6,0xc5,
    0x17,0xd6,0x17,0xd6,0x37,0xd6,0xb5,0xc5,0xd2,0xa4,0xc5,0x49,0xaf,0x9c,0xb3,0xbd,
    0xd0,0xa4,0x72,0xb5,0x55,0xce,0x2b,0x73,0x27,0x52,0x48,0x5a,0x0a,0x6b,0x15,0xce,
    0xf4,0xcd,0xd3,0xc5,0xd3,0xc5,0xd3,0xc5,0x56,0xd6,0x77,0xde,0x36,0xd6,0x77,0xde,
    0xd9,0xe6,0x70,0xa4,0x36,0xd6,0xf9,0xee,0xd9,0xe6,0xd9,0xee,0xd9,0xe6,0xd9,0xee,
    0xd9,0xee,0xd9,0xee,0xd9,0xee,0xd9,0xee,0xf9,0xee,0xf9,0xee,0xf9,0xee,0xf9,0xee,
    0xfa,0xee,0xfa,0xee,0xfa,0xee,0xfa,0xee,0xde,0xff,0xde,0xff,0xde,0xff,0xde,0xff,
    0xde,0xff,0xde,0xff,0xde,0xff,0xde,0xff,0xde,0xff,0xde,0xff,0xdd,0xff,0xdd,0xff,
    0xde,0xff,0xde,0xff,0xde,0xff,0xdf,0xff,0xdf,0xff,0xdf,0xff,0xdf,0xff,0xdf,0xff,
    0xdf,0xff,0xde,0xff,0xbd,0xff,0xbd,0xff,0xbd,0xff,0xbd,0xf7,0x5b,0xf7,0xde,0xff,
    0xbe,0xff,0x5c,0xf7,0x7c,0xf7,0x1b,0xef,0xda,0xee,0xbe,0xff,0xbd,0xff,0x7c,0xff,
    0x3b,0xf7,0x77,0xee,0x7b,0xff,0x5b,0xff,0x5b,0xff,0x97,0xee,0xb8,0xf6,0xf4,0xe5,
    0x19,0xff,0xd8,0xf6,0xf4,0xe5,0xd3,0xe5,0x73,0xcd,0xcc,0x9b,0xed,0xa3,0x4e,0xac,
    0x4e,0xac,0x4e,0xac,0x4e,0xac,0x0e,0xa4,0xed,0x9b,0x0d,0xa4,0x4b,0x83,0xed,0x9b,
    0xcd,0x9b,0xed,0x9b,0xed,0x9b,0xed,0x9b,0xcd,0x9b,0xcc,0x9b,0xcc,0x9b,0xcc,0x9b,
    0xcc,0x9b,0xcc,0x9b,0xcc,0x9b,0xcd,0x9b,0xac,0x93,0x0d,0xa4,0x8b,0x8b,0x6b,0x8b,
    0xcd,0x9b,0xed,0x9b,0xed,0x9b,0xac,0x93,0xed,0x9b,0xed,0x9b,0xcd,0x9b,0x2d,0xac,
    0x6e,0xb4,0x0d,0xa4,0x0d,0xa4,0xed,0xa3,0xd3,0xe5,0x77,0xee,0x77,0xee,0x56,0xee,
    0xf5,0xdd,0x31,0xc5,0x6e,0xac,0xed,0xa3,0x4a,0x93,0x8b,0x9b,0x0d,0xa4,0x2a,0x83,
    0xcc,0xa3,0x6e,0xbc,0x0d,0xac,0x8b,0x93,0x8b,0x93,0x6b,0x93,0x6b,0x8b,0x6b,0x8b,
    0x4b,0x8b,0xe9,0x7a,0xa5,0x41,0xea,0x72,0xed,0x9b,0xac,0x93,0xac,0x93,0xac,0x93,
    0xac,0x93,0xac,0x93,0x8c,0x93,0x8c,0x8b,0x8b,0x8b,0x4b,0x83,0xac,0x93,0xa5,0x41,
    0xe6,0x51,0xe9,0x72,0x68,0x62,0xa9,0x6a,0xea,0x72,0xea,0x72,0x88,0x62,0x68,0x5a,
    0x47,0x5a,0x27,0x52,0x06,0x4a,0x27,0x52,0x2b,0x83,0x4b,0x83,0x8c,0x8b,0xea,0x72,
    0xcd,0x8b,0x52,0xad,0x32,0xa5,0x16,0xce,0xf7,0xcd,0xf7,0xd5,0x17,0xd6,0xd6,0xc5,
    0x13,0xa5,0xc6,0x49,0x2d,0x8c,0xd3,0xc5,0x31,0xad,0xb3,0xbd,0x35,0xce,0x90,0x9c,
    0x07,0x52,0xa9,0x62,0x28,0x5a,0x6b,0x7b,0x35,0xce,0xf4,0xcd,0xf4,0xc5,0xd4,0xc5,
    0x35,0xce,0x77,0xde,0x97,0xde,0x56,0xd6,0xb8,0xe6,0x94,0xc5,0xf2,0xb4,0xf9,0xee,
    0xd9,0xe6,0xd9,0xe6,0xd9,0xee,0xd9,0xe6,0xd9,0xee,0xd9,0xee,0xd9,0xee,0xd9,0xee,
    0xf9,0xee,0xd9,0xee,0xd9,0xee,0xd9,0xee,0xf9,0xee,0xf9,0xee,0xf9,0xee,0xf9,0xee,
    0xde,0xff,0xde,0xff,0xde,0xff,0xde,0xff,0xde,0xff,0xde,0xff,0xde,0xff,0xde,0xff,
    0xde,0xff,0xbd,0xff,0xbd,0xff,0xbd,0xff,0xde,0xff,0xde,0xff,0xdf,0xff,0xdf,0xff,
    0xdf,0xff,0xdf,0xff,0xdf,0xff,0xdf,0xff,0xdf,0xff,0xdf,0xff,0xde,0xff,0xde,0xff,
    0xde,0xff,0x9d,0xf7,0x5c,0xf7,0xff,0xff,0x7c,0xf7,0x9d,0xf7,0xfa,0xee,0x9e,0xf7,
    0x1b,0xef,0xbe,0xff,0x7c,0xff,0x9d,0xff,0x97,0xee,0x97,0xee,0x7c,0xff,0x5b,0xff,
    0x3a,0xff,0x98,0xee,0x56,0xee,0xf4,0xe5,0x19,0xff,0xb7,0xf6,0xb3,0xdd,0xb3,0xdd,
    0x72,0xcd,0xcc,0x9b,0xed,0xa3,0x4e,0xac,0x6e,0xac,0x6e,0xac,0x4e,0xac,0x0d,0xa4,
    0xed,0x9b,0x0e,0xa4,0x2a,0x83,0xac,0x93,0xed,0x9b,0xcd,0x9b,0xed,0x9b,0xed,0x9b,
    0xed,0x9b,0xcc,0x9b,0xcc,0x9b,0xcc,0x9b,0xcc,0x9b,0xcc,0x9b,0xcd,0x9b,0xcc,0x9b,
    0xcc,0x9b,0x4e,0xac,0x4b,0x8b,0xcc,0x9b,0xcd,0x9b,0xed,0x9b,0xed,0x9b,0x8c,0x93,
    0xcd,0x9b,0xed,0xa3,0xcc,0x9b,0x4e,0xac,0xd0,0xc4,0x2e,0xa4,0x4e,0xac,0xec,0xa3,
    0xd3,0xdd,0xd4,0xdd,0xaf,0xbc,0x0d,0xa4,0x8b,0x9b,0xac,0x9b,0xed,0xa3,0xf1,0xbc,
    0x93,0xd5,0x52,0xd5,0x6e,0xb4,0x6e,0xb4,0xf0,0xc4,0xf4,0xed,0x31,0xdd,0x8e,0xc4,
    0xec,0xa3,0xed,0xa3,0xcc,0x9b,0x8b,0x93,0x8c,0x93,0x4a,0x8b,0x67,0x62,0x68,0x62,
    0xcd,0x9b,0xac,0x93,0xac,0x93,0xac,0x93,0xac,0x93,0xac,0x93,0xac,0x93,0x8c,0x8b,
    0xac,0x93,0x4b,0x83,0xcd,0x93,0x88,0x6a,0xe6,0x51,0x88,0x6a,0x27,0x5a,0x47,0x5a,
    0xea,0x72,0x4b,0x83,0xea,0x72,0xe9,0x72,0xea,0x72,0xa9,0x6a,0x27,0x5a,0x47,0x5a,
    0xea,0x72,0x0a,0x7b,0x8c,0x8b,0x0a,0x7b,0x4e,0x94,0x52,0xad,0x73,0xb5,0x37,0xd6,
    0x17,0xce,0x17,0xd6,0x16,0xd6,0x95,0xbd,0xf3,0xa4,0xe6,0x51,0xac,0x7b,0xd3,0xbd,
    0x72,0xb5,0xd3,0xbd,0xf4,0xc5,0x93,0xbd,0xa9,0x62,0x88,0x62,0x68,0x5a,0x88,0x62,
    0x11,0xad,0x35,0xd6,0x35,0xd6,0x56,0xd6,0x35,0xd6,0x97,0xde,0x76,0xde,0x97,0xde,
    0x56,0xd6,0x36,0xd6,0xd1,0xac,0x77,0xde,0xf9,0xee,0xd9,0xe6,0xd9,0xee,0xd9,0xee,
    0xd9,0xe6,0xd9,0xe6,0xd9,0xee,0xd9,0xee,0xd9,0xee,0xd9,0xee,0xd9,0xee,0xd9,0xee,
    0xd9,0xe6,0xd9,0xe6,0xd9,0xee,0xd9,0xee,0xde,0xff,0xde,0xff,0xde,0xff,0xdd,0xff,
    0xde,0xff,0xde,0xff,0xde,0xff,0xdd,0xff,0xbd,0xff,0xbc,0xff,0xbc,0xf7,0xbd,0xff,
    0xde,0xff,0xde,0xff,0xdf,0xff,0xdf,0xff,0xdf,0xff,0xdf,0xff,0xdf,0xff,0xdf,0xff,
    0xdf,0xff,0xdf,0xff,0xdf,0xff,0xde,0xff,0xff,0xff,0x7c,0xf7,0x9d,0xf7,0xdf,0xff,
    0x7c,0xf7,0x5c,0xf7,0x5c,0xf7,0xbe,0xff,0x3b,0xf7,0xbd,0xff,0x5b,0xff,0x7c,0xff,
    0xb3,0xe5,0x97,0xee,0x7b,0xff,0x5b,0xff,0x1a,0xf7,0xb8,0xf6,0xf4,0xe5,0xf4,0xe5,
    0x19,0xff,0xb7,0xf6,0x72,0xdd,0xb3,0xdd,0x72,0xcd,0xcc,0x9b,0xed,0xa3,0x2e,0xac,
    0x6e,0xac,0x8f,0xb4,0x4e,0xac,0x0d,0xa4,0xed,0x9b,0x2e,0xa4,0x2a,0x7b,0x6b,0x8b,
    0xed,0x9b,0xcd,0x9b,0xed,0x9b,0xed,0x9b,0xed,0x9b,0xcc,0x9b,0xec,0x9b,0xcc,0x9b,
    0xed,0x9b,0xed,0x9b,0xed,0x9b,0xcc,0x9b,0x2d,0xa4,0xcc,0x9b,0x4b,0x8b,0xed,0x9b,
    0xed,0x9b,0xed,0x9b,0xed,0x9b,0x8b,0x93,0xcc,0x9b,0xed,0xa3,0xcc,0x9b,0x2e,0xac,
    0x11,0xcd,0x4e,0xac,0x6f,0xb4,0xac,0x93,0xcc,0x9b,0x8b,0x93,0x8b,0x93,0x6e,0xac,
    0x73,0xcd,0x57,0xe6,0x98,0xee,0xd8,0xf6,0xb8,0xf6,0x56,0xee,0x72,0xd5,0x6e,0xb4,
    0xed,0xa3,0x53,0xcd,0x56,0xee,0x93,0xdd,0x31,0xd5,0x6e,0xb4,0xed,0xa3,0xcc,0x9b,
    0x8b,0x93,0x4b,0x8b,0xc9,0x72,0x47,0x62,0x8c,0x93,0xac,0x93,0xac,0x93,0xac,0x93,
    0xcc,0x93,0xcc,0x93,0xac,0x93,0x8c,0x93,0xac,0x93,0x6b,0x8b,0xac,0x93,0x2b,0x83,
    0x68,0x62,0xc9,0x6a,0x48,0x62,0xa5,0x41,0x06,0x52,0x68,0x5a,0x2b,0x7b,0xea,0x72,
    0xea,0x72,0x88,0x62,0x68,0x5a,0x27,0x52,0x47,0x5a,0x0a,0x7b,0x8c,0x8b,0x6b,0x83,
    0xb0,0x9c,0x31,0xa5,0x73,0xb5,0x57,0xd6,0xf7,0xcd,0xd6,0xc5,0xf6,0xcd,0x54,0xad,
    0xd2,0xa4,0x27,0x5a,0x0a,0x6b,0xb3,0xbd,0x92,0xb5,0xd3,0xbd,0x93,0xbd,0xd3,0xbd,
    0xac,0x83,0x48,0x5a,0x68,0x62,0x68,0x5a,0xad,0x83,0xb0,0xa4,0x56,0xd6,0x35,0xce,
    0x97,0xde,0x97,0xde,0x56,0xde,0x56,0xd6,0x97,0xde,0x15,0xce,0xd1,0xac,0xf5,0xcd,
    0xf9,0xee,0xd9,0xe6,0xd9,0xee,0xd9,0xee,0xd9,0xee,0xd9,0xee,0xd9,0xee,0xd9,0xee,
    0xd9,0xee,0xd9,0xe6,0xd9,0xe6,0xb8,0xe6,0xb8,0xe6,0xb8,0xe6,0xb8,0xe6,0xb8,0xe6,
    0xde,0xff,0xdd,0xff,0xbd,0xff,0xbd,0xff,0xbd,0xff,0xdd,0xff,0xbd,0xff,0xbd,0xff,
    0xbc,0xf7,0xbc,0xf7,0x9c,0xf7,0xbc,0xf7,0xde,0xff,0xde,0xff,0xdf,0xff,0xdf,0xff,
    0xdf,0xff,0xdf,0xff,0xdf,0xff,0xdf,0xff,0xdf,0xff,0xdf,0xff,0xdf,0xff,0xdf,0xff,
    0xdf,0xff,0x3c,0xf7,0xdf,0xff,0xbe,0xff,0x7d,0xf7,0x3b,0xf7,0xdf,0xff,0x7d,0xf7,
    0x3b,0xef,0xbd,0xff,0x7c,0xff,0xfa,0xf6,0x72,0xdd,0xd8,0xf6,0x5b,0xff,0x7b,0xff,
    0xf9,0xf6,0xd9,0xf6,0xb3,0xdd,0x15,0xe6,0xf9,0xfe,0x97,0xf6,0x52,0xd5,0x93,0xdd,
    0x52,0xcd,0xcc,0x9b,0xed,0xa3,0x0d,0xa4,0x4e,0xac,0x6e,0xac,0x0d,0xa4,0x0d,0xa4,
    0x0d,0xa4,0x0e,0xa4,0x2a,0x83,0x2a,0x83,0xed,0xa3,0xcc,0x9b,0xed,0x9b,0xed,0x9b,
    0xed,0x9b,0xcc,0x9b,0xed,0x9b,0xcd,0x9b,0xed,0x9b,0xed,0x9b,0xed,0x9b,0xed,0x9b,
    0x2e,0xa4,0x8b,0x8b,0x8b,0x93,0xed,0x9b,0xed,0x9b,0x0d,0xa4,0x0d,0xa4,0x8b,0x93,
    0xac,0x9b,0xed,0xa3,0xcc,0x9b,0x0d,0xac,0x92,0xdd,0x4e,0xac,0x0d,0xa4,0x4a,0x8b,
    0x8b,0x93,0xf0,0xbc,0x15,0xde,0xd9,0xf6,0xd9,0xf6,0xb8,0xee,0x77,0xee,0x77,0xee,
    0x77,0xee,0x56,0xee,0x35,0xee,0x93,0xdd,0xaf,0xbc,0x2e,0xa4,0xf5,0xdd,0xb8,0xf6,
    0x36,0xee,0xd3,0xe5,0xcf,0xc4,0xcc,0xa3,0x6b,0x8b,0x2a,0x83,0x0a,0x83,0x88,0x6a,
    0x4b,0x8b,0xed,0xa3,0xcc,0x9b,0xcd,0x9b,0xcd,0x9b,0xcd,0x9b,0xac,0x93,0xac,0x93,
    0xac,0x93,0x6b,0x8b,0x8c,0x8b,0x4b,0x83,0x47,0x5a,0xe9,0x72,0xc9,0x72,0xe6,0x51,
    0x06,0x52,0x06,0x52,0x27,0x5a,0x2a,0x7b,0x68,0x62,0x47,0x5a,0x48,0x5a,0xe6,0x49,
    0x85,0x39,0xea,0x72,0x6b,0x8b,0x8c,0x8b,0xb0,0xa4,0x11,0xa5,0xb4,0xbd,0xd6,0xcd,
    0x14,0xad,0x54,0xbd,0xb5,0xcd,0x54,0xad,0xf2,0xa4,0x47,0x62,0xa9,0x62,0x72,0xb5,
    0x92,0xb5,0xb3,0xbd,0x72,0xb5,0x92,0xb5,0xd0,0xa4,0x68,0x5a,0xa9,0x6a,0x27,0x5a,
    0x0e,0x94,0xed,0x93,0x52,0xbd,0x55,0xd6,0x76,0xd6,0x97,0xde,0x97,0xde,0x56,0xd6,
    0x56,0xd6,0x76,0xde,0x32,0xb5,0xb4,0xcd,0xfa,0xee,0xd9,0xe6,0xd9,0xee,0xd9,0xee,
    0xd9,0xee,0xd9,0xe6,0xd9,0xee,0xd9,0xee,0xd9,0xe6,0xb8,0xe6,0xb8,0xe6,0x97,0xe6,
    0x97,0xe6,0x97,0xe6,0x97,0xe6,0x98,0xe6,0xde,0xff,0xbd,0xff,0xbc,0xff,0x9c,0xf7,
    0xbc,0xf7,0xbc,0xf7,0xbc,0xf7,0xbc,0xf7,0xbc,0xf7,0xbc,0xf7,0xbc,0xf7,0xbc,0xf7,
    0xdd,0xff,0xde,0xff,0xdf,0xff,0xdf,0xff,0xdf,0xff,0xdf,0xff,0xdf,0xff,0xdf,0xff,
    0xdf,0xff,0xdf,0xff,0xdf,0xff,0xdf,0xff,0xde,0xff,0x3b,0xf7,0xff,0xff,0x9e,0xf7,
    0x5c,0xf7,0x5c,0xf7,0xff,0xff,0x3b,0xef,0x5c,0xf7,0x9c,0xff,0x9c,0xff,0x77,0xee,
    0xd3,0xe5,0x19,0xf7,0x5b,0xff,0x7b,0xff,0xd9,0xf6,0xd9,0xf6,0x72,0xd5,0x36,0xe6,
    0xb7,0xf6,0x76,0xee,0x31,0xcd,0x72,0xd5,0x52,0xcd,0xcc,0x9b,0xcd,0x9b,0xed,0xa3,
    0x2e,0xa4,0x2e,0xa4,0x0d,0xa4,0xed,0x9b,0xed,0x9b,0x0d,0xa4,0x4b,0x8b,0xc9,0x72,
    0x0d,0xa4,0xcc,0x9b,0xed,0xa3,0xed,0x9b,0xed,0x9b,0xac,0x93,0xcc,0x9b,0xed,0x9b,
    0xed,0x9b,0x0d,0xa4,0x0d,0xa4,0x2e,0xa4,0x4e,0xac,0xac,0x93,0xac,0x93,0xed,0x9b,
    0xed,0x9b,0x0d,0xa4,0x2d,0xa4,0xac,0x93,0xac,0x9b,0x0d,0xa4,0xcc,0x9b,0x0d,0xac,
    0x31,0xd5,0xac,0x9b,0xed,0xa3,0xed,0xa3,0x73,0xd5,0xd9,0xf6,0x98,0xee,0x77,0xee,
    0x56,0xee,0x77,0xee,0x77,0xee,0x77,0xee,0x77,0xee,0x77,0xee,0x56,0xee,0x36,0xee,
    0xd4,0xe5,0x52,0xd5,0x6f,0xb4,0xd5,0xd5,0xd9,0xf6,0x77,0xee,0x15,0xee,0x52,0xd5,
    0x4e,0xb4,0x4b,0x8b,0x0a,0x7b,0xa8,0x72,0x0a,0x83,0x2e,0xac,0xed,0x9b,0xcc,0x9b,
    0xcd,0x9b,0xcd,0x9b,0xac,0x93,0xac,0x93,0x8c,0x93,0x8c,0x8b,0x4b,0x83,0x8c,0x8b,
    0xe6,0x49,0x68,0x62,0x0a,0x7b,0x88,0x6a,0x88,0x62,0x68,0x62,0x27,0x5a,0x88,0x6a,
    0x4a,0x83,0x88,0x6a,0xe6,0x49,0xa5,0x41,0x64,0x39,0xc9,0x6a,0x6b,0x8b,0xcd,0x93,
    0x0a,0x7b,0x0a,0x6b,0x0e,0x94,0xb2,0x9c,0xf3,0xa4,0x54,0xbd,0x74,0xbd,0x34,0xad,
    0x71,0x94,0x27,0x5a,0x47,0x5a,0x11,0xad,0x92,0xbd,0x51,0xb5,0x72,0xb5,0x51,0xb5,
    0xb3,0xbd,0x0a,0x73,0xea,0x72,0x68,0x62,0xee,0x8b,0xf1,0xac,0x0e,0x94,0xd4,0xc5,
    0x76,0xde,0x76,0xde,0x97,0xde,0x76,0xde,0x55,0xd6,0x76,0xde,0x15,0xd6,0x73,0xbd,
    0x1a,0xef,0xd9,0xe6,0xd9,0xee,0xd9,0xee,0xd9,0xee,0xd9,0xe6,0xd9,0xe6,0xd9,0xee,
    0xb9,0xe6,0xb8,0xe6,0x98,0xe6,0x77,0xe6,0x77,0xde,0x77,0xde,0x77,0xde,0x77,0xde,
    0xde,0xff,0xdd,0xff,0xbc,0xf7,0x9b,0xf7,0x9c,0xf7,0xbc,0xf7,0xbc,0xf7,0x9c,0xf7,
    0xbc,0xf7,0xbc,0xf7,0x9c,0xf7,0xbc,0xf7,0xbd,0xff,0xde,0xff,0xdf,0xff,0xdf,0xff,
    0xdf,0xff,0xdf,0xff,0xdf,0xff,0xff,0xff,0xdf,0xff,0xdf,0xff,0xdf,0xff,0xff,0xff,
    0xbe,0xff,0x5c,0xf7,0xff,0xff,0x9d,0xf7,0x3b,0xef,0xbe,0xff,0xff,0xff,0xfb,0xee,
    0x7d,0xf7,0x9c,0xff,0x9c,0xff,0xf4,0xe5,0x56,0xee,0xf9,0xf6,0x7b,0xff,0x7b,0xff,
    0xd8,0xee,0xd8,0xf6,0x11,0xcd,0x36,0xe6,0x77,0xee,0x35,0xe6,0xf0,0xcc,0x51,0xd5,
    0x52,0xcd,0xcd,0x9b,0xcc,0x9b,0xed,0x9b,0x2e,0xa4,0x2e,0xa4,0xed,0xa3,0xed,0x9b,
    0xed,0x9b,0xed,0x9b,0x8b,0x8b,0x47,0x62,0x0d,0xa4,0xcd,0x9b,0x0d,0xa4,0xed,0xa3,
    0xed,0xa3,0xcc,0x9b,0xac,0x93,0xed,0x9b,0xed,0x9b,0x0d,0xa4,0xed,0xa3,0x8f,0xb4,
    0x0d,0xa4,0x0d,0xa4,0xac,0x93,0xcc,0x9b,0xed,0xa3,0x0d,0xa4,0x2e,0xa4,0xac,0x9b,
    0xac,0x9b,0x0d,0xa4,0xed,0xa3,0xec,0xa3,0x8e,0xcc,0x4d,0xac,0x6e,0xb4,0x6e,0xb4,
    0x93,0xd5,0xb8,0xf6,0x56,0xee,0x36,0xee,0x36,0xee,0x77,0xee,0x77,0xee,0x77,0xee,
    0x77,0xee,0x77,0xee,0x77,0xee,0x77,0xee,0x57,0xee,0x36,0xee,0xd4,0xdd,0x4e,0xac,
    0x12,0xc5,0x77,0xee,0x56,0xf6,0x36,0xee,0xf4,0xe5,0x31,0xd5,0x4e,0xb4,0x09,0x83,
    0xa8,0x72,0x2e,0xa4,0x0d,0xa4,0xcc,0x9b,0xcd,0x9b,0xcd,0x9b,0xac,0x93,0xac,0x93,
    0x8c,0x93,0xac,0x93,0x2b,0x83,0xac,0x93,0x68,0x62,0x06,0x52,0xe9,0x72,0x88,0x62,
    0x88,0x6a,0xa9,0x6a,0xa9,0x6a,0x68,0x62,0x47,0x5a,0xa9,0x6a,0x47,0x62,0x84,0x41,
    0xe2,0x28,0x27,0x5a,0x8b,0x8b,0xac,0x93,0x6c,0x8b,0xa9,0x6a,0x06,0x52,0xa5,0x41,
    0x2b,0x73,0x13,0xad,0x75,0xbd,0x34,0xad,0xee,0x8b,0x27,0x5a,0x06,0x52,0x6e,0x94,
    0xb3,0xbd,0x51,0xb5,0x72,0xb5,0x51,0xb5,0x15,0xce,0x4f,0x94,0x4b,0x7b,0xea,0x72,
    0x0b,0x7b,0xb5,0xc5,0x6f,0xa4,0x4f,0xa4,0xf4,0xcd,0x56,0xd6,0x97,0xde,0x97,0xde,
    0x96,0xde,0x55,0xd6,0x56,0xd6,0x15,0xd6,0xb9,0xe6,0xd9,0xee,0xd9,0xee,0xd9,0xee,
    0xd9,0xe6,0xd9,0xe6,0xd9,0xe6,0xd9,0xe6,0xb8,0xe6,0xb8,0xe6,0x97,0xe6,0x77,0xe6,
    0x77,0xde,0x77,0xde,0x77,0xde,0x57,0xde,0xde,0xff,0xbd,0xff,0xbc,0xff,0x9c,0xf7,
    0xbc,0xff,0xbd,0xff,0xbc,0xff,0xbc,0xff,0xbc,0xff,0xbc,0xf7,0x9c,0xf7,0x9c,0xf7,
    0xbd,0xff,0xde,0xff,0xdf,0xff,0xdf,0xff,0xdf,0xff,0xdf,0xff,0xdf,0xff,0xde,0xff,
    0xde,0xff,0xdf,0xff,0xdf,0xff,0xff,0xff,0x7d,0xf7,0x7d,0xf7,0xdf,0xff,0x5c,0xef,
    0x1b,0xef,0xff,0xff,0xdf,0xff,0x3c,0xf7,0xbe,0xff,0x9d,0xff,0x5b,0xff,0xd3,0xe5,
    0xd8,0xee,0xd8,0xf6,0x5b,0xff,0x5b,0xff,0xb8,0xf6,0xb7,0xee,0x8f,0xbc,0x36,0xe6,
    0x35,0xee,0xf4,0xe5,0xf0,0xc4,0x31,0xcd,0x52,0xcd,0xed,0xa3,0xed,0x9b,0xed,0xa3,
    0x0d,0xa4,0x2d,0xa4,0x0d,0xa4,0x0d,0xa4,0xed,0x9b,0xcd,0x9b,0xac,0x93,0x26,0x5a,
    0xcc,0x9b,0xcc,0x9b,0xed,0xa3,0xed,0xa3,0x0d,0xa4,0xcc,0x9b,0xab,0x93,0xed,0xa3,
    0xed,0x9b,0x0d,0xa4,0x2e,0xa4,0x4e,0xac,0xcd,0x9b,0x4e,0xac,0xac,0x93,0xcc,0x9b,
    0xed,0xa3,0x0d,0xa4,0x2e,0xac,0xac,0x93,0x8b,0x93,0x2e,0xac,0x0d,0xa4,0xec,0xa3,
    0x31,0xdd,0x31,0xcd,0x6e,0xb4,0x6e,0xb4,0x73,0xd5,0x97,0xf6,0x15,0xee,0x36,0xee,
    0x56,0xee,0x77,0xee,0x77,0xee,0x77,0xee,0x77,0xee,0x77,0xee,0x77,0xee,0x77,0xee,
    0x97,0xee,0x98,0xee,0x77,0xee,0x56,0xee,0xd0,0xbc,0x6f,0xb4,0x93,0xdd,0xf4,0xe5,
    0xf5,0xe5,0x56,0xee,0x35,0xee,0x72,0xdd,0x6e,0xb4,0xed,0xa3,0x0d,0xa4,0xac,0x93,
    0xcc,0x9b,0xcd,0x9b,0xac,0x9b,0xac,0x9b,0xac,0x93,0xac,0x93,0x4b,0x83,0xac,0x93,
    0xc9,0x72,0x88,0x6a,0x4b,0x83,0xe9,0x72,0x27,0x5a,0xe6,0x49,0xa5,0x41,0x65,0x39,
    0xe3,0x28,0x68,0x62,0xf0,0xc4,0xd0,0xbc,0x8c,0x93,0xe6,0x51,0x2a,0x83,0x8c,0x8b,
    0xac,0x8b,0x4b,0x83,0xc9,0x6a,0x85,0x41,0xe6,0x51,0x68,0x5a,0x0b,0x73,0x70,0x94,
    0x6c,0x7b,0x27,0x5a,0xe6,0x49,0xcc,0x83,0xd3,0xbd,0x71,0xb5,0x71,0xb5,0x72,0xb5,
    0x35,0xce,0x73,0xbd,0x8c,0x83,0xad,0x8b,0x88,0x6a,0x73,0xbd,0x11,0xb5,0xed,0x93,
    0x2e,0x9c,0x35,0xd6,0x76,0xde,0x97,0xde,0x97,0xde,0x76,0xde,0x56,0xd6,0x15,0xce,
    0x36,0xd6,0xfa,0xee,0xd9,0xe6,0xd9,0xe6,0xd9,0xe6,0xd9,0xe6,0xd9,0xee,0xd9,0xe6,
    0xd9,0xe6,0xb8,0xe6,0x98,0xe6,0xb8,0xe6,0xd9,0xee,0xb8,0xee,0xb8,0xe6,0x97,0xe6,
    0xde,0xff,0xdd,0xff,0xbd,0xff,0xbd,0xff,0xdd,0xff,0xdd,0xff,0xbd,0xff,0xbd,0xff,
    0xbc,0xff,0xbc,0xf7,0xbc,0xf7,0x9c,0xf7,0xbc,0xff,0xdd,0xff,0xde,0xff,0xde,0xff,
    0xde,0xff,0xde,0xff,0xde,0xff,0xde,0xff,0xde,0xff,0xde,0xff,0xde,0xff,0xff,0xff,
    0x7d,0xf7,0x9e,0xff,0xbe,0xf7,0xfa,0xee,0x7d,0xf7,0xff,0xff,0xde,0xff,0x5c,0xf7,
    0xde,0xff,0x9d,0xff,0xf9,0xf6,0xf4,0xe5,0xf9,0xf6,0x97,0xf6,0x5a,0xff,0x5b,0xff,
    0xb8,0xee,0x97,0xee,0x6d,0xbc,0x35,0xe6,0x14,0xe6,0xd3,0xdd,0xf0,0xc4,0x11,0xcd,
    0x52,0xcd,0x0d,0xa4,0xed,0xa3,0xed,0x9b,0x0d,0xa4,0x2e,0xa4,0x0d,0xa4,0xed,0x9b,
    0xed,0xa3,0xed,0x9b,0xcc,0x9b,0x06,0x5a,0xac,0x93,0xed,0xa3,0xed,0xa3,0xed,0xa3,
    0x0d,0xa4,0xed,0xa3,0xac,0x9b,0x0d,0xa4,0xed,0x9b,0x0d,0xa4,0x4e,0xac,0xed,0x9b,
    0x0d,0xa4,0x4e,0xac,0x8b,0x93,0xcc,0x9b,0x0d,0xa4,0x2d,0xac,0x4e,0xac,0x8b,0x93,
    0x6b,0x93,0x6e,0xb4,0x0d,0xac,0x4e,0xb4,0x72,0xe5,0x93,0xd5,0x8f,0xb4,0x8f,0xb4,
    0x72,0xd5,0x56,0xee,0x15,0xee,0x56,0xee,0x77,0xee,0x77,0xee,0x77,0xee,0x76,0xee,
    0x77,0xee,0x97,0xee,0x97,0xee,0x97,0xee,0x77,0xee,0x36,0xe6,0xf5,0xe5,0xf4,0xe5,
    0x14,0xee,0x52,0xd5,0xe9,0x82,0x0d,0xac,0x11,0xcd,0xf5,0xdd,0x97,0xf6,0x97,0xf6,
    0xb3,0xdd,0xed,0xa3,0xed,0xa3,0xac,0x93,0xac,0x93,0xcc,0x9b,0xac,0x93,0xcc,0x9b,
    0xac,0x93,0xcd,0x9b,0x6b,0x8b,0x8b,0x8b,0x0a,0x7b,0x68,0x62,0x4b,0x83,0x2a,0x83,
    0xa9,0x72,0x47,0x5a,0xe6,0x51,0x44,0x31,0x2b,0x83,0x15,0xee,0x56,0xee,0x56,0xee,
    0x35,0xf6,0x52,0xd5,0x2a,0x83,0x4b,0x83,0xac,0x93,0xac,0x93,0x4b,0x83,0x27,0x52,
    0x48,0x5a,0x68,0x62,0xc6,0x49,0xa5,0x41,0x88,0x62,0xa9,0x6a,0xe6,0x49,0x6b,0x7b,
    0xb3,0xbd,0x92,0xbd,0x71,0xb5,0x92,0xbd,0x15,0xce,0x15,0xce,0xed,0x8b,0xad,0x8b,
    0xc9,0x6a,0x4f,0x9c,0xd5,0xcd,0xcd,0x93,0x8c,0x8b,0x6f,0x9c,0xb7,0xe6,0x97,0xde,
    0x97,0xde,0x76,0xde,0x35,0xd6,0x35,0xd6,0xf4,0xc5,0xb8,0xe6,0xd9,0xee,0xd9,0xe6,
    0xd9,0xe6,0xd9,0xee,0xd9,0xee,0xd9,0xe6,0xd9,0xe6,0xb8,0xe6,0xf9,0xee,0x31,0xb5,
    0x6a,0x83,0x8b,0x83,0x0d,0x94,0x93,0xc5,0xde,0xff,0xde,0xff,0xde,0xff,0xde,0xff,
    0xde,0xff,0xde,0xff,0xdd,0xff,0xdd,0xff,0xbd,0xff,0xbc,0xff,0xbc,0xf7,0x9c,0xf7,
    0xbc,0xff,0xbd,0xff,0xdd,0xff,0xde,0xff,0xde,0xff,0xdd,0xff,0xbd,0xff,0xbd,0xff,
    0xbd,0xff,0xde,0xff,0xde,0xff,0xde,0xff,0x5c,0xf7,0xbe,0xff,0x5c,0xf7,0x3c,0xef,
    0xdf,0xff,0xff,0xff,0xbe,0xff,0x3c,0xf7,0xde,0xff,0x9c,0xff,0x76,0xee,0x76,0xee,
    0xd9,0xf6,0x56,0xee,0x3a,0xff,0x5a,0xff,0x76,0xee,0x76,0xee,0x4d,0xb4,0x35,0xe6,
    0xd4,0xdd,0xb3,0xdd,0xf0,0xc4,0xf0,0xc4,0x72,0xd5,0x2e,0xa4,0xed,0xa3,0xcc,0x9b,
    0x0d,0xa4,0x2d,0xa4,0xed,0xa3,0xed,0xa3,0xed,0x9b,0xed,0x9b,0xcc,0x9b,0x87,0x6a,
    0xcc,0xa3,0x0d,0xa4,0x0d,0xa4,0x0d,0xa4,0x0d,0xa4,0xed,0xa3,0xcc,0xa3,0x0d,0xac,
    0xcc,0x9b,0x0d,0xa4,0x0d,0xa4,0xed,0xa3,0x2e,0xa4,0x2e,0xac,0x8b,0x93,0xcc,0x9b,
    0x0d,0xa4,0x2e,0xac,0x6e,0xac,0xcc,0x9b,0xab,0x9b,0x8f,0xb4,0x4e,0xac,0x6e,0xbc,
    0x92,0xe5,0xf4,0xdd,0x8f,0xbc,0x8f,0xbc,0x52,0xd5,0x15,0xee,0x36,0xee,0x77,0xee,
    0x77,0xee,0x76,0xee,0x77,0xee,0x97,0xf6,0x97,0xf6,0x36,0xee,0x15,0xe6,0x35,0xee,
    0x35,0xee,0x35,0xee,0x15,0xe6,0xd4,0xdd,0xd4,0xdd,0x8b,0x93,0x6a,0x8b,0xd4,0xdd,
    0x31,0xcd,0x11,0xc5,0x2e,0xac,0x8b,0x93,0xaf,0xc4,0xcc,0xa3,0xed,0x9b,0xcc,0x9b,
    0xac,0x93,0xcc,0x9b,0xac,0x93,0xcc,0x9b,0xcc,0x9b,0xcc,0x9b,0x8c,0x93,0x8c,0x93,
    0x6b,0x8b,0x47,0x5a,0x0a,0x73,0xea,0x72,0x88,0x6a,0x88,0x62,0xc5,0x49,0xa9,0x6a,
    0x35,0xee,0xf4,0xed,0x11,0xd5,0x4e,0xbc,0x4e,0xbc,0x52,0xdd,0x6f,0xb4,0xe9,0x7a,
    0xac,0x93,0x0d,0xa4,0x0d,0xa4,0x2a,0x7b,0x47,0x5a,0xea,0x7a,0x68,0x62,0xa5,0x41,
    0x27,0x52,0x0a,0x73,0x27,0x5a,0x2a,0x73,0xb3,0xbd,0xb3,0xbd,0x92,0xbd,0xb3,0xbd,
    0x15,0xce,0x35,0xd6,0x6f,0x9c,0x4b,0x83,0x6c,0x83,0x6b,0x7b,0x36,0xde,0x2e,0x9c,
    0xed,0x93,0x4b,0x83,0xd4,0xc5,0xd8,0xe6,0x97,0xde,0x76,0xde,0x56,0xd6,0x35,0xd6,
    0xf4,0xcd,0x56,0xd6,0xd9,0xee,0xd9,0xe6,0xd9,0xe6,0xd9,0xee,0xd9,0xee,0xd9,0xe6,
    0xd9,0xee,0xb9,0xe6,0x3a,0xf7,0x4e,0x9c,0xcc,0x8b,0x12,0xb5,0xc8,0x6a,0x16,0xd6,
    0xde,0xff,0xde,0xff,0xde,0xff,0xde,0xff,0xde,0xff,0xde,0xff,0xde,0xff,0xdd,0xff,
    0xbd,0xff,0xbc,0xf7,0xbc,0xff,0xbc,0xf7,0xbc,0xff,0xbc,0xff,0xbd,0xff,0xbd,0xff,
    0xbd,0xff,0xbd,0xff,0xbc,0xf7,0xbc,0xf7,0xbd,0xff,0xdd,0xff,0xde,0xff,0xde,0xff,
    0x7d,0xf7,0xbe,0xff,0x1b,0xef,0x7c,0xf7,0xff,0xff,0xff,0xff,0xbe,0xff,0x7d,0xf7,
    0x9d,0xff,0x7b,0xff,0xf4,0xe5,0xd8,0xee,0xb7,0xf6,0x55,0xee,0x5a,0xff,0x3a,0xff,
    0x76,0xee,0x35,0xe6,0x0c,0xac,0x35,0xe6,0xb3,0xdd,0x92,0xd5,0xf0,0xc4,0xd0,0xc4,
    0x72,0xd5,0x2e,0xac,0xcc,0x9b,0xed,0x9b,0xed,0x9b,0x0d,0xa4,0xed,0xa3,0xed,0xa3,
    0x0d,0xa4,0xed,0x9b,0xed,0x9b,0xe9,0x7a,0x2d,0xac,0x0d,0xa4,0x0d,0xa4,0x2d,0xac,
    0x0d,0xac,0xed,0xa3,0xec,0xa3,0xed,0xab,0xcc,0xa3,0x0d,0xa4,0xed,0xa3,0x2d,0xac,
    0x2e,0xac,0x2e,0xac,0x8b,0x93,0xac,0x9b,0xed,0xa3,0x2d,0xac,0x4e,0xac,0x0d,0xac,
    0x2d,0xac,0x8f,0xbc,0x6e,0xb4,0xaf,0xc4,0xb3,0xe5,0x35,0xe6,0xd0,0xbc,0x6e,0xbc,
    0x52,0xd5,0x15,0xee,0x56,0xee,0x77,0xee,0x77,0xee,0x97,0xee,0x77,0xf6,0xb3,0xe5,
    0x31,0xd5,0x93,0xdd,0xb3,0xdd,0xd4,0xd5,0x36,0xde,0xd1,0xb4,0x0a,0x7b,0x06,0x5a,
    0xe6,0x51,0x84,0x49,0x06,0x5a,0x27,0x62,0x67,0x6a,0x06,0x5a,0x84,0x49,0x4a,0x8b,
    0xf0,0xcc,0x0d,0xac,0xcd,0x9b,0xcc,0x9b,0xac,0x93,0xcc,0x9b,0xac,0x93,0xcd,0x9b,
    0xcc,0x9b,0xac,0x9b,0xac,0x93,0x8b,0x93,0xac,0x93,0xa8,0x6a,0xe9,0x72,0xe9,0x72,
    0x68,0x62,0x68,0x62,0x88,0x6a,0x94,0xd5,0x77,0xf6,0x11,0xd5,0xec,0xbb,0x4d,0xc4,
    0x2d,0xc4,0x2d,0xbc,0x10,0xcd,0x8b,0x93,0x4b,0x83,0xed,0xa3,0x0d,0xa4,0x2a,0x7b,
    0x06,0x52,0xa9,0x6a,0x88,0x6a,0x47,0x5a,0x06,0x4a,0x4b,0x83,0x68,0x62,0xea,0x6a,
    0xb3,0xbd,0xd3,0xbd,0xb3,0xbd,0xd3,0xc5,0x15,0xce,0x15,0xce,0x31,0xb5,0x4b,0x83,
    0xad,0x8b,0x4b,0x7b,0xf5,0xd5,0x73,0xbd,0xcd,0x8b,0xed,0x93,0x32,0xb5,0x97,0xde,
    0xb8,0xe6,0x76,0xd6,0x35,0xd6,0x35,0xd6,0x35,0xd6,0x15,0xce,0xb9,0xe6,0xd9,0xe6,
    0xd9,0xe6,0xd9,0xe6,0xd9,0xe6,0xd9,0xee,0xd9,0xe6,0xb9,0xe6,0x3b,0xf7,0x6f,0xa4,
    0x11,0xb5,0xb8,0xe6,0x09,0x7b,0x1a,0xf7,0xde,0xff,0xde,0xff,0xde,0xff,0xde,0xff,
    0xde,0xff,0xde,0xff,0xdd,0xff,0xbd,0xff,0xbc,0xff,0xbc,0xf7,0xbc,0xf7,0xbc,0xf7,
    0xbc,0xf7,0xbc,0xff,0xbc,0xff,0xbc,0xff,0xbc,0xf7,0xbc,0xf7,0x9c,0xf7,0xbc,0xf7,
    0xbc,0xf7,0xdd,0xff,0xde,0xff,0xff,0xff,0x7d,0xf7,0x9d,0xf7,0x3b,0xef,0xbe,0xff,
    0xdf,0xff,0xff,0xff,0x9d,0xf7,0x9d,0xf7,0x9d,0xff,0x3a,0xf7,0xb3,0xdd,0x3a,0xf7,
    0x76,0xf6,0x56,0xee,0x5b,0xff,0x3a,0xff,0x97,0xee,0xf4,0xdd,0xec,0xa3,0xf4,0xdd,
    0x51,0xcd,0x52,0xd5,0xd0,0xc4,0xaf,0xbc,0x52,0xcd,0x6f,0xb4,0xac,0x93,0xed,0x9b,
    0xed,0xa3,0xed,0xa3,0xed,0xa3,0x0d,0xa4,0x0d,0xa4,0xed,0x9b,0xed,0x9b,0x09,0x83,
    0x2d,0xb4,0x2e,0xa4,0x0d,0xa4,0x4e,0xac,0x2e,0xac,0x0d,0xa4,0x0d,0xa4,0xcc,0xa3,
    0xec,0xa3,0xcc,0x9b,0x2e,0xac,0x4e,0xac,0x2e,0xac,0x4e,0xac,0xac,0x93,0xac,0x93,
    0x0d,0xa4,0x2d,0xac,0x4e,0xac,0x2d,0xac,0x6e,0xbc,0x8f,0xbc,0x6e,0xb4,0xd0,0xcc,
    0x93,0xe5,0x56,0xee,0x11,0xcd,0x6e,0xbc,0x72,0xd5,0x35,0xee,0x77,0xee,0x97,0xee,
    0x97,0xf6,0xf4,0xed,0xf0,0xd4,0x52,0xd5,0x56,0xee,0x97,0xf6,0x93,0xd5,0xea,0x72,
    0x27,0x5a,0xc6,0x49,0x06,0x52,0x27,0x5a,0xc6,0x49,0xe6,0x51,0xc5,0x49,0xc5,0x51,
    0xc5,0x49,0x84,0x41,0x84,0x41,0x44,0x39,0x64,0x39,0x06,0x5a,0x2a,0x8b,0xed,0xa3,
    0xed,0x9b,0xed,0xa3,0xac,0x93,0xcc,0x9b,0xcc,0x9b,0xac,0x93,0xcc,0x9b,0x8b,0x93,
    0xac,0x93,0x0a,0x7b,0x2a,0x7b,0x8b,0x8b,0x0a,0x7b,0xe9,0x72,0x4f,0xa4,0x77,0xee,
    0xb3,0xdd,0x4d,0xc4,0x10,0xd5,0x72,0xdd,0x8e,0xcc,0x4d,0xc4,0xf0,0xd4,0xb0,0xbc,
    0x2a,0x83,0x6b,0x8b,0x8c,0x8b,0x6b,0x83,0x27,0x5a,0x88,0x6a,0xa9,0x6a,0xa9,0x6a,
    0x48,0x5a,0x8c,0x8b,0xc9,0x72,0xa9,0x62,0xd4,0xc5,0xd3,0xbd,0xb3,0xbd,0xd3,0xc5,
    0x35,0xd6,0x15,0xce,0xd3,0xc5,0x6c,0x83,0x8c,0x8b,0x6c,0x83,0x12,0xb5,0x98,0xde,
    0x0e,0x94,0xed,0x93,0x91,0xa4,0x36,0xd6,0x56,0xd6,0x76,0xde,0x14,0xce,0x35,0xd6,
    0x35,0xd6,0x15,0xce,0x77,0xde,0xd9,0xee,0xb9,0xe6,0xd9,0xe6,0xd9,0xe6,0xd9,0xee,
    0xd9,0xee,0xb9,0xe6,0x5b,0xf7,0x8f,0xa4,0x6f,0xa4,0xf5,0xcd,0x29,0x7b,0xb0,0xac,
    0xde,0xff,0xde,0xff,0xde,0xff,0xde,0xff,0xde,0xff,0xde,0xff,0xdd,0xff,0xbd,0xff,
    0xbc,0xf7,0x9c,0xf7,0x9c,0xf7,0x9c,0xf7,0xbc,0xf7,0xbc,0xf7,0xbc,0xf7,0xbc,0xff,
    0xbc,0xf7,0xbc,0xf7,0xbc,0xff,0xbc,0xf7,0xbd,0xff,0xbd,0xff,0xde,0xff,0xdf,0xff,
    0x7d,0xf7,0x5c,0xf7,0x1b,0xef,0xdf,0xff,0xdf,0xff,0xff,0xff,0x7d,0xf7,0x9d,0xf7,
    0x9d,0xff,0xb8,0xee,0xf4,0xdd,0x7b,0xff,0x35,0xee,0x76,0xee,0x5a,0xff,0x3a,0xff,
    0x97,0xee,0xb3,0xdd,0xcc,0xa3,0xd4,0xd5,0xf0,0xc4,0x10,0xcd,0x8f,0xbc,0x8e,0xbc,
    0x31,0xc5,0xaf,0xb4,0xab,0x93,0xed,0x9b,0xed,0xa3,0x0d,0xa4,0x0d,0xa4,0x0d,0xa4,
    0x0d,0xa4,0xed,0x9b,0xed,0x9b,0x2a,0x83,0x6e,0xbc,0x2e,0xac,0x0d,0xa4,0x2e,0xac,
    0x4e,0xac,0x0d,0xa4,0xec,0xa3,0x2e,0xac,0x0d,0xa4,0xed,0xa3,0x2e,0xac,0x2e,0xac,
    0x2e,0xac,0x4e,0xac,0xac,0x93,0x8b,0x93,0x0d,0xac,0x4e,0xb4,0x4e,0xac,0x4e,0xb4,
    0x8f,0xc4,0x8f,0xbc,0x6e,0xb4,0xf0,0xcc,0xb3,0xe5,0x77,0xee,0x31,0xcd,0x6e,0xbc,
    0xb3,0xdd,0x76,0xee,0x97,0xee,0x97,0xee,0xb3,0xe5,0xf0,0xd4,0x15,0xe6,0x15,0xee,
    0x32,0xd5,0x8c,0x93,0x88,0x72,0x88,0x6a,0xe6,0x51,0x47,0x5a,0x06,0x52,0x85,0x41,
    0x44,0x31,0x44,0x31,0x65,0x39,0x65,0x39,0x44,0x31,0x23,0x31,0x44,0x39,0x43,0x39,
    0x43,0x39,0x64,0x41,0xe9,0x82,0x0a,0x8b,0x0a,0x8b,0x6b,0x93,0x8b,0x93,0xed,0xa3,
    0xcc,0x9b,0xac,0x93,0xac,0x9b,0x8c,0x93,0xac,0x93,0xac,0x93,0x8b,0x93,0x6b,0x8b,
    0x4b,0x8b,0x4b,0x8b,0x8f,0xb4,0xb3,0xdd,0x6e,0xbc,0x8e,0xcc,0x92,0xe5,0xd4,0xe5,
    0x92,0xe5,0x31,0xd5,0x51,0xdd,0x51,0xdd,0xac,0x9b,0xe9,0x72,0x4b,0x8b,0x6b,0x8b,
    0x0a,0x7b,0xea,0x72,0x0a,0x7b,0xc9,0x72,0x88,0x62,0x6b,0x83,0x8c,0x8b,0x68,0x5a,
    0x72,0xbd,0xf4,0xc5,0x92,0xbd,0xd3,0xc5,0x55,0xd6,0x35,0xce,0x35,0xce,0xcd,0x8b,
    0x4b,0x83,0xac,0x8b,0xee,0x93,0xb9,0xe6,0x13,0xb5,0xad,0x8b,0xcd,0x8b,0x16,0xd6,
    0x97,0xde,0xd4,0xcd,0xb3,0xc5,0x34,0xce,0x55,0xd6,0x35,0xd6,0x16,0xd6,0xd9,0xe6,
    0xb9,0xe6,0xd9,0xe6,0xd9,0xe6,0xd9,0xe6,0xd9,0xee,0xb9,0xe6,0x3b,0xf7,0xd0,0xac,
    0xa7,0x72,0x09,0x7b,0x2a,0x7b,0x53,0xbd,0xde,0xff,0xde,0xff,0xde,0xff,0xde,0xff,
    0xde,0xff,0xdd,0xff,0xbd,0xff,0xbc,0xf7,0x9b,0xf7,0x9b,0xf7,0x9b,0xf7,0x9c,0xf7,
    0x9c,0xf7,0x9c,0xf7,0xbc,0xff,0xbd,0xff,0xbd,0xff,0xbd,0xff,0xbd,0xff,0xbd,0xff,
    0xbd,0xf7,0xdd,0xff,0xde,0xff,0xff,0xff,0x7d,0xf7,0xb9,0xe6,0x5c,0xf7,0xff,0xff,
    0xde,0xff,0xdf,0xff,0x7d,0xf7,0x9d,0xff,0x7c,0xff,0x56,0xe6,0x97,0xe6,0x7b,0xff,
    0x35,0xee,0x97,0xf6,0x3a,0xff,0x3a,0xff,0x97,0xee,0x31,0xd5,0xcc,0xa3,0xb3,0xd5,
    0xd0,0xc4,0xaf,0xc4,0xaf,0xbc,0x2d,0xac,0xaf,0xbc,0xb0,0xbc,0xcc,0x9b,0xed,0xa3,
    0x0d,0xa4,0xed,0xa3,0x0d,0xa4,0x0d,0xa4,0x2d,0xa4,0xed,0x9b,0xcc,0x9b,0x2a,0x83,
    0x6e,0xc4,0x4e,0xac,0xec,0xa3,0x2d,0xac,0x4e,0xb4,0x4e,0xac,0x4e,0xac,0x6f,0xb4,
    0xed,0xa3,0xcc,0x9b,0x2e,0xac,0x2e,0xac,0x2e,0xac,0x4e,0xb4,0xcc,0x9b,0x8b,0x93,
    0x0d,0xac,0x6e,0xb4,0x4e,0xac,0x6e,0xbc,0xaf,0xc4,0xaf,0xbc,0x8f,0xbc,0xf0,0xd4,
    0xd4,0xe5,0x77,0xee,0x52,0xd5,0x6e,0xbc,0xf5,0xe5,0x97,0xf6,0x77,0xee,0xb3,0xe5,
    0xf0,0xd4,0x36,0xee,0x97,0xf6,0x72,0xdd,0x87,0x7a,0x06,0x62,0x88,0x72,0xa5,0x49,
    0x44,0x31,0x44,0x31,0xc6,0x41,0x28,0x4a,0x69,0x5a,0x2c,0x73,0xaa,0x62,0xeb,0x62,
    0x8a,0x5a,0xe7,0x41,0x23,0x31,0x88,0x6a,0xe6,0x51,0x43,0x41,0xa8,0x7a,0xc8,0x82,
    0x87,0x7a,0xcc,0x9b,0xed,0xa3,0x0d,0xa4,0xcc,0x9b,0xac,0x93,0xcc,0x9b,0xac,0x93,
    0x8c,0x93,0xcd,0x9b,0x4e,0xb4,0xed,0xa3,0x0d,0xa4,0x0e,0xa4,0x73,0xd5,0x52,0xd5,
    0xcc,0xbb,0x6e,0xcc,0xaf,0xd4,0x31,0xdd,0xd4,0xe5,0x52,0xdd,0x10,0xd5,0x31,0xdd,
    0x11,0xcd,0xa8,0x6a,0x0a,0x7b,0x4b,0x83,0x4b,0x83,0xac,0x8b,0xac,0x93,0x2b,0x83,
    0xa9,0x6a,0x0a,0x7b,0xed,0x93,0xea,0x72,0x10,0xad,0x14,0xce,0x92,0xbd,0xf4,0xcd,
    0x56,0xd6,0x35,0xd6,0x76,0xd6,0x11,0xad,0x2b,0x7b,0xac,0x8b,0x8c,0x8b,0x54,0xbd,
    0x98,0xde,0x6b,0x83,0x8c,0x8b,0x33,0xbd,0x3a,0xef,0xf5,0xd5,0xd4,0xcd,0x56,0xd6,
    0xf4,0xc5,0x56,0xd6,0x15,0xce,0x98,0xde,0xd9,0xee,0xd9,0xe6,0xd9,0xee,0xd9,0xe6,
    0xd9,0xe6,0xb8,0xe6,0x3a,0xf7,0x6f,0xa4,0x8f,0xa4,0x36,0xd6,0x09,0x7b,0xf9,0xee,
    0xde,0xff,0xde,0xff,0xde,0xff,0xde,0xff,0xde,0xff,0xdd,0xff,0xbc,0xf7,0x9c,0xf7,
    0x9b,0xf7,0x9b,0xf7,0x9b,0xf7,0x9b,0xf7,0x9b,0xf7,0x9c,0xf7,0xbc,0xff,0xbd,0xff,
    0xdd,0xff,0xde,0xff,0xde,0xff,0xdd,0xff,0xdd,0xff,0xde,0xff,0xde,0xff,0xfe,0xff,
    0x5c,0xf7,0xda,0xee,0x7d,0xf7,0xdf,0xff,0xde,0xff,0xde,0xff,0x9d,0xf7,0x9d,0xff,
    0x7c,0xff,0x36,0xe6,0xd9,0xee,0x5b,0xff,0x35,0xee,0x97,0xf6,0x3a,0xff,0x5b,0xff,
    0x76,0xee,0xcf,0xc4,0xec,0xab,0x93,0xd5,0xf0,0xc4,0x6e,0xb4,0x4e,0xb4,0x32,0xc5,
    0xf4,0xd5,0x8f,0xbc,0xac,0x9b,0xcc,0x9b,0x2d,0xa4,0xcc,0x9b,0x0d,0xa4,0x2e,0xac,
    0x2e,0xac,0xec,0xa3,0xcc,0x9b,0x8b,0x93,0x8e,0xc4,0x8f,0xbc,0xec,0xa3,0x4e,0xac,
    0x6e,0xb4,0x6e,0xb4,0x4e,0xac,0xaf,0xbc,0x0d,0xa4,0xab,0x9b,0x2e,0xac,0x4e,0xb4,
    0x4e,0xac,0x6e,0xb4,0xed,0xa3,0x6b,0x93,0x2d,0xac,0x6e,0xbc,0x4e,0xac,0x8e,0xbc,
    0xaf,0xc4,0xaf,0xbc,0x8f,0xbc,0x10,0xd5,0x15,0xee,0x77,0xee,0x52,0xd5,0x6e,0xbc,
    0x56,0xee,0xb8,0xf6,0x35,0xee,0x71,0xe5,0xf4,0xe5,0x97,0xf6,0xd4,0xe5,0x09,0x93,
    0x67,0x72,0xa8,0x7a,0x06,0x5a,0x4b,0x83,0xc5,0x49,0xe7,0x49,0xeb,0x6a,0x8a,0x5a,
    0x70,0x9c,0x9d,0xff,0x2c,0x73,0x8a,0x5a,0x8e,0x7b,0x0b,0x6b,0x23,0x31,0xc9,0x72,
    0xf1,0xbc,0x88,0x6a,0x46,0x72,0x2a,0x93,0xac,0x9b,0xed,0xa3,0xcc,0xa3,0x0d,0xa4,
    0xcc,0x9b,0xac,0x93,0xcc,0x9b,0xcc,0x9b,0x8b,0x93,0xed,0xa3,0x31,0xcd,0xed,0xa3,
    0xf1,0xbc,0x72,0xd5,0x15,0xee,0x11,0xd5,0x0c,0xbc,0x2d,0xc4,0x6e,0xcc,0x31,0xdd,
    0xd4,0xe5,0x72,0xdd,0x8e,0xcc,0xaf,0xcc,0x93,0xe5,0xac,0x93,0xc9,0x72,0x4b,0x8b,
    0x4b,0x83,0x8c,0x8b,0xed,0x9b,0xac,0x93,0xc9,0x6a,0xea,0x72,0x2b,0x7b,0x68,0x5a,
    0x8f,0x9c,0x55,0xd6,0x14,0xce,0x35,0xd6,0x56,0xd6,0x56,0xd6,0x55,0xd6,0xb4,0xbd,
    0x2b,0x7b,0x4b,0x83,0x6c,0x83,0x0e,0x9c,0x37,0xd6,0xee,0x93,0x6b,0x83,0x70,0xa4,
    0xd9,0xe6,0xd9,0xe6,0xda,0xee,0xda,0xee,0xd4,0xcd,0x72,0xbd,0x35,0xce,0x56,0xd6,
    0xfa,0xee,0xd9,0xe6,0xd9,0xe6,0xd9,0xe6,0xb9,0xe6,0xb8,0xe6,0x1a,0xef,0x4e,0x9c,
    0xb0,0xa4,0xb8,0xde,0x09,0x7b,0xd8,0xe6,0xde,0xff,0xde,0xff,0xde,0xff,0xde,0xff,
    0xdd,0xff,0xbd,0xff,0x9c,0xf7,0x9b,0xf7,0x7b,0xf7,0x9b,0xf7,0x9b,0xf7,0x9b,0xf7,
    0x9b,0xf7,0x9c,0xf7,0xbd,0xff,0xbd,0xff,0xde,0xff,0xde,0xff,0xde,0xff,0xde,0xff,
    0xde,0xff,0xde,0xff,0xde,0xff,0xff,0xff,0x3b,0xef,0xfa,0xee,0xde,0xff,0xde,0xff,
    0xde,0xff,0xbe,0xff,0x9d,0xf7,0x9d,0xff,0x5b,0xff,0x98,0xee,0x3b,0xf7,0x3a,0xff,
    0x14,0xee,0x76,0xee,0x1a,0xff,0x3a,0xff,0x76,0xee,0xaf,0xc4,0x0d,0xac,0x52,0xcd,
    0x11,0xc5,0x4e,0xb4,0x2d,0xac,0x52,0xcd,0x96,0xee,0xd3,0xd5,0xed,0x9b,0x8b,0x93,
    0x4e,0xac,0xac,0x9b,0x0d,0xa4,0x4e,0xac,0x4e,0xac,0x0d,0xa4,0xcc,0x9b,0xcc,0x9b,
    0xaf,0xc4,0x31,0xd5,0x2e,0xac,0x2e,0xac,0x6f,0xb4,0x6e,0xb4,0x2d,0xac,0xaf,0xbc,
    0x0d,0xa4,0x8b,0x93,0x2d,0xac,0x4e,0xb4,0x6e,0xb4,0x6e,0xb4,0x0d,0xa4,0x8b,0x93,
    0x6e,0xb4,0x8f,0xbc,0x4e,0xac,0xaf,0xc4,0xcf,0xcc,0xaf,0xbc,0x8f,0xbc,0x51,0xdd,
    0x56,0xee,0x77,0xee,0x72,0xd5,0xcf,0xc4,0x77,0xf6,0x77,0xee,0x36,0xee,0xf4,0xe5,
    0x77,0xee,0x36,0xee,0x4d,0xbc,0x67,0x82,0x09,0x8b,0xc9,0x7a,0xb0,0xb4,0x53,0xc5,
    0xe6,0x49,0xeb,0x6a,0xeb,0x62,0x49,0x52,0xeb,0x6a,0xb1,0x9c,0xe7,0x41,0x08,0x4a,
    0x8a,0x5a,0x8a,0x5a,0xa6,0x39,0xa5,0x41,0xf1,0xbc,0xd1,0xbc,0xa8,0x82,0x6b,0x9b,
    0x2d,0xac,0xcc,0xa3,0xcc,0xa3,0x0d,0xa4,0xcc,0x9b,0xac,0x9b,0xed,0xa3,0xed,0xa3,
    0xac,0x93,0xcd,0x9b,0x52,0xd5,0x0d,0xac,0x31,0xcd,0x15,0xee,0xd4,0xe5,0x10,0xd5,
    0x72,0xdd,0x93,0xdd,0xd4,0xe5,0xd4,0xe5,0xb4,0xe5,0xd4,0xe5,0x31,0xdd,0x8e,0xcc,
    0xb3,0xe5,0xb0,0xbc,0xc9,0x72,0x2a,0x83,0x6b,0x8b,0x8c,0x8b,0xac,0x8b,0xac,0x93,
    0x0a,0x73,0xea,0x72,0x4b,0x83,0x85,0x41,0xee,0x8b,0x35,0xd6,0x76,0xd6,0x56,0xd6,
    0x56,0xd6,0x56,0xd6,0x35,0xce,0x14,0xc6,0x8c,0x83,0x2a,0x7b,0x2b,0x7b,0x4b,0x83,
    0xb1,0xa4,0xb4,0xc5,0xee,0x93,0xac,0x8b,0x57,0xd6,0xb9,0xe6,0xb8,0xe6,0xb9,0xe6,
    0x98,0xe6,0x94,0xc5,0x73,0xbd,0xf5,0xcd,0xb8,0xe6,0xd9,0xee,0xd9,0xe6,0xd9,0xe6,
    0xb9,0xe6,0xb8,0xe6,0x1a,0xef,0x6f,0xa4,0x4a,0x83,0x4e,0x9c,0x29,0x7b,0xf9,0xee,
    0xde,0xff,0xde,0xff,0xde,0xff,0xdd,0xff,0xbd,0xff,0xbc,0xf7,0x9b,0xf7,0x9b,0xf7,
    0x9b,0xf7,0x9b,0xf7,0x9b,0xf7,0x9c,0xf7,0xbc,0xf7,0x9c,0xf7,0xbd,0xff,0xbd,0xff,
    0xde,0xff,0xde,0xff,0xde,0xff,0xde,0xff,0xde,0xff,0xde,0xff,0xde,0xff,0xff,0xff,
    0x7d,0xf7,0x77,0xe6,0x7d,0xf7,0xff,0xff,0xdf,0xff,0x9d,0xf7,0x5c,0xf7,0x9c,0xff,
    0xf9,0xf6,0xb8,0xee,0x7c,0xff,0x1a,0xf7,0x14,0xe6,0x76,0xee,0xf9,0xf6,0x19,0xff,
    0x76,0xee,0x8f,0xbc,0xec,0xab,0xf0,0xc4,0x11,0xc5,0x4d,0xac,0x6e,0xb4,0x4e,0xac,
    0x50,0xdd,0xd1,0xed,0x92,0xd5,0x6b,0x8b,0x0d,0xa4,0xac,0x9b,0xed,0xa3,0x2d,0xac,
    0x4e,0xac,0x4e,0xac,0xac,0x9b,0xec,0xa3,0x8f,0xc4,0xb3,0xe5,0x8f,0xb4,0x2e,0xac,
    0x4e,0xb4,0x2e,0xac,0xed,0xa3,0x6e,0xbc,0x4e,0xb4,0xcc,0x9b,0x2d,0xac,0x6e,0xb4,
    0x6e,0xb4,0x6e,0xbc,0x0d,0xac,0xab,0x9b,0x6e,0xb4,0xaf,0xbc,0x4e,0xb4,0xf0,0xcc,
    0x10,0xd5,0xaf,0xbc,0x8f,0xc4,0xb3,0xe5,0x77,0xee,0x98,0xf6,0x52,0xd5,0xb0,0xbc,
    0x97,0xf6,0x77,0xee,0x56,0xee,0x56,0xee,0x36,0xee,0x31,0xd5,0x6e,0xbc,0x87,0x8a,
    0xab,0x9b,0x12,0xc5,0xb4,0xd5,0xf1,0xbc,0xc6,0x49,0xe7,0x49,0x69,0x52,0x08,0x4a,
    0x69,0x52,0x65,0x39,0x65,0x39,0xa6,0x41,0x49,0x4a,0xec,0x5a,0x2d,0x6b,0xe7,0x41,
    0x70,0xac,0x94,0xd5,0x6b,0x9b,0xec,0xab,0x2d,0xb4,0xed,0xa3,0xcc,0x9b,0x0d,0xa4,
    0xac,0x9b,0xac,0x9b,0xed,0xa3,0x2d,0xa4,0xcc,0x9b,0xac,0x9b,0x72,0xd5,0xd0,0xc4,
    0x8f,0xbc,0x15,0xee,0xf4,0xe5,0x0c,0xbc,0x2c,0xc4,0xf0,0xd4,0x10,0xd5,0x31,0xdd,
    0xd4,0xe5,0xf4,0xe5,0xf4,0xed,0x11,0xd5,0xb3,0xe5,0xb0,0xbc,0xea,0x72,0xa8,0x6a,
    0x6b,0x8b,0x4b,0x83,0x6b,0x8b,0x2b,0x83,0x6b,0x83,0x4b,0x83,0x2b,0x83,0x47,0x5a,
    0x0b,0x6b,0x76,0xde,0x97,0xde,0x76,0xde,0x56,0xd6,0x56,0xd6,0x14,0xc6,0x35,0xce,
    0x4e,0x94,0xc9,0x72,0x0a,0x7b,0x4b,0x7b,0x0a,0x7b,0xd2,0xac,0x94,0xbd,0x0a,0x7b,
    0xd5,0xcd,0xd9,0xe6,0xb8,0xe6,0xb8,0xe6,0x98,0xe6,0x16,0xd6,0xf6,0xd5,0xb4,0xc5,
    0x57,0xd6,0xd9,0xee,0xb8,0xe6,0xb9,0xe6,0xb9,0xe6,0xb8,0xe6,0x3a,0xf7,0x4e,0x9c,
    0xa8,0x6a,0xac,0x8b,0xe8,0x72,0x1a,0xef,0xde,0xff,0xde,0xff,0xde,0xff,0xdd,0xff,
    0xbc,0xff,0x9c,0xf7,0x7b,0xf7,0x9b,0xf7,0x9b,0xf7,0x9b,0xf7,0x9c,0xf7,0xbc,0xf7,
    0xbc,0xf7,0xbc,0xf7,0xbc,0xf7,0xbd,0xff,0xde,0xff,0xde,0xff,0xde,0xff,0xde,0xff,
    0xde,0xff,0xde,0xff,0xde,0xff,0xff,0xff,0x9d,0xf7,0xfa,0xee,0x5c,0xf7,0xde,0xff,
    0xfe,0xff,0x3b,0xef,0x7d,0xf7,0x9d,0xff,0xb8,0xee,0xd9,0xee,0x7c,0xff,0xf9,0xf6,
    0xf4,0xe5,0x56,0xee,0xd8,0xf6,0xf9,0xf6,0x76,0xee,0x8e,0xbc,0xcc,0xa3,0x8f,0xb4,
    0x11,0xc5,0x2d,0xac,0x8f,0xb4,0x0d,0xa4,0x72,0xcd,0x94,0xf6,0xf1,0xed,0x71,0xd5,
    0x0d,0xac,0x6b,0x8b,0x0d,0xa4,0x6e,0xb4,0x4e,0xac,0x6f,0xb4,0x0d,0xa4,0xec,0xa3,
    0xaf,0xc4,0xd4,0xe5,0xed,0xa3,0xac,0x9b,0xcc,0x9b,0x0d,0xac,0x0d,0xa4,0x0d,0xac,
    0x8e,0xbc,0xcc,0xa3,0x4e,0xb4,0x8f,0xbc,0x8f,0xbc,0xaf,0xbc,0x4d,0xac,0xcc,0xa3,
    0x6e,0xbc,0x8f,0xbc,0x4e,0xb4,0x31,0xd5,0x51,0xd5,0x8f,0xbc,0x6e,0xbc,0xf4,0xed,
    0x77,0xee,0x97,0xf6,0x11,0xcd,0x93,0xdd,0x97,0xf6,0x97,0xee,0x76,0xee,0x77,0xee,
    0xb3,0xe5,0xf4,0xe5,0xaa,0xb3,0x6a,0xab,0x93,0xd5,0xb4,0xd5,0x94,0xd5,0x53,0xc5,
    0xe6,0x49,0x27,0x4a,0xc7,0x41,0xab,0x5a,0xcb,0x62,0x27,0x52,0x48,0x5a,0xe7,0x49,
    0xcb,0x5a,0xec,0x5a,0x8e,0x73,0xe8,0x41,0xb0,0xb4,0x77,0xee,0x0d,0xb4,0x4d,0xbc,
    0x2d,0xb4,0xed,0xa3,0xac,0x9b,0xed,0xa3,0xac,0x9b,0xac,0x9b,0xed,0xa3,0x2e,0xac,
    0xac,0x9b,0xac,0x9b,0x52,0xcd,0x52,0xd5,0xf1,0xc4,0xf4,0xe5,0x15,0xee,0x4d,0xc4,
    0x0c,0xc4,0x2d,0xc4,0x6d,0xcc,0x6e,0xcc,0x31,0xd5,0x16,0xee,0x36,0xee,0xd4,0xe5,
    0xf4,0xed,0x6f,0xb4,0x27,0x5a,0xe9,0x72,0x68,0x62,0x4b,0x83,0x4b,0x83,0x4b,0x83,
    0xc9,0x72,0x6b,0x83,0xc9,0x72,0xea,0x7a,0x8c,0x83,0x77,0xde,0x97,0xde,0x97,0xde,
    0x76,0xde,0x76,0xd6,0x15,0xc6,0x35,0xce,0x32,0xad,0xea,0x72,0x0a,0x73,0x4b,0x7b,
    0x4b,0x83,0xee,0x93,0xd9,0xe6,0x6c,0x83,0xf1,0xac,0xd9,0xee,0xb8,0xe6,0xb9,0xe6,
    0xb8,0xe6,0xf6,0xd5,0xb8,0xe6,0xd5,0xcd,0xb8,0xe6,0xb8,0xe6,0xb8,0xe6,0xb8,0xe6,
    0xb9,0xe6,0xb9,0xe6,0xf9,0xee,0x73,0xbd,0xb4,0xc5,0xd9,0xee,0xb4,0xcd,0xd9,0xee,
    0xbd,0xff,0xdd,0xff,0xdd,0xff,0xbd,0xff,0xbc,0xf7,0x9c,0xf7,0x9b,0xf7,0x9b,0xf7,
    0x9b,0xf7,0x9c,0xf7,0x9c,0xf7,0xbc,0xf7,0x9c,0xf7,0x9c,0xf7,0x9c,0xf7,0xbd,0xf7,
    0xbd,0xff,0xde,0xff,0xde,0xff,0xde,0xff,0xde,0xff,0xde,0xff,0xde,0xff,0xff,0xff,
    0x3b,0xf7,0x3c,0xef,0x7c,0xf7,0x3a,0xf7,0xbd,0xff,0x5b,0xf7,0xbe,0xff,0x7c,0xff,
    0x56,0xee,0xfa,0xf6,0x7c,0xff,0xd8,0xf6,0xb2,0xe5,0x77,0xee,0x77,0xee,0xd8,0xf6,
    0x97,0xee,0xaf,0xbc,0xab,0x9b,0x4e,0xac,0x72,0xcd,0x4e,0xac,0xb0,0xbc,0x6f,0xac,
    0x4e,0xac,0x55,0xe6,0xd1,0xe5,0x90,0xdd,0x50,0xd5,0xec,0xa3,0x71,0xd5,0xb2,0xdd,
    0x6e,0xb4,0x8f,0xb4,0x4d,0xac,0x0d,0xa4,0x2d,0xac,0xac,0x9b,0x2a,0x8b,0xed,0xa3,
    0x4e,0xac,0x4e,0xb4,0x6e,0xbc,0x6e,0xb4,0x8f,0xc4,0xcc,0xa3,0x2d,0xac,0xaf,0xbc,
    0x8f,0xbc,0xaf,0xbc,0x6e,0xb4,0xcc,0xa3,0x6e,0xbc,0x8f,0xbc,0x4e,0xbc,0x72,0xe5,
    0x72,0xd5,0x8f,0xbc,0xf0,0xcc,0x56,0xee,0x97,0xee,0x36,0xe6,0xd0,0xbc,0x36,0xee,
    0x97,0xf6,0x97,0xf6,0x77,0xee,0x77,0xee,0x97,0xee,0x15,0xee,0xaa,0xc3,0x93,0xdd,
    0xf5,0xdd,0xd5,0xd5,0xd4,0xd5,0xd4,0xd5,0xf1,0xb4,0x0b,0x73,0x8b,0x5a,0xec,0x5a,
    0x8e,0x73,0xa9,0x62,0xe6,0x51,0xeb,0x62,0xcf,0x7b,0x30,0x8c,0x51,0x8c,0xaa,0x5a,
    0x12,0xbd,0x36,0xee,0x6e,0xc4,0x6e,0xc4,0x2d,0xb4,0xec,0xa3,0xac,0x9b,0xed,0xa3,
    0xac,0x9b,0xac,0x9b,0xed,0xa3,0x2d,0xac,0xac,0x9b,0x8b,0x93,0x31,0xcd,0x72,0xd5,
    0x93,0xd5,0xf5,0xe5,0x36,0xee,0x31,0xd5,0xcf,0xd4,0xaf,0xd4,0xaf,0xcc,0xf0,0xd4,
    0xf0,0xd4,0xf4,0xe5,0x36,0xee,0xd4,0xe5,0x14,0xf6,0x6e,0xac,0x44,0x31,0x2a,0x83,
    0xc5,0x49,0xa8,0x6a,0x4b,0x83,0x4b,0x83,0xea,0x72,0x8c,0x8b,0xc9,0x72,0x48,0x62,
    0xcd,0x93,0x56,0xde,0x97,0xde,0xb8,0xde,0x77,0xde,0x55,0xd6,0x15,0xc6,0x35,0xce,
    0xf4,0xc5,0x2b,0x7b,0xea,0x72,0xc9,0x6a,0x6b,0x83,0x4b,0x83,0x37,0xd6,0x74,0xbd,
    0xad,0x8b,0xb9,0xe6,0xb9,0xe6,0xb9,0xe6,0xd9,0xe6,0x36,0xde,0xb9,0xe6,0x77,0xde,
    0xf5,0xd5,0xd9,0xee,0x98,0xe6,0xb8,0xe6,0xb8,0xe6,0xb8,0xe6,0x98,0xe6,0xd9,0xee,
    0xb8,0xe6,0x77,0xe6,0xb9,0xe6,0xb8,0xe6,0xbc,0xff,0xbd,0xff,0xbd,0xff,0xbd,0xff,
    0xbd,0xff,0xbc,0xf7,0x9c,0xf7,0x9c,0xf7,0x9c,0xf7,0xbc,0xf7,0xbc,0xf7,0x9c,0xf7,
    0xbc,0xf7,0x9c,0xf7,0x9c,0xf7,0x9c,0xf7,0xbd,0xff,0xbe,0xff,0xde,0xff,0xde,0xff,
    0xde,0xff,0xde,0xff,0xde,0xff,0xde,0xff,0xfa,0xee,0x3c,0xef,0xbd,0xff,0x7c,0xf7,
    0x5b,0xf7,0x5c,0xf7,0xde,0xff,0x3b,0xf7,0x15,0xe6,0xfa,0xee,0x9c,0xff,0xb7,0xf6,
    0x71,0xdd,0x76,0xee,0x14,0xe6,0xb8,0xf6,0xb8,0xf6,0xcf,0xc4,0xab,0x9b,0x2e,0xac,
    0x93,0xcd,0x6e,0xac,0x8f,0xb4,0x6e,0xac,0x31,0xc5,0xf3,0xe5,0xd1,0xed,0x90,0xdd,
    0xee,0xcc,0x0e,0xd5,0xee,0xd4,0xed,0xcc,0x8e,0xbc,0x6e,0xac,0x4e,0xac,0x4a,0x93,
    0x09,0x83,0xcc,0xa3,0x51,0xd5,0xd0,0xc4,0x6e,0xb4,0x2d,0xb4,0x8f,0xbc,0xf0,0xcc,
    0x8f,0xc4,0x4e,0xb4,0x6e,0xb4,0x8f,0xbc,0x8f,0xbc,0xaf,0xbc,0x6e,0xb4,0x2d,0xb4,
    0x8f,0xbc,0x6e,0xbc,0x6e,0xc4,0xf4,0xed,0x72,0xd5,0xaf,0xc4,0xb3,0xe5,0x98,0xf6,
    0x57,0xee,0xf4,0xdd,0xb4,0xd5,0x77,0xee,0x97,0xf6,0x97,0xf6,0x97,0xf6,0x77,0xee,
    0x98,0xf6,0x92,0xe5,0xf0,0xdc,0x77,0xee,0xd4,0xdd,0xf6,0xdd,0x36,0xde,0xb8,0xee,
    0x53,0xc5,0xe7,0x41,0xcf,0x83,0x8e,0x73,0xcf,0x7b,0x71,0x94,0xef,0x83,0xb3,0x9c,
    0x72,0x94,0x34,0xad,0x54,0xbd,0x8d,0x7b,0x94,0xd5,0xd4,0xe5,0x31,0xdd,0x8f,0xc4,
    0x2e,0xb4,0xec,0xa3,0xab,0x9b,0xec,0xa3,0xac,0x9b,0xcc,0xa3,0xed,0xa3,0x2d,0xac,
    0x8b,0x93,0x6b,0x8b,0xf0,0xc4,0x72,0xd5,0xb4,0xdd,0x56,0xee,0x56,0xee,0x52,0xd5,
    0x31,0xdd,0x72,0xdd,0x52,0xdd,0x52,0xdd,0x31,0xd5,0x93,0xdd,0x15,0xee,0x93,0xe5,
    0x14,0xf6,0x8c,0x8b,0x44,0x31,0x88,0x62,0xa8,0x6a,0xe6,0x51,0x4a,0x83,0x4b,0x83,
    0x0a,0x7b,0x6b,0x83,0xea,0x7a,0xc9,0x72,0xc9,0x72,0xf5,0xcd,0x97,0xde,0x97,0xde,
    0x77,0xde,0x56,0xd6,0x14,0xc6,0xf4,0xc5,0x15,0xce,0x8c,0x83,0xea,0x72,0xa9,0x6a,
    0xc9,0x6a,0x4b,0x83,0x0e,0x9c,0x78,0xde,0x8c,0x8b,0xf6,0xcd,0xf9,0xee,0xb8,0xe6,
    0xd9,0xe6,0x57,0xde,0xb8,0xe6,0xfa,0xee,0xd5,0xcd,0x16,0xd6,0xb8,0xe6,0xb8,0xe6,
    0xb8,0xe6,0xb8,0xe6,0xb8,0xe6,0x98,0xe6,0x98,0xe6,0xb8,0xe6,0xb8,0xe6,0xb9,0xe6,
    0x9c,0xf7,0xbd,0xf7,0xbd,0xff,0xbd,0xff,0xbd,0xff,0xbd,0xff,0xbd,0xff,0xbc,0xf7,
    0xbc,0xf7,0xbc,0xf7,0xbc,0xf7,0xbc,0xf7,0x9c,0xf7,0x9c,0xf7,0x9b,0xf7,0x9c,0xf7,
    0x9c,0xf7,0xbd,0xf7,0xbd,0xff,0xde,0xff,0xde,0xff,0xbe,0xff,0xbd,0xf7,0xde,0xff,
    0x98,0xe6,0x1b,0xef,0xfe,0xff,0x9c,0xf7,0x7c,0xf7,0x5c,0xf7,0xde,0xff,0xf9,0xf6,
    0xd4,0xdd,0x7c,0xff,0x7c,0xff,0xb7,0xf6,0x50,0xdd,0x35,0xee,0xd4,0xe5,0x97,0xf6,
    0xd8,0xf6,0xcf,0xc4,0xab,0x9b,0x2d,0xac,0x52,0xcd,0x6f,0xb4,0x4e,0xac,0x8f,0xb4,
    0x34,0xe6,0x11,0xee,0x6f,0xdd,0x0e,0xd5,0x2b,0xb4,0x48,0x93,0xad,0xc4,0x2f,0xd5,
    0xee,0xc4,0x2e,0xac,0x2d,0xa4,0x09,0x83,0xab,0x9b,0x72,0xdd,0xf4,0xed,0x73,0xcd,
    0xd0,0xbc,0x4e,0xb4,0x8e,0xbc,0x31,0xd5,0xf0,0xcc,0x8e,0xbc,0x8f,0xbc,0x8f,0xbc,
    0x8f,0xbc,0x8f,0xbc,0x6e,0xb4,0x8e,0xbc,0xaf,0xc4,0x2d,0xac,0xcf,0xcc,0x56,0xf6,
    0x72,0xd5,0xaf,0xc4,0x15,0xee,0x77,0xee,0x15,0xe6,0x56,0xee,0xf4,0xe5,0x76,0xee,
    0xb7,0xf6,0x97,0xf6,0x98,0xf6,0x97,0xee,0x97,0xf6,0xd4,0xe5,0x77,0xf6,0x77,0xee,
    0x16,0xe6,0x78,0xee,0x98,0xee,0x78,0xe6,0x78,0xe6,0x4c,0x7b,0x10,0x84,0xd3,0x9c,
    0x92,0x94,0xb2,0x9c,0x95,0xbd,0xd5,0xcd,0xf6,0xcd,0x55,0xb5,0x74,0xbd,0xf2,0xb4,
    0xf4,0xed,0xd4,0xed,0xb3,0xed,0x8f,0xc4,0x4e,0xb4,0xec,0xa3,0xac,0xa3,0xec,0xa3,
    0xac,0x9b,0xcc,0xa3,0xed,0xa3,0x2d,0xac,0x8b,0x93,0x2a,0x8b,0xaf,0xbc,0x72,0xd5,
    0xd4,0xdd,0x56,0xee,0x36,0xee,0xf5,0xe5,0x8e,0xcc,0x51,0xdd,0x93,0xdd,0x72,0xdd,
    0x31,0xdd,0x93,0xdd,0xf5,0xe5,0x72,0xe5,0xd4,0xe5,0x88,0x6a,0xa5,0x41,0x06,0x52,
    0x0a,0x7b,0x26,0x5a,0xe9,0x72,0x4b,0x83,0x0a,0x7b,0x4b,0x83,0x4b,0x83,0xa9,0x6a,
    0x68,0x62,0x93,0xc5,0x97,0xde,0x77,0xde,0x77,0xde,0x56,0xd6,0x56,0xd6,0xd3,0xc5,
    0x15,0xc6,0x4f,0x9c,0xc9,0x72,0xea,0x72,0x68,0x62,0x0a,0x7b,0x4b,0x83,0x4f,0xa4,
    0x6f,0xa4,0xf1,0xb4,0xfa,0xee,0x98,0xe6,0xd9,0xe6,0x36,0xd6,0x98,0xe6,0xd9,0xee,
    0x57,0xde,0xf5,0xcd,0xb9,0xe6,0xb8,0xe6,0xb9,0xe6,0xb8,0xe6,0xb8,0xe6,0xb8,0xe6,
    0xb8,0xe6,0xb8,0xe6,0xb8,0xe6,0xb8,0xe6,0x9c,0xf7,0xbd,0xf7,0xbd,0xff,0xbd,0xff,
    0xbd,0xff,0xbd,0xff,0xbd,0xff,0xbd,0xff,0xbd,0xff,0xbd,0xf7,0xbc,0xff,0xbc,0xf7,
    0x9c,0xf7,0x9b,0xf7,0x9b,0xf7,0x7b,0xf7,0x9c,0xf7,0x9c,0xf7,0xbd,0xf7,0xbd,0xf7,
    0xbd,0xf7,0xbd,0xf7,0x9d,0xf7,0xde,0xff,0x36,0xde,0x3b,0xef,0xde,0xff,0xbd,0xf7,
    0x3b,0xf7,0x7c,0xf7,0xdd,0xff,0x77,0xee,0xb4,0xdd,0x9c,0xff,0x7c,0xff,0x97,0xf6,
    0x30,0xd5,0x14,0xe6,0xb3,0xdd,0x35,0xee,0xb8,0xf6,0xcf,0xc4,0x8b,0x9b,0xed,0xa3,
    0xf0,0xbc,0xaf,0xb4,0x0d,0xa4,0x6f,0xac,0xcf,0xbc,0xae,0xbc,0xab,0x9b,0x4a,0x8b,
    0x2f,0xcd,0x8d,0xbc,0x6c,0xbc,0x6c,0xbc,0x6d,0xbc,0xec,0x9b,0x0d,0xa4,0x6b,0x8b,
    0x2d,0xac,0x31,0xdd,0x15,0xee,0xf5,0xe5,0x11,0xc5,0x8f,0xbc,0x8e,0xbc,0x72,0xd5,
    0x11,0xd5,0x8e,0xbc,0x8f,0xbc,0xaf,0xbc,0xaf,0xbc,0xaf,0xbc,0x4e,0xb4,0x8e,0xbc,
    0xaf,0xc4,0xaf,0xbc,0xb3,0xe5,0xb7,0xf6,0x31,0xcd,0x11,0xd5,0x56,0xee,0x97,0xee,
    0xb8,0xf6,0x15,0xe6,0x56,0xee,0x97,0xf6,0xb8,0xf6,0xb8,0xf6,0xb8,0xf6,0xb8,0xf6,
    0x98,0xf6,0x97,0xf6,0x98,0xf6,0x97,0xee,0x98,0xee,0x98,0xee,0x78,0xee,0x78,0xe6,
    0xd9,0xf6,0x53,0xbd,0x0f,0x8c,0xb6,0xbd,0x14,0xa5,0x75,0xbd,0xf5,0xdd,0x15,0xe6,
    0x56,0xe6,0x17,0xd6,0x91,0x9c,0x70,0xac,0xb3,0xed,0x93,0xed,0x92,0xed,0x8e,0xc4,
    0x4e,0xb4,0xcc,0xa3,0xac,0xa3,0xed,0xa3,0xcc,0xa3,0xed,0xa3,0xed,0xa3,0x2d,0xac,
    0xac,0x9b,0x2a,0x83,0x6e,0xb4,0x52,0xcd,0xf5,0xe5,0x35,0xee,0x15,0xe6,0x76,0xee,
    0x10,0xd5,0x6e,0xcc,0x52,0xdd,0x52,0xdd,0x10,0xd5,0x93,0xe5,0x93,0xdd,0xd4,0xed,
    0xb0,0xbc,0x85,0x41,0x07,0x52,0x07,0x52,0xea,0x72,0xa8,0x6a,0x47,0x5a,0x4b,0x83,
    0x4b,0x83,0x6c,0x8b,0x2b,0x83,0xc9,0x72,0x06,0x52,0x32,0xb5,0x97,0xde,0x56,0xd6,
    0x97,0xde,0x56,0xde,0x76,0xde,0x35,0xce,0xf4,0xc5,0x11,0xad,0xca,0x72,0x0a,0x73,
    0xa9,0x6a,0xa9,0x6a,0x8c,0x8b,0xac,0x8b,0x4f,0x9c,0x4f,0x9c,0xd9,0xee,0xb9,0xe6,
    0xb8,0xe6,0x16,0xd6,0x98,0xe6,0xb8,0xe6,0xb9,0xe6,0x16,0xd6,0x98,0xe6,0xb8,0xe6,
    0xb9,0xe6,0xb8,0xe6,0xb9,0xe6,0xb9,0xe6,0xb9,0xe6,0xb9,0xe6,0xb8,0xe6,0xb8,0xe6,
    0x9c,0xf7,0xbd,0xff,0xbd,0xff,0xdd,0xff,0xbd,0xff,0xbd,0xff,0xbd,0xff,0xbd,0xff,
    0xbd,0xff,0xbd,0xff,0xbc,0xf7,0x9c,0xf7,0x9c,0xf7,0x9b,0xf7,0x9b,0xf7,0x7b,0xf7,
    0x7b,0xf7,0x9c,0xf7,0x9c,0xf7,0x9c,0xf7,0x9c,0xf7,0x9c,0xf7,0x9c,0xf7,0xdd,0xff,
    0x16,0xde,0x3b,0xef,0xbd,0xf7,0xbd,0xf7,0x3b,0xef,0x9d,0xff,0x9c,0xff,0x15,0xe6,
    0xd3,0xdd,0x9d,0xff,0x7b,0xff,0x77,0xee,0x30,0xd5,0xd3,0xe5,0xb3,0xdd,0xd4,0xdd,
    0xb7,0xf6,0xf0,0xc4,0x6a,0x93,0xec,0xa3,0x6e,0xac,0xaf,0xb4,0xcc,0x9b,0x4e,0xac,
    0xed,0x9b,0xcc,0x9b,0x0d,0xa4,0x0a,0x7b,0x6a,0x8b,0x2f,0xcd,0x2f,0xd5,0xee,0xd4,
    0x8a,0x9b,0x4a,0x8b,0xec,0xa3,0xac,0x93,0xec,0xa3,0xef,0xd4,0xd4,0xe5,0x35,0xee,
    0x51,0xcd,0x8f,0xbc,0x8f,0xbc,0x92,0xdd,0xb3,0xdd,0x6e,0xbc,0xcf,0xc4,0xaf,0xc4,
    0xaf,0xc4,0x8f,0xbc,0x8e,0xbc,0xf0,0xcc,0x6e,0xbc,0xaf,0xc4,0x56,0xf6,0x77,0xee,
    0xd0,0xc4,0xd3,0xe5,0x77,0xee,0x77,0xee,0x35,0xee,0x56,0xee,0x56,0xee,0x97,0xf6,
    0xb8,0xee,0xb8,0xee,0xb8,0xf6,0xb8,0xf6,0xb8,0xf6,0x98,0xf6,0x98,0xf6,0x97,0xf6,
    0x97,0xee,0x98,0xee,0x98,0xee,0x98,0xee,0xb8,0xee,0xb9,0xee,0xd5,0xd5,0x13,0xad,
    0x76,0xad,0xf7,0xcd,0x56,0xe6,0x56,0xe6,0x77,0xee,0xb5,0xcd,0x2e,0xa4,0x10,0xdd,
    0x72,0xe5,0xb3,0xed,0x92,0xed,0x8f,0xc4,0x6e,0xbc,0xcc,0xa3,0xcc,0xa3,0xed,0xab,
    0xed,0xa3,0xed,0xa3,0x0d,0xac,0x2d,0xac,0xec,0xa3,0x2a,0x83,0x2e,0xac,0x32,0xcd,
    0x15,0xe6,0x35,0xee,0x56,0xee,0xd4,0xe5,0x8e,0xcc,0x8e,0xcc,0x31,0xdd,0x52,0xdd,
    0x31,0xd5,0xb3,0xe5,0x72,0xdd,0x14,0xf6,0x0a,0x7b,0x65,0x39,0x27,0x5a,0x07,0x52,
    0xc9,0x72,0xea,0x72,0xc9,0x72,0x2b,0x83,0x4b,0x83,0x8c,0x8b,0x2b,0x83,0x4b,0x83,
    0xc6,0x49,0x4f,0x94,0xb7,0xe6,0x56,0xd6,0x97,0xde,0x77,0xde,0x76,0xde,0x56,0xd6,
    0xf4,0xc5,0xb3,0xbd,0x4b,0x7b,0x2a,0x7b,0x0a,0x7b,0x88,0x62,0x0a,0x7b,0xee,0x9b,
    0xed,0x93,0x6b,0x83,0xb8,0xe6,0x1a,0xef,0x78,0xde,0x16,0xd6,0x98,0xe6,0xb8,0xe6,
    0xb9,0xe6,0x77,0xde,0x36,0xd6,0xd9,0xe6,0xb9,0xe6,0xb9,0xe6,0xb9,0xe6,0xb9,0xe6,
    0xb9,0xe6,0xb9,0xe6,0xb9,0xe6,0xb9,0xe6,0x9c,0xf7,0xbd,0xf7,0xbd,0xff,0xdd,0xff,
    0xbd,0xff,0xbd,0xff,0xbd,0xf7,0x9c,0xf7,0xbc,0xf7,0xbc,0xf7,0xbc,0xf7,0x9c,0xf7,
    0x9c,0xf7,0x9c,0xf7,0x9c,0xf7,0x9b,0xf7,0x7b,0xf7,0x7b,0xf7,0x9c,0xf7,0x9c,0xf7,
    0x9c,0xf7,0x9c,0xf7,0x9c,0xf7,0xbd,0xff,0x57,0xe6,0x5b,0xef,0xbd,0xf7,0x9d,0xf7,
    0x3b,0xef,0x9d,0xff,0x7c,0xff,0x15,0xe6,0xd3,0xdd,0x9d,0xff,0x5b,0xff,0x56,0xee,
    0x10,0xcd,0xb3,0xdd,0xb3,0xdd,0x93,0xdd,0xb7,0xf6,0x31,0xcd,0x6a,0x93,0xec,0xa3,
    0x0d,0xa4,0xd0,0xbc,0xcc,0x9b,0x4e,0xac,0x0d,0xa4,0xed,0xa3,0xed,0xa3,0x6b,0x8b,
    0x4a,0x83,0xed,0xa3,0x0c,0xac,0x4c,0xb4,0x4a,0x8b,0x09,0x83,0xec,0xa3,0xac,0x9b,
    0xab,0x93,0xcf,0xcc,0xb3,0xe5,0x35,0xee,0xb3,0xdd,0x8f,0xbc,0x8e,0xbc,0x52,0xd5,
    0x35,0xee,0xaf,0xbc,0x8e,0xbc,0xcf,0xc4,0xd0,0xc4,0x6e,0xbc,0x31,0xd5,0x31,0xcd,
    0x4e,0xbc,0x92,0xdd,0xb8,0xf6,0x56,0xe6,0x92,0xdd,0x35,0xee,0x97,0xee,0x77,0xee,
    0x77,0xee,0xb8,0xf6,0x97,0xee,0x97,0xf6,0xb8,0xf6,0xb8,0xf6,0xb8,0xf6,0xb8,0xee,
    0xb8,0xf6,0x98,0xf6,0x98,0xf6,0x98,0xf6,0x97,0xee,0x98,0xee,0x98,0xee,0x98,0xee,
    0x98,0xee,0xb9,0xee,0xb8,0xee,0xf2,0xb4,0xd3,0xa4,0x95,0xbd,0xf5,0xd5,0x93,0xd5,
    0xf1,0xc4,0x2d,0xbc,0x30,0xe5,0xb2,0xf5,0xd3,0xed,0xb3,0xed,0xb3,0xed,0xcf,0xcc,
    0x6e,0xbc,0xac,0xa3,0xec,0xab,0x0d,0xac,0x0d,0xac,0x0d,0xac,0x0d,0xac,0x4e,0xb4,
    0x0d,0xac,0x2a,0x83,0xcc,0x9b,0xf1,0xc4,0x36,0xee,0x15,0xe6,0x36,0xee,0xaf,0xcc,
    0x4d,0xcc,0x8f,0xcc,0x31,0xdd,0x52,0xdd,0xd4,0xe5,0x72,0xdd,0x14,0xee,0xf1,0xc4,
    0xe6,0x51,0xa5,0x41,0x06,0x52,0x07,0x52,0xa9,0x6a,0xe9,0x72,0xea,0x7a,0x27,0x52,
    0x0a,0x7b,0xac,0x8b,0x4b,0x83,0x4b,0x83,0x07,0x52,0xcd,0x8b,0xd8,0xe6,0x56,0xd6,
    0x97,0xde,0x97,0xde,0x76,0xde,0x35,0xd6,0xf4,0xc5,0x14,0xce,0xed,0x8b,0x2a,0x7b,
    0x8c,0x8b,0x2a,0x7b,0xa9,0x72,0xac,0x93,0x2e,0x9c,0x8c,0x8b,0xf6,0xcd,0x3b,0xf7,
    0x98,0xe6,0x16,0xd6,0xb9,0xe6,0xb9,0xe6,0xb9,0xe6,0xd9,0xe6,0xf5,0xcd,0xb9,0xe6,
    0xb9,0xe6,0xd9,0xe6,0xd9,0xe6,0xd9,0xe6,0xd9,0xe6,0xd9,0xe6,0xd9,0xe6,0xd9,0xe6,
    0x7c,0xf7,0x9d,0xf7,0xbd,0xff,0xbd,0xff,0xbd,0xf7,0xbd,0xf7,0x9c,0xf7,0x9c,0xf7,
    0x9c,0xf7,0x9c,0xf7,0x9c,0xf7,0x9c,0xf7,0x9c,0xf7,0x9c,0xf7,0x9c,0xf7,0x9c,0xf7,
    0x9c,0xf7,0x9c,0xf7,0x9c,0xf7,0x9c,0xf7,0x9c,0xf7,0x9c,0xf7,0x9c,0xf7,0xbd,0xff,
    0x56,0xe6,0x3a,0xef,0xbd,0xf7,0x7c,0xf7,0x3b,0xef,0xbd,0xff,0x5b,0xf7,0x15,0xe6,
    0x93,0xdd,0x9d,0xf7,0x7b,0xff,0x35,0xee,0xcf,0xcc,0x92,0xdd,0xb3,0xdd,0x51,0xd5,
    0x97,0xf6,0x72,0xd5,0x8b,0x93,0x0d,0xa4,0xec,0xa3,0xd0,0xbc,0x0d,0xa4,0x0d,0xa4,
    0x0d,0xa4,0xed,0x9b,0xcd,0x9b,0xac,0x93,0x09,0x7b,0x0d,0xa4,0xac,0x9b,0xac,0x9b,
    0x4a,0x8b,0xab,0x9b,0xab,0x9b,0xec,0xa3,0x8b,0x93,0xcf,0xcc,0xd3,0xe5,0x35,0xee,
    0x35,0xee,0xd0,0xc4,0x6e,0xbc,0x11,0xcd,0x35,0xee,0x72,0xdd,0xaf,0xc4,0xaf,0xc4,
    0x8f,0xc4,0x8e,0xbc,0xd3,0xe5,0xd0,0xc4,0x8f,0xc4,0x56,0xee,0x97,0xee,0xf4,0xe5,
    0xd3,0xed,0x77,0xee,0x97,0xee,0x97,0xee,0xb8,0xf6,0x97,0xee,0xb8,0xf6,0xb8,0xee,
    0xb8,0xee,0xb8,0xf6,0xb8,0xf6,0xb8,0xf6,0xb8,0xf6,0xb8,0xf6,0x98,0xf6,0x98,0xf6,
    0x97,0xf6,0x97,0xf6,0x98,0xee,0xb8,0xee,0xb8,0xee,0x98,0xee,0x98,0xee,0xb8,0xf6,
    0xd1,0xb4,0x0e,0xa4,0x52,0xd5,0x93,0xe5,0x92,0xed,0x92,0xed,0xd3,0xf5,0xb3,0xed,
    0xb3,0xed,0xd3,0xed,0xd3,0xed,0xf0,0xcc,0x6e,0xbc,0xab,0xa3,0xed,0xab,0x0d,0xac,
    0x0d,0xac,0x0d,0xac,0x2e,0xac,0x4e,0xb4,0x2d,0xac,0x8b,0x93,0xac,0x9b,0x32,0xcd,
    0x36,0xee,0x15,0xe6,0xd4,0xe5,0x4d,0xc4,0x4d,0xcc,0x6e,0xcc,0x52,0xdd,0xd4,0xe5,
    0x73,0xdd,0x15,0xe6,0x56,0xee,0xc9,0x72,0x27,0x5a,0xc6,0x49,0xe6,0x49,0x07,0x52,
    0xa9,0x6a,0xea,0x72,0xe9,0x72,0xc6,0x49,0xa9,0x6a,0xac,0x8b,0x2b,0x83,0x2a,0x7b,
    0x27,0x5a,0x4b,0x7b,0xd8,0xe6,0x56,0xd6,0x97,0xde,0x97,0xe6,0x56,0xde,0x14,0xce,
    0xd3,0xc5,0x14,0xce,0x8f,0xa4,0x0a,0x7b,0x6b,0x8b,0x8c,0x8b,0xc9,0x72,0x6b,0x8b,
    0xcd,0x93,0x0e,0x9c,0x6f,0xa4,0xb9,0xe6,0xd9,0xee,0xb4,0xc5,0xb9,0xe6,0xd9,0xe6,
    0xb9,0xe6,0xfa,0xee,0x16,0xd6,0x57,0xde,0xfa,0xee,0xd9,0xe6,0xd9,0xe6,0xd9,0xe6,
    0xd9,0xe6,0xb9,0xe6,0xd9,0xe6,0xd9,0xe6,0x5b,0xef,0x7c,0xf7,0x9c,0xf7,0x9d,0xf7,
    0x9c,0xf7,0x9c,0xf7,0x7b,0xf7,0x7b,0xf7,0x7b,0xf7,0x9c,0xf7,0x9c,0xf7,0x9c,0xf7,
    0x9c,0xf7,0x9c,0xf7,0x9c,0xf7,0x9b,0xf7,0x9c,0xf7,0x9c,0xf7,0x9c,0xf7,0x9c,0xf7,
    0x9c,0xf7,0x9c,0xf7,0x9c,0xf7,0xbd,0xf7,0x57,0xe6,0xfa,0xee,0xbd,0xf7,0x5b,0xef,
    0x3b,0xef,0x9c,0xff,0x1a,0xf7,0x56,0xee,0x52,0xcd,0xbe,0xff,0x7b,0xff,0x35,0xee,
    0xae,0xc4,0xf0,0xcc,0xd3,0xdd,0x10,0xcd,0x35,0xe6,0xd4,0xdd,0x8b,0x93,0x0d,0xa4,
    0xed,0xa3,0x4e,0xac,0x6e,0xac,0xcc,0x9b,0x0d,0xa4,0xcd,0x9b,0xcc,0x9b,0x0d,0xa4,
    0xe9,0x7a,0xac,0x9b,0xcc,0x9b,0xcc,0x9b,0x2e,0xac,0x2d,0xac,0x6b,0x93,0x4e,0xb4,
    0x0d,0xa4,0xaf,0xc4,0xd3,0xe5,0x36,0xee,0x76,0xee,0xd4,0xdd,0xaf,0xbc,0x10,0xcd,
    0xf4,0xed,0xd3,0xed,0x30,0xd5,0xcf,0xcc,0x6e,0xbc,0xaf,0xc4,0x14,0xee,0x51,0xd5,
    0xb3,0xdd,0x97,0xf6,0x77,0xee,0xf4,0xe5,0x35,0xee,0x97,0xf6,0x97,0xee,0x97,0xee,
    0x98,0xf6,0xb8,0xf6,0xb8,0xf6,0xb8,0xf6,0x98,0xee,0x98,0xee,0xb8,0xf6,0xb8,0xee,
    0xb8,0xf6,0xb8,0xf6,0xb8,0xf6,0x97,0xf6,0x97,0xf6,0x97,0xf6,0x77,0xf6,0x77,0xee,
    0x97,0xee,0x77,0xee,0x56,0xee,0xd4,0xed,0xf4,0xed,0xf4,0xf5,0x14,0xf6,0xf4,0xf5,
    0xf4,0xf5,0xd4,0xf5,0xd3,0xf5,0xd3,0xf5,0xd3,0xf5,0xd3,0xed,0xf4,0xf5,0xf0,0xcc,
    0x4d,0xb4,0x8b,0x9b,0x0d,0xac,0xed,0xab,0xed,0xab,0x0d,0xac,0x4e,0xb4,0x4e,0xb4,
    0x2e,0xac,0xac,0x9b,0xcc,0x9b,0xb3,0xdd,0x35,0xee,0x36,0xee,0x11,0xcd,0xab,0xb3,
    0x10,0xd5,0xf4,0xe5,0x15,0xe6,0x93,0xdd,0xb4,0xdd,0x97,0xf6,0x6f,0xac,0x85,0x41,
    0xa9,0x6a,0xe6,0x49,0xe6,0x49,0x27,0x5a,0xea,0x72,0xa9,0x6a,0x88,0x62,0xe6,0x49,
    0x68,0x62,0x8c,0x8b,0x0a,0x7b,0xe9,0x72,0x48,0x5a,0xca,0x6a,0x97,0xde,0x55,0xd6,
    0x76,0xde,0xb7,0xe6,0x35,0xd6,0xf4,0xc5,0xf3,0xc5,0x14,0xc6,0x31,0xb5,0x0a,0x7b,
    0x4b,0x83,0xac,0x8b,0x2a,0x7b,0x6b,0x8b,0x6b,0x83,0xed,0x93,0x0e,0x9c,0x90,0xa4,
    0xfa,0xee,0x53,0xbd,0x98,0xde,0xd9,0xe6,0xb9,0xe6,0xfa,0xee,0x57,0xde,0x94,0xc5,
    0xfa,0xee,0xb9,0xe6,0xd9,0xe6,0xd9,0xe6,0xd9,0xe6,0xb9,0xe6,0xd9,0xe6,0xd9,0xe6,
    0x3a,0xef,0x5b,0xef,0x7b,0xf7,0x7b,0xf7,0x7b,0xf7,0x7b,0xef,0x5a,0xef,0x5b,0xef,
    0x7b,0xef,0x7b,0xf7,0x7b,0xf7,0x9b,0xf7,0x9c,0xf7,0x9c,0xf7,0x9c,0xf7,0x9c,0xf7,
    0x9c,0xf7,0x9c,0xf7,0x9b,0xf7,0x9c,0xf7,0x9c,0xf7,0x9c,0xf7,0xbd,0xf7,0xbd,0xf7,
    0x57,0xe6,0xd9,0xee,0xbd,0xf7,0x3a,0xef,0x9c,0xff,0x7c,0xff,0x5b,0xf7,0xf4,0xe5,
    0x52,0xcd,0xbe,0xff,0x7b,0xff,0x35,0xee,0xaf,0xc4,0x8e,0xbc,0x72,0xd5,0xf0,0xcc,
    0x92,0xd5,0x15,0xe6,0xab,0x9b,0x0d,0xa4,0x2d,0xac,0xcc,0x9b,0x6e,0xb4,0xcc,0x9b,
    0x0d,0xa4,0xed,0xa3,0xed,0x9b,0x2e,0xa4,0x4a,0x83,0x4a,0x8b,0xac,0x9b,0x8b,0x93,
    0x2e,0xac,0x4e,0xb4,0x6b,0x93,0x2e,0xac,0x2d,0xac,0x8f,0xbc,0xd3,0xe5,0x56,0xee,
    0x77,0xf6,0x77,0xee,0xf0,0xc4,0xaf,0xc4,0x31,0xd5,0x11,0xd5,0xd0,0xcc,0xcf,0xcc,
    0x6e,0xbc,0x31,0xd5,0x14,0xee,0x15,0xee,0x56,0xee,0x97,0xee,0x77,0xee,0x77,0xee,
    0x97,0xf6,0x97,0xf6,0x98,0xf6,0x98,0xf6,0xb8,0xf6,0xb8,0xf6,0xb8,0xee,0x98,0xee,
    0xb8,0xf6,0xb8,0xf6,0xb8,0xf6,0xb8,0xf6,0xb8,0xf6,0xb8,0xf6,0x98,0xf6,0x97,0xf6,
    0x97,0xf6,0x97,0xf6,0x77,0xf6,0x77,0xf6,0x56,0xf6,0x56,0xf6,0x35,0xf6,0x15,0xf6,
    0x15,0xf6,0xf4,0xf5,0xf4,0xf5,0xf4,0xf5,0xf4,0xf5,0xf4,0xf5,0xd3,0xf5,0xf4,0xf5,
    0xd3,0xf5,0xd3,0xed,0xd3,0xed,0xaf,0xcc,0x0d,0xb4,0x4a,0x93,0x2d,0xb4,0xed,0xab,
    0xed,0xab,0x2d,0xac,0x4e,0xb4,0x4e,0xb4,0x4e,0xac,0xac,0x9b,0x8b,0x93,0x93,0xd5,
    0x36,0xee,0x36,0xee,0x52,0xd5,0x11,0xd5,0x36,0xee,0x15,0xe6,0xf5,0xe5,0xf4,0xe5,
    0x15,0xee,0xb4,0xdd,0xe6,0x49,0xc5,0x41,0xa8,0x6a,0xe6,0x51,0x07,0x52,0xa9,0x62,
    0xea,0x72,0x88,0x62,0xa9,0x6a,0x27,0x5a,0x68,0x62,0x8c,0x8b,0xea,0x72,0x68,0x62,
    0x68,0x62,0x48,0x5a,0x56,0xd6,0x75,0xd6,0x35,0xd6,0xb7,0xe6,0x35,0xd6,0xf3,0xc5,
    0xf4,0xc5,0x14,0xc6,0xd4,0xc5,0x6b,0x83,0x4b,0x83,0xcd,0x9b,0x8c,0x8b,0xac,0x8b,
    0x0e,0x9c,0x4f,0x9c,0x2e,0xa4,0xed,0x9b,0x32,0xb5,0x73,0xbd,0x77,0xde,0xb9,0xe6,
    0xb9,0xe6,0xd9,0xe6,0xb8,0xe6,0x53,0xbd,0xd9,0xe6,0xd9,0xe6,0xd9,0xe6,0xd9,0xe6,
    0xd9,0xe6,0xd9,0xe6,0xd9,0xe6,0xd9,0xee,0x19,0xe7,0x3a,0xef,0x5a,0xef,0x5a,0xef,
    0x5a,0xef,0x3a,0xef,0x3a,0xef,0x5a,0xef,0x5a,0xef,0x7b,0xef,0x7b,0xef,0x7c,0xf7,
    0x9c,0xf7,0x9c,0xf7,0x9c,0xf7,0x9c,0xf7,0x9c,0xf7,0x9c,0xf7,0x9c,0xf7,0x9c,0xf7,
    0x9c,0xf7,0x9c,0xf7,0xbd,0xf7,0xbd,0xf7,0x77,0xe6,0xb8,0xe6,0xbe,0xf7,0x1a,0xef,
    0xbd,0xff,0x7b,0xff,0x5b,0xff,0x72,0xd5,0x6f,0xac,0x7c,0xf7,0x7c,0xff,0x97,0xf6,
    0xaf,0xc4,0x8e,0xbc,0x10,0xcd,0x10,0xcd,0x10,0xc5,0x56,0xee,0xec,0xa3,0xed,0xa3,
    0x4e,0xac,0xab,0x9b,0x2e,0xac,0x2e,0xa4,0xed,0xa3,0x2e,0xac,0xed,0xa3,0x2d,0xa4,
    0xac,0x93,0x09,0x7b,0xcc,0x9b,0x6b,0x8b,0x2d,0xa4,0x6e,0xb4,0x0d,0xac,0x6e,0xb4,
    0x4e,0xac,0x6e,0xb4,0xd3,0xe5,0x76,0xf6,0xf5,0xe5,0x92,0xdd,0x30,0xd5,0x6e,0xbc,
    0xb3,0xe5,0x51,0xd5,0x10,0xcd,0xaf,0xc4,0xf0,0xcc,0xb3,0xe5,0x35,0xee,0x56,0xee,
    0x77,0xee,0x97,0xee,0x97,0xee,0x97,0xf6,0x97,0xee,0x97,0xf6,0x98,0xf6,0x98,0xf6,
    0xb8,0xf6,0xb8,0xf6,0xb8,0xf6,0xb8,0xf6,0xb8,0xee,0xb8,0xf6,0xb8,0xf6,0xb8,0xf6,
    0xb8,0xf6,0xb8,0xf6,0x97,0xf6,0x97,0xf6,0x97,0xf6,0x97,0xf6,0x77,0xf6,0x77,0xf6,
    0x56,0xf6,0x56,0xf6,0x36,0xf6,0x15,0xf6,0x14,0xf6,0xf4,0xf5,0xf4,0xf5,0xf4,0xf5,
    0xf4,0xf5,0xd3,0xf5,0xd3,0xf5,0xd3,0xf5,0xb3,0xf5,0xb3,0xed,0xb3,0xed,0xaf,0xcc,
    0xec,0xab,0x29,0x93,0x4e,0xbc,0x0d,0xac,0x0d,0xac,0x2e,0xb4,0x4e,0xb4,0x2e,0xac,
    0x2e,0xac,0xcc,0x9b,0x8b,0x93,0x11,0xc5,0x76,0xee,0x36,0xe6,0x36,0xee,0x56,0xee,
    0x35,0xee,0x36,0xee,0x15,0xe6,0xf4,0xe5,0xf4,0xe5,0xea,0x7a,0x44,0x31,0xa5,0x41,
    0x88,0x6a,0x07,0x52,0xc6,0x41,0x47,0x5a,0xea,0x72,0xa9,0x6a,0xc9,0x72,0x68,0x62,
    0x68,0x62,0xac,0x93,0xa9,0x6a,0x07,0x52,0xc9,0x6a,0x27,0x52,0xf5,0xcd,0x96,0xde,
    0x35,0xd6,0xb7,0xe6,0x56,0xd6,0xf4,0xc5,0x14,0xc6,0x14,0xc6,0x35,0xce,0xcc,0x8b,
    0x4b,0x83,0xed,0x9b,0x0d,0x9c,0xac,0x93,0x0e,0x9c,0x74,0xbd,0x4f,0x9c,0x4f,0xa4,
    0xed,0x93,0x70,0xa4,0xd9,0xee,0xb8,0xe6,0xb9,0xe6,0xb9,0xe6,0xd9,0xe6,0x12,0xb5,
    0x98,0xde,0xd9,0xe6,0xd9,0xe6,0xd9,0xe6,0xd9,0xe6,0xd9,0xe6,0xd9,0xe6,0xd9,0xe6,
    0x19,0xe7,0x19,0xe7,0x3a,0xe7,0x3a,0xe7,0x3a,0xe7,0x3a,0xe7,0x3a,0xef,0x3a,0xef,
    0x5a,0xef,0x5a,0xef,0x7b,0xef,0x7c,0xf7,0x9c,0xf7,0xbd,0xf7,0xbd,0xf7,0xbd,0xf7,
    0x9d,0xf7,0x9c,0xf7,0x9c,0xf7,0x9c,0xf7,0x9c,0xf7,0x9c,0xf7,0xbd,0xf7,0xbd,0xf7,
    0xb9,0xe6,0xb8,0xe6,0x9d,0xf7,0x5c,0xf7,0xbe,0xff,0x1a,0xf7,0xf9,0xf6,0xf0,0xc4,
    0xb4,0xcd,0x5b,0xf7,0x7b,0xff,0xb7,0xee,0xaf,0xc4,0x8e,0xbc,0xf0,0xc4,0x10,0xcd,
    0xaf,0xbc,0x35,0xe6,0x8f,0xb4,0xcc,0xa3,0x4e,0xac,0xcc,0x9b,0x6b,0x8b,0x4e,0xac,
    0xcc,0x9b,0x4e,0xac,0x0d,0xa4,0x2e,0xa4,0x2d,0xa4,0xa8,0x72,0xcc,0x9b,0x4a,0x8b,
    0xed,0xa3,0x6e,0xb4,0x4e,0xb4,0x8e,0xbc,0x8e,0xb4,0x2d,0xac,0x72,0xdd,0x11,0xcd,
    0x72,0xd5,0x14,0xee,0xaf,0xc4,0xe9,0x82,0x2a,0x8b,0x68,0x6a,0xe6,0x59,0x88,0x72,
    0x8b,0x9b,0x2d,0xbc,0x31,0xd5,0x14,0xf6,0x77,0xee,0x97,0xee,0x97,0xee,0x97,0xee,
    0x97,0xee,0x97,0xee,0x97,0xee,0xb8,0xf6,0xb8,0xf6,0xb8,0xf6,0xb8,0xf6,0xb8,0xf6,
    0xb8,0xf6,0xb8,0xf6,0xb8,0xf6,0xb8,0xf6,0xb8,0xf6,0xb8,0xf6,0x97,0xf6,0x97,0xf6,
    0x97,0xf6,0x77,0xf6,0x77,0xf6,0x77,0xf6,0x56,0xf6,0x36,0xf6,0x35,0xf6,0x15,0xf6,
    0x14,0xf6,0xf4,0xf5,0xf4,0xf5,0xd4,0xf5,0xd3,0xf5,0xb3,0xed,0xb3,0xed,0xd3,0xf5,
    0xb3,0xed,0xb3,0xed,0x93,0xed,0xaf,0xc4,0x4e,0xbc,0xab,0xab,0x6e,0xbc,0x2d,0xb4,
    0x0d,0xac,0x4e,0xb4,0x4e,0xb4,0x2e,0xac,0x0d,0xa4,0xed,0xa3,0xcc,0xa3,0xf1,0xc4,
    0x77,0xee,0x15,0xe6,0x15,0xe6,0x35,0xe6,0xb3,0xd5,0xf4,0xe5,0x36,0xe6,0x76,0xf6,
    0xcd,0x93,0xa6,0x49,0xe6,0x49,0x64,0x39,0x88,0x6a,0xc6,0x41,0x85,0x39,0x27,0x52,
    0xea,0x72,0xa9,0x6a,0xa9,0x6a,0x88,0x62,0xa9,0x6a,0xac,0x93,0xc9,0x72,0x47,0x5a,
    0xea,0x72,0xe6,0x51,0xb4,0xbd,0xb7,0xe6,0x35,0xd6,0x97,0xde,0x77,0xde,0x14,0xc6,
    0x14,0xc6,0xf4,0xc5,0x55,0xce,0x8f,0x9c,0xea,0x72,0xed,0x9b,0x4e,0xa4,0x0d,0x9c,
    0xcd,0x93,0x32,0xbd,0xb4,0xc5,0xcd,0x93,0x2e,0xa4,0xed,0x93,0xd5,0xcd,0xfa,0xee,
    0xb9,0xe6,0xd9,0xe6,0xd9,0xe6,0xf1,0xb4,0x57,0xde,0xfa,0xee,0xd9,0xe6,0xd9,0xe6,
    0xd9,0xe6,0xd9,0xee,0xd9,0xe6,0xd9,0xe6,0x19,0xe7,0x19,0xe7,0x19,0xe7,0x1a,0xe7,
    0x19,0xe7,0x3a,0xe7,0x3a,0xe7,0x3a,0xef,0x3a,0xef,0x5a,0xef,0x7b,0xef,0x7c,0xf7,
    0x9d,0xf7,0xbd,0xf7,0xbd,0xff,0xbd,0xff,0xbd,0xff,0xbd,0xf7,0x9d,0xf7,0x9c,0xf7,
    0x9c,0xf7,0x9d,0xf7,0xbd,0xf7,0xde,0xff,0x3b,0xef,0xb8,0xe6,0x3b,0xef,0x7c,0xf7,
    0x9d,0xff,0xb8,0xee,0x15,0xde,0x73,0xcd,0xfa,0xe6,0xd9,0xee,0x5b,0xff,0xb8,0xf6,
    0xaf,0xc4,0x8f,0xbc,0xaf,0xbc,0x11,0xcd,0x8f,0xbc,0xd4,0xdd,0x31,0xcd,0xab,0x9b,
    0x4d,0xac,0x0d,0xa4,0x88,0x6a,0xec,0x9b,0xcc,0x9b,0xed,0xa3,0x2e,0xac,0x2e,0xa4,
    0x4e,0xac,0xe9,0x7a,0x2a,0x83,0x2a,0x8b,0x4a,0x8b,0x6e,0xb4,0x4e,0xb4,0xcf,0xc4,
    0x8f,0xbc,0x0d,0xa4,0x2d,0xac,0x72,0xd5,0xcc,0x9b,0x06,0x5a,0xc5,0x51,0x06,0x5a,
    0x47,0x62,0xe9,0x7a,0x85,0x41,0x85,0x49,0xa5,0x51,0x84,0x51,0xe5,0x61,0xcc,0xab,
    0xf4,0xed,0x97,0xee,0x77,0xee,0x97,0xee,0x97,0xee,0x97,0xee,0x98,0xf6,0xb8,0xf6,
    0xb8,0xf6,0xb8,0xf6,0x98,0xf6,0xb8,0xf6,0xb8,0xf6,0xb8,0xf6,0xb8,0xf6,0xb8,0xf6,
    0xb8,0xf6,0x98,0xee,0x97,0xf6,0x97,0xf6,0x97,0xf6,0x77,0xf6,0x77,0xf6,0x76,0xf6,
    0x56,0xf6,0x36,0xf6,0x35,0xf6,0x15,0xf6,0xf4,0xf5,0xf4,0xf5,0xd4,0xf5,0xd3,0xf5,
    0xd3,0xf5,0xb3,0xed,0xd3,0xf5,0xd3,0xf5,0xb3,0xed,0xf4,0xf5,0x93,0xe5,0x8f,0xc4,
    0xaf,0xcc,0x0c,0xbc,0x4e,0xbc,0x2d,0xb4,0x4e,0xb4,0x4e,0xb4,0x2e,0xb4,0x2e,0xac,
    0xed,0xa3,0x0d,0xac,0x0d,0xac,0x8f,0xb4,0x56,0xee,0xf4,0xe5,0x15,0xee,0xf4,0xe5,
    0xb3,0xd5,0xd4,0xdd,0x97,0xee,0xb4,0xd5,0xc6,0x49,0xe6,0x49,0x07,0x52,0x65,0x39,
    0xa8,0x6a,0xe6,0x49,0xa5,0x41,0xe6,0x49,0x0a,0x7b,0xc9,0x6a,0x89,0x62,0x88,0x62,
    0x0a,0x7b,0x6b,0x83,0x68,0x5a,0xc9,0x72,0xc9,0x72,0xc6,0x49,0x4f,0x94,0x35,0xd6,
    0x76,0xde,0x19,0xef,0xf9,0xee,0x14,0xce,0x14,0xc6,0xf4,0xc5,0x14,0xc6,0x32,0xb5,
    0x88,0x62,0xcc,0x93,0x2e,0xa4,0x2e,0xa4,0xed,0x9b,0x0e,0x9c,0xb4,0xcd,0x6f,0xa4,
    0xcd,0x93,0x0e,0x9c,0xed,0x93,0x37,0xd6,0xfa,0xee,0xb9,0xe6,0xd9,0xe6,0xd1,0xb4,
    0x16,0xd6,0xfa,0xee,0xd9,0xe6,0xd9,0xe6,0xd9,0xe6,0xd9,0xe6,0xd9,0xe6,0xd9,0xee,
    0x19,0xe7,0x19,0xe7,0x19,0xe7,0x19,0xe7,0x1a,0xe7,0x1a,0xe7,0x3a,0xe7,0x3a,0xe7,
    0x3a,0xe7,0x5a,0xef,0x7b,0xef,0x9c,0xf7,0xbd,0xf7,0xbe,0xff,0xde,0xff,0xde,0xff,
    0xde,0xff,0xbe,0xff,0xbd,0xf7,0x9d,0xf7,0xbd,0xf7,0xbd,0xf7,0xbe,0xf7,0xdf,0xff,
    0x5c,0xf7,0xb9,0xee,0x77,0xe6,0x7c,0xf7,0x7b,0xff,0xf5,0xe5,0xd4,0xd5,0xfa,0xee,
    0xfa,0xe6,0xb8,0xee,0x3a,0xff,0xf9,0xf6,0xaf,0xc4,0x8f,0xbc,0x4d,0xac,0xd0,0xc4,
    0xaf,0xbc,0x52,0xcd,0xb3,0xd5,0xcc,0xa3,0x4e,0xac,0x4e,0xac,0xa8,0x72,0xe9,0x7a,
    0x2d,0xa4,0xab,0x93,0x0d,0xa4,0x0d,0xa4,0x0d,0xa4,0x8b,0x93,0xe9,0x7a,0x09,0x83,
    0x88,0x72,0x2d,0xac,0x0d,0xac,0xd0,0xc4,0xf0,0xcc,0xcc,0xa3,0x6e,0xb4,0x52,0xc5,
    0xe6,0x51,0x85,0x49,0x06,0x5a,0xc5,0x49,0x43,0x39,0x06,0x52,0x4c,0x7b,0x2c,0x73,
    0xea,0x6a,0x70,0x9c,0xeb,0x6a,0x65,0x39,0x2a,0x8b,0x35,0xee,0x77,0xee,0x97,0xee,
    0x97,0xee,0x97,0xee,0x98,0xee,0x97,0xf6,0x98,0xf6,0xb8,0xf6,0xb8,0xf6,0xb8,0xf6,
    0xb8,0xf6,0xb8,0xee,0xb8,0xee,0xb8,0xee,0x98,0xee,0xb8,0xee,0x98,0xee,0x97,0xf6,
    0x77,0xf6,0x77,0xf6,0x77,0xf6,0x56,0xf6,0x56,0xf6,0x56,0xf6,0x35,0xf6,0x14,0xf6,
    0xf4,0xf5,0xf4,0xf5,0xd4,0xf5,0xd3,0xf5,0xd3,0xf5,0xb3,0xf5,0xd4,0xf5,0xd3,0xf5,
    0xd3,0xf5,0xf4,0xf5,0x72,0xe5,0xaf,0xc4,0x10,0xd5,0x4d,0xc4,0x4e,0xb4,0x2d,0xb4,
    0x4e,0xbc,0x4e,0xb4,0x4e,0xb4,0x2e,0xb4,0x0d,0xa4,0xed,0xa3,0x4e,0xb4,0x6f,0xb4,
    0x15,0xee,0xd4,0xe5,0x15,0xe6,0xd4,0xe5,0xd3,0xd5,0x35,0xe6,0x55,0xee,0x2b,0x7b,
    0xa5,0x41,0xc6,0x49,0x07,0x52,0xa5,0x41,0xa9,0x6a,0x27,0x5a,0xa5,0x41,0xe6,0x49,
    0x2a,0x83,0xea,0x72,0x88,0x62,0x88,0x62,0x4b,0x83,0xc9,0x6a,0x85,0x39,0xe9,0x72,
    0xc9,0x6a,0x07,0x52,0xe6,0x51,0x68,0x5a,0x2b,0x73,0x90,0x9c,0xd4,0xc5,0x35,0xce,
    0x55,0xd6,0xf4,0xc5,0xd3,0xbd,0xf4,0xc5,0xe9,0x6a,0x6b,0x8b,0x2d,0xa4,0x0d,0xa4,
    0xed,0x9b,0xcc,0x9b,0x2e,0xa4,0x33,0xbd,0xed,0x9b,0x2e,0x9c,0x4f,0xa4,0x4f,0x9c,
    0x98,0xe6,0xfa,0xee,0x98,0xe6,0xd1,0xb4,0x16,0xd6,0xfa,0xee,0xd9,0xe6,0xd9,0xe6,
    0xd9,0xe6,0xd9,0xe6,0xd9,0xe6,0xd9,0xee,0x19,0xe7,0x19,0xe7,0x19,0xe7,0x19,0xe7,
    0x19,0xe7,0x19,0xe7,0x1a,0xe7,0x3a,0xe7,0x3a,0xef,0x5a,0xef,0x7b,0xef,0x9d,0xf7,
    0xbd,0xf7,0xde,0xff,0xde,0xff,0xde,0xff,0xde,0xff,0xde,0xf7,0xbe,0xf7,0xbd,0xf7,
    0xbe,0xf7,0xbe,0xff,0xde,0xff,0xde,0xff,0xde,0xff,0xb9,0xee,0xb9,0xee,0x9c,0xff,
    0x5a,0xff,0x52,0xd5,0x56,0xde,0xde,0xff,0x1b,0xef,0xd9,0xee,0x1a,0xf7,0x5b,0xff,
    0xf0,0xc4,0xaf,0xc4,0xec,0xa3,0x4e,0xac,0xcf,0xc4,0xaf,0xbc,0x93,0xd5,0xec,0xa3,
    0x2e,0xac,0x6e,0xb4,0x2a,0x83,0x06,0x52,0x4e,0xac,0xcc,0x9b,0x0d,0xa4,0x2e,0xac,
    0x0d,0xa4,0x0d,0xa4,0xe9,0x7a,0xe9,0x7a,0x26,0x62,0xab,0x9b,0x0d,0xac,0x4e,0xb4,
    0xd4,0xdd,0x2d,0xb4,0x4a,0x8b,0xa4,0x51,0x64,0x49,0x26,0x5a,0xc5,0x51,0xea,0x72,
    0xa5,0x41,0x89,0x5a,0x10,0x8c,0xae,0x7b,0x2c,0x73,0x5b,0xef,0xd2,0xa4,0x08,0x4a,
    0x08,0x4a,0x12,0xc5,0xb8,0xf6,0x77,0xee,0x97,0xee,0x98,0xee,0xb8,0xf6,0xb8,0xf6,
    0x98,0xf6,0xb8,0xf6,0xb8,0xf6,0xb8,0xf6,0xb8,0xf6,0xb8,0xf6,0xb8,0xf6,0xb8,0xee,
    0x98,0xee,0x98,0xee,0x98,0xf6,0x97,0xf6,0x77,0xf6,0x77,0xf6,0x76,0xf6,0x56,0xf6,
    0x56,0xf6,0x56,0xf6,0x35,0xf6,0x14,0xf6,0xf4,0xf5,0xf4,0xf5,0xf4,0xf5,0xd4,0xf5,
    0xd3,0xf5,0xd3,0xed,0xf4,0xf5,0xd3,0xed,0xf4,0xf5,0x93,0xe5,0x93,0xe5,0x8f,0xc4,
    0x31,0xe5,0x4e,0xc4,0x2d,0xb4,0x4e,0xbc,0x4e,0xbc,0x4e,0xb4,0x4e,0xb4,0x2d,0xac,
    0x0d,0xac,0xcc,0xa3,0x8f,0xbc,0x6f,0xb4,0xd3,0xe5,0x92,0xe5,0x35,0xee,0x14,0xee,
    0x6c,0xbc,0x8d,0xc4,0x6b,0x83,0xe6,0x49,0x07,0x52,0xa6,0x41,0x07,0x52,0xe6,0x49,
    0xc9,0x6a,0x88,0x62,0xa6,0x41,0x07,0x52,0x6b,0x83,0x2a,0x7b,0xa9,0x6a,0xa9,0x6a,
    0x4b,0x83,0x07,0x52,0x65,0x39,0xa8,0x62,0xe9,0x72,0xe6,0x49,0x27,0x5a,0x47,0x5a,
    0x07,0x52,0x85,0x41,0xc5,0x41,0xea,0x6a,0xd0,0xa4,0x14,0xc6,0x14,0xc6,0x35,0xce,
    0x0e,0x94,0x2a,0x83,0x4e,0xac,0xcc,0x9b,0xcc,0x9b,0xcc,0x9b,0xcc,0x9b,0x2e,0xa4,
    0x2e,0x9c,0x0e,0x94,0x2e,0x9c,0x70,0xa4,0x90,0xa4,0xf9,0xee,0x36,0xd6,0xb0,0xac,
    0x57,0xde,0xfa,0xee,0xd9,0xee,0xd9,0xe6,0xd9,0xe6,0xd9,0xe6,0xd9,0xe6,0xd9,0xe6,
    0x19,0xe7,0x19,0xe7,0x19,0xe7,0x19,0xe7,0x19,0xe7,0x19,0xe7,0x3a,0xe7,0x3a,0xe7,
    0x3a,0xef,0x5a,0xef,0x7b,0xef,0x9d,0xf7,0xbe,0xf7,0xde,0xff,0xde,0xff,0xde,0xff,
    0xde,0xff,0xde,0xff,0xbe,0xff,0xbe,0xf7,0xbe,0xf7,0xde,0xff,0xde,0xff,0xbe,0xff,
    0xff,0xff,0xb9,0xe6,0x98,0xe6,0xbd,0xff,0xf9,0xf6,0x31,0xcd,0xb9,0xe6,0xff,0xff,
    0x3c,0xef,0xfa,0xee,0xd9,0xf6,0x9c,0xff,0x31,0xcd,0xaf,0xc4,0xcc,0x9b,0xed,0xa3,
    0xf0,0xc4,0x4e,0xb4,0x52,0xcd,0x6e,0xb4,0xcc,0xa3,0x8e,0xb4,0xab,0x93,0xc5,0x49,
    0x6b,0x8b,0x4e,0xac,0xac,0x9b,0x2e,0xac,0x2e,0xac,0x2e,0xac,0x6b,0x8b,0x09,0x83,
    0x26,0x5a,0x8b,0x93,0x0d,0xac,0xec,0xab,0xf0,0xc4,0x8b,0x9b,0x47,0x6a,0x23,0x39,
    0xc5,0x49,0x64,0x41,0xcd,0x93,0x11,0xbd,0xe6,0x49,0x07,0x4a,0xcb,0x62,0xcb,0x62,
    0xaa,0x5a,0x8a,0x62,0x65,0x39,0xe7,0x41,0x28,0x4a,0x28,0x4a,0x36,0xe6,0xb8,0xf6,
    0x97,0xee,0xb8,0xf6,0xb8,0xf6,0xb8,0xf6,0xb8,0xf6,0x98,0xf6,0x98,0xf6,0xb8,0xf6,
    0xb8,0xf6,0xb8,0xf6,0xb8,0xf6,0xb8,0xf6,0xb8,0xee,0x98,0xf6,0x97,0xf6,0x97,0xf6,
    0x97,0xf6,0x77,0xf6,0x76,0xf6,0x76,0xf6,0x56,0xf6,0x56,0xf6,0x56,0xf6,0x15,0xf6,
    0x14,0xf6,0xf4,0xf5,0xf4,0xf5,0xd4,0xf5,0xf4,0xf5,0xf4,0xf5,0xf4,0xf5,0xd4,0xf5,
    0xd4,0xed,0x93,0xed,0x72,0xe5,0x8e,0xc4,0x71,0xe5,0x8e,0xc4,0x2d,0xb4,0x6e,0xbc,
    0x6e,0xbc,0x6e,0xb4,0x6e,0xb4,0x2d,0xac,0x2e,0xac,0xed,0xa3,0xd0,0xc4,0x8f,0xbc,
    0x31,0xd5,0xa8,0x82,0xe9,0x8a,0x6a,0x93,0xae,0xc4,0xc8,0x72,0x24,0x29,0x07,0x52,
    0x07,0x52,0xc6,0x41,0xe6,0x49,0xe6,0x49,0xa9,0x6a,0x88,0x6a,0xa6,0x41,0x47,0x5a,
    0x6b,0x8b,0x2b,0x83,0xa9,0x6a,0xea,0x72,0xea,0x72,0x27,0x5a,0xa5,0x41,0x48,0x5a,
    0x0a,0x7b,0x07,0x52,0x27,0x5a,0x47,0x5a,0x68,0x5a,0x07,0x52,0xa5,0x41,0xc6,0x49,
    0xc5,0x49,0xe9,0x6a,0xb0,0xa4,0x56,0xd6,0x52,0xb5,0xe9,0x7a,0x4e,0xac,0xed,0x9b,
    0xcc,0x93,0xcc,0x93,0xed,0xa3,0xed,0xa3,0xed,0x9b,0x0e,0x9c,0xad,0x93,0xee,0x9b,
    0x2e,0x9c,0x12,0xb5,0x33,0xbd,0xf1,0xb4,0x78,0xde,0xfa,0xee,0xd9,0xee,0xd9,0xe6,
    0xd9,0xe6,0xd9,0xe6,0xd9,0xe6,0xd9,0xee,0x19,0xe7,0x19,0xe7,0x19,0xe7,0x19,0xe7,
    0x19,0xe7,0x19,0xe7,0x3a,0xe7,0x3a,0xe7,0x3a,0xef,0x3a,0xef,0x7b,0xef,0x9d,0xf7,
    0xbd,0xf7,0xde,0xff,0xde,0xff,0xde,0xff,0xde,0xff,0xbe,0xff,0xbe,0xff,0xbe,0xf7,
    0xbe,0xf7,0xde,0xff,0xde,0xff,0xbe,0xf7,0xde,0xff,0x3c,0xef,0x1a,0xef,0x7b,0xff,
    0x77,0xee,0x73,0xc5,0x5b,0xf7,0xdf,0xff,0x7c,0xf7,0xd9,0xee,0x76,0xee,0x7c,0xff,
    0x52,0xcd,0x8e,0xc4,0xab,0x9b,0x2a,0x83,0xf0,0xc4,0x2d,0xac,0xaf,0xbc,0x11,0xc5,
    0xcc,0xa3,0x6e,0xb4,0xec,0x9b,0x06,0x52,0x27,0x5a,0x6e,0xac,0x8b,0x93,0xed,0xa3,
    0x4e,0xac,0x2e,0xac,0x0d,0xa4,0x2a,0x83,0x47,0x62,0xcc,0xa3,0xcc,0xa3,0xcc,0xa3,
    0x4d,0xb4,0x31,0xdd,0x88,0x72,0x44,0x41,0x23,0x31,0xa8,0x72,0x52,0xcd,0x32,0xc5,
    0x68,0x5a,0xae,0x83,0xeb,0x62,0xaa,0x5a,0x2c,0x6b,0x0c,0x6b,0x65,0x31,0xe6,0x49,
    0x0c,0x6b,0x8e,0x73,0x90,0xa4,0xd8,0xfe,0x77,0xee,0xb8,0xf6,0xb8,0xf6,0x98,0xf6,
    0x98,0xee,0x98,0xf6,0x97,0xf6,0xb7,0xf6,0x98,0xf6,0xb8,0xf6,0x98,0xee,0xb8,0xf6,
    0xb8,0xf6,0xb8,0xf6,0x97,0xf6,0x97,0xf6,0x97,0xf6,0x77,0xf6,0x77,0xf6,0x76,0xf6,
    0x76,0xf6,0x56,0xf6,0x56,0xf6,0x15,0xf6,0x15,0xf6,0x14,0xf6,0x14,0xf6,0xf4,0xf5,
    0xf4,0xf5,0xf4,0xf5,0xf4,0xf5,0xd4,0xed,0x93,0xe5,0x14,0xf6,0x31,0xd5,0xcf,0xcc,
    0x92,0xed,0xf0,0xd4,0x2d,0xb4,0x8e,0xbc,0x6e,0xbc,0x6e,0xbc,0x6e,0xbc,0x2d,0xac,
    0x4e,0xac,0x0d,0xa4,0x11,0xcd,0xf0,0xcc,0xcc,0xa3,0xa5,0x51,0xc9,0x72,0xa5,0x49,
    0x6d,0xb4,0x8e,0xb4,0x4a,0x7b,0x65,0x39,0x07,0x4a,0xc6,0x41,0xe6,0x49,0xe6,0x49,
    0xc9,0x72,0xc9,0x6a,0xc6,0x49,0x68,0x5a,0x6b,0x8b,0x0a,0x7b,0xc9,0x72,0x6b,0x83,
    0x88,0x6a,0x88,0x62,0xc6,0x41,0x27,0x5a,0x0a,0x7b,0x27,0x5a,0x47,0x5a,0x27,0x5a,
    0x27,0x5a,0x07,0x52,0xa5,0x41,0xe6,0x49,0x07,0x52,0xc6,0x49,0xe6,0x51,0x2b,0x7b,
    0x12,0xad,0x0a,0x7b,0xed,0x9b,0xcd,0x9b,0x8c,0x8b,0xac,0x93,0x0d,0xa4,0x0e,0xa4,
    0xed,0x9b,0x2e,0x9c,0xcd,0x93,0x8c,0x8b,0xcd,0x93,0xed,0x93,0x0e,0x9c,0xb5,0xc5,
    0x98,0xe6,0xda,0xee,0xd9,0xe6,0xd9,0xe6,0xd9,0xe6,0xd9,0xe6,0xd9,0xee,0xd9,0xe6,
    0x19,0xe7,0x19,0xe7,0x19,0xe7,0x19,0xe7,0x1a,0xe7,0x3a,0xe7,0x3a,0xe7,0x3a,0xe7,
    0x3a,0xef,0x3a,0xef,0x5b,0xef,0x7c,0xf7,0xbd,0xf7,0xbe,0xf7,0xde,0xff,0xde,0xff,
    0xbe,0xff,0xbe,0xf7,0xbd,0xf7,0xbe,0xf7,0xbe,0xf7,0xde,0xff,0xde,0xff,0xbe,0xf7,
    0xde,0xf7,0x7d,0xf7,0x9d,0xf7,0xf9,0xf6,0xd4,0xdd,0xb9,0xe6,0x7c,0xf7,0xbe,0xff,
    0xbe,0xf7,0xd9,0xee,0xf4,0xe5,0x3a,0xff,0x15,0xde,0x4d,0xbc,0xab,0x9b,0xed,0x9b,
    0xd0,0xc4,0x6e,0xb4,0x6e,0xb4,0x31,0xc5,0x2d,0xac,0x4e,0xac,0x0d,0xa4,0x47,0x62,
    0xa5,0x49,0x6b,0x8b,0xec,0x9b,0x6a,0x8b,0x4e,0xac,0x2d,0xa4,0x4e,0xac,0x2a,0x83,
    0x06,0x5a,0x6b,0x93,0x0d,0xac,0x8b,0x9b,0x0d,0xac,0x31,0xdd,0xe5,0x61,0x84,0x51,
    0x23,0x41,0x2e,0xa4,0x53,0xcd,0x53,0xcd,0x32,0xc5,0x0f,0x94,0x89,0x62,0x2c,0x6b,
    0x4d,0x6b,0xcf,0x7b,0xeb,0x62,0x64,0x39,0xae,0x83,0xf4,0xa4,0x51,0x94,0x57,0xee,
    0x97,0xf6,0x97,0xf6,0x97,0xf6,0xb8,0xf6,0x97,0xf6,0x97,0xf6,0xb7,0xf6,0x97,0xf6,
    0xb8,0xf6,0xb8,0xf6,0x98,0xf6,0x98,0xf6,0x98,0xf6,0x97,0xf6,0x97,0xf6,0x97,0xf6,
    0x97,0xf6,0x97,0xf6,0x77,0xf6,0x77,0xf6,0x76,0xf6,0x56,0xf6,0x56,0xf6,0x35,0xf6,
    0x35,0xf6,0x15,0xf6,0x35,0xf6,0x15,0xf6,0x15,0xf6,0xf4,0xed,0xd4,0xed,0xd4,0xed,
    0x14,0xee,0x35,0xf6,0xf0,0xcc,0x30,0xd5,0xd3,0xed,0x51,0xdd,0x0d,0xac,0x8f,0xc4,
    0x8f,0xbc,0x8e,0xbc,0x6e,0xbc,0x2e,0xac,0x4e,0xac,0xed,0xa3,0x52,0xd5,0xb0,0xc4,
    0x88,0x72,0xc9,0x72,0x35,0xe6,0x31,0xc5,0x8b,0x93,0x4d,0xac,0xee,0xc4,0x8b,0x8b,
    0xe6,0x49,0xc6,0x41,0x07,0x4a,0x27,0x52,0xea,0x72,0xc9,0x6a,0x06,0x4a,0x88,0x62,
    0x4b,0x83,0xea,0x72,0x0a,0x7b,0x2a,0x7b,0x68,0x62,0x88,0x62,0xe6,0x49,0x27,0x52,
    0xea,0x7a,0x48,0x5a,0x68,0x5a,0x47,0x5a,0x27,0x5a,0x27,0x52,0xe6,0x49,0xc6,0x49,
    0x07,0x52,0x27,0x52,0x27,0x5a,0x27,0x5a,0x27,0x5a,0x27,0x52,0xac,0x93,0xac,0x93,
    0x6b,0x8b,0x4b,0x83,0xcd,0x9b,0x2e,0xa4,0x0d,0x9c,0xed,0x9b,0x8c,0x8b,0x6b,0x83,
    0x8c,0x8b,0xac,0x8b,0x0e,0x9c,0xf1,0xb4,0xfa,0xee,0xd9,0xe6,0xd9,0xee,0xd9,0xe6,
    0xd9,0xe6,0xd9,0xe6,0xd9,0xe6,0xd9,0xe6,0xf9,0xe6,0x19,0xe7,0x1a,0xe7,0x3a,0xe7,
    0x3a,0xef,0x5a,0xef,0x3a,0xef,0x3a,0xef,0x3a,0xef,0x3a,0xef,0x5a,0xef,0x7b,0xef,
    0x9d,0xf7,0xbe,0xf7,0xde,0xff,0xbe,0xf7,0xbe,0xf7,0xbd,0xf7,0xbd,0xf7,0xbe,0xf7,
    0xbe,0xf7,0xbe,0xf7,0xde,0xf7,0xbe,0xf7,0xde,0xff,0x7d,0xf7,0x9d,0xf7,0x77,0xee,
    0xd4,0xd5,0x57,0xd6,0x5b,0xf7,0x9d,0xf7,0x9d,0xf7,0xd9,0xee,0xf4,0xe5,0x56,0xee,
    0x97,0xe6,0x2d,0xb4,0xed,0xa3,0xb0,0xb4,0x6e,0xb4,0x8f,0xbc,0x4e,0xac,0xf0,0xc4,
    0x6e,0xb4,0x4d,0xac,0x0d,0xa4,0x67,0x6a,0xc6,0x51,0x27,0x5a,0xcc,0x9b,0xc9,0x7a,
    0xed,0xa3,0x0d,0xa4,0x2e,0xac,0xec,0x9b,0xe5,0x51,0x47,0x62,0xcc,0xa3,0x09,0x83,
    0xab,0xa3,0x6a,0xa3,0x26,0x72,0xe5,0x61,0x05,0x6a,0xf1,0xbc,0x93,0xcd,0xf5,0xd5,
    0xb8,0xee,0xa9,0x6a,0xe7,0x49,0xcf,0x7b,0x51,0x8c,0xef,0x7b,0x72,0x8c,0x71,0x94,
    0x13,0xad,0xd6,0xc5,0xb3,0x9c,0xf5,0xd5,0x97,0xf6,0x97,0xee,0x97,0xf6,0xb7,0xf6,
    0xb7,0xf6,0xb8,0xf6,0xb8,0xf6,0xd8,0xf6,0xb8,0xf6,0xb8,0xf6,0xb8,0xf6,0x97,0xf6,
    0x97,0xf6,0x97,0xf6,0x98,0xf6,0x97,0xf6,0x97,0xf6,0x97,0xf6,0x77,0xf6,0x77,0xf6,
    0x76,0xf6,0x56,0xf6,0x56,0xf6,0x56,0xf6,0x35,0xf6,0x35,0xf6,0x35,0xf6,0x35,0xf6,
    0x35,0xf6,0x35,0xf6,0x15,0xee,0x35,0xf6,0x35,0xf6,0x35,0xee,0xf0,0xcc,0x92,0xe5,
    0x14,0xee,0x72,0xdd,0x0c,0xac,0xaf,0xc4,0xaf,0xc4,0x8f,0xc4,0x8f,0xbc,0x4e,0xac,
    0x4e,0xac,0xed,0xa3,0x72,0xdd,0x6f,0xbc,0x88,0x72,0xed,0x9b,0xb6,0xf6,0xd2,0xdd,
    0x2a,0x83,0x4a,0x83,0x8d,0xb4,0x4d,0xac,0x07,0x4a,0xc6,0x41,0xe6,0x49,0x48,0x5a,
    0x2a,0x7b,0xa9,0x6a,0x27,0x52,0xe9,0x72,0x2a,0x83,0x6b,0x83,0x2a,0x7b,0xea,0x7a,
    0x68,0x62,0xa9,0x6a,0x07,0x52,0x07,0x52,0xc9,0x72,0x27,0x52,0x88,0x62,0x88,0x62,
    0x27,0x52,0x27,0x5a,0x27,0x52,0xe6,0x49,0x27,0x52,0x27,0x5a,0x48,0x5a,0x27,0x5a,
    0x27,0x52,0xa5,0x41,0x4b,0x83,0xac,0x93,0x4b,0x83,0x2b,0x83,0x4b,0x83,0xed,0x9b,
    0xed,0x9b,0xac,0x93,0xac,0x8b,0xe9,0x72,0x6b,0x8b,0xac,0x93,0xcd,0x93,0x4f,0xa4,
    0x16,0xd6,0x1a,0xef,0xb9,0xe6,0xd9,0xe6,0xd9,0xe6,0xd9,0xe6,0xd9,0xe6,0xd9,0xe6,
    0x19,0xe7,0x1a,0xe7,0x3a,0xe7,0x5a,0xef,0x5b,0xef,0x7b,0xef,0x7b,0xef,0x5b,0xef,
    0x5a,0xef,0x5a,0xef,0x3a,0xef,0x5b,0xef,0x9c,0xf7,0xbd,0xf7,0xbe,0xf7,0xbe,0xf7,
    0xbd,0xf7,0x9d,0xf7,0x9d,0xf7,0xbd,0xf7,0xbe,0xf7,0xbe,0xf7,0xde,0xff,0xde,0xff,
    0xde,0xff,0x7d,0xf7,0x7c,0xff,0xd3,0xe5,0x77,0xde,0x78,0xde,0xb8,0xe6,0x9d,0xf7,
    0x9d,0xf7,0x1a,0xef,0x35,0xee,0xf4,0xe5,0xf9,0xee,0x4e,0xac,0x8f,0xac,0x11,0xbd,
    0x0d,0xac,0xd0,0xc4,0x2e,0xac,0x8f,0xb4,0xaf,0xbc,0x0c,0xa4,0x0d,0xa4,0xc8,0x72,
    0xc5,0x49,0x06,0x52,0xed,0x9b,0xc9,0x7a,0x4b,0x8b,0x2d,0xac,0x0d,0xa4,0x0d,0xac,
    0xa8,0x6a,0x84,0x49,0x6b,0x93,0xa5,0x51,0x29,0x8b,0xec,0xb3,0x26,0x72,0x46,0x7a,
    0x87,0x82,0x52,0xcd,0xf5,0xd5,0x78,0xe6,0xb8,0xee,0xd5,0xd5,0x48,0x5a,0xaf,0x7b,
    0x71,0x8c,0xb3,0x94,0xf4,0x9c,0x95,0xb5,0x37,0xde,0x98,0xee,0x75,0xb5,0xd5,0xd5,
    0xb7,0xf6,0x97,0xee,0x97,0xf6,0xb8,0xf6,0xd8,0xf6,0xf9,0xf6,0xd9,0xf6,0xd9,0xf6,
    0xd8,0xf6,0xb8,0xf6,0xb8,0xf6,0xb8,0xf6,0x97,0xf6,0xb8,0xf6,0xb8,0xf6,0x97,0xf6,
    0x97,0xf6,0x97,0xf6,0x97,0xf6,0x97,0xf6,0x77,0xf6,0x76,0xf6,0x56,0xf6,0x56,0xf6,
    0x56,0xf6,0x56,0xf6,0x56,0xf6,0x35,0xf6,0x36,0xf6,0x36,0xf6,0x36,0xf6,0x36,0xf6,
    0x56,0xf6,0xd4,0xe5,0x31,0xd5,0xd3,0xed,0x35,0xee,0xb3,0xe5,0x2d,0xb4,0x8e,0xc4,
    0x8f,0xc4,0x8f,0xbc,0x8e,0xbc,0x4e,0xb4,0x4e,0xac,0xed,0xa3,0xd0,0xc4,0x0a,0x83,
    0x2a,0x83,0x4b,0x83,0xed,0x93,0xe9,0x72,0x0f,0xcd,0xab,0x8b,0xa5,0x41,0xe6,0x49,
    0x07,0x52,0xe6,0x49,0xc6,0x41,0x48,0x5a,0x4a,0x83,0xa8,0x6a,0x27,0x5a,0x4b,0x83,
    0x8c,0x8b,0x2a,0x7b,0xea,0x72,0x0a,0x7b,0x88,0x62,0xe9,0x72,0x88,0x62,0x27,0x52,
    0x88,0x62,0x07,0x52,0x88,0x62,0xa9,0x6a,0x27,0x52,0x27,0x5a,0x27,0x5a,0x07,0x52,
    0x27,0x52,0x27,0x5a,0x68,0x62,0x88,0x62,0x27,0x52,0xa5,0x41,0x2a,0x83,0x8b,0x8b,
    0x2a,0x7b,0x6b,0x83,0x0a,0x7b,0x2a,0x83,0xcc,0x9b,0x6b,0x83,0xad,0x93,0x6b,0x83,
    0x4b,0x7b,0x8c,0x8b,0xed,0x9b,0x0e,0x9c,0x90,0xa4,0x78,0xde,0xf9,0xee,0xd9,0xe6,
    0xd9,0xe6,0xd9,0xe6,0xd9,0xe6,0xd9,0xe6,0x19,0xe7,0x19,0xe7,0x3a,0xef,0x5b,0xef,
    0x7b,0xf7,0x9c,0xf7,0x9c,0xf7,0x7c,0xf7,0x7b,0xf7,0x7b,0xef,0x5b,0xef,0x5b,0xef,
    0x7c,0xf7,0x9d,0xf7,0xbd,0xf7,0xbd,0xf7,0x9d,0xf7,0x9d,0xf7,0x9d,0xf7,0xbd,0xf7,
    0xbe,0xf7,0xbe,0xff,0xbe,0xff,0xde,0xff,0xde,0xff,0x5c,0xf7,0x1a,0xf7,0xb3,0xdd,
    0xb9,0xe6,0xb9,0xe6,0x98,0xe6,0x1b,0xef,0xdf,0xff,0x1a,0xef,0xb7,0xf6,0xd4,0xdd,
    0x77,0xe6,0x11,0xbd,0xb0,0xb4,0xb4,0xcd,0xcc,0x9b,0xf0,0xc4,0x2d,0xac,0x0d,0xa4,
    0xaf,0xbc,0x0d,0xa4,0xec,0xa3,0xe9,0x7a,0xc5,0x51,0xe6,0x51,0xac,0x93,0x4a,0x8b,
    0x47,0x62,0x4e,0xac,0x4e,0xac,0x2d,0xac,0x8b,0x93,0x84,0x41,0x4a,0x8b,0x67,0x6a,
    0xc5,0x51,0x87,0x82,0x06,0x72,0x46,0x7a,0x05,0x72,0xd0,0xbc,0x36,0xde,0x77,0xee,
    0x57,0xe6,0x98,0xee,0x33,0xc5,0xeb,0x6a,0x51,0x94,0x14,0xa5,0xb6,0xbd,0x16,0xd6,
    0x98,0xee,0x77,0xe6,0x12,0xbd,0x56,0xe6,0xb8,0xf6,0x97,0xf6,0x97,0xf6,0xb8,0xf6,
    0xd9,0xf6,0xd9,0xf6,0xd9,0xf6,0xd8,0xf6,0xb8,0xf6,0xb8,0xf6,0xb8,0xf6,0xb8,0xf6,
    0xb8,0xf6,0xb8,0xf6,0x97,0xf6,0x98,0xf6,0x97,0xf6,0x97,0xf6,0x97,0xf6,0x77,0xf6,
    0x77,0xf6,0x77,0xf6,0x76,0xf6,0x56,0xf6,0x56,0xf6,0x56,0xf6,0x56,0xf6,0x56,0xf6,
    0x56,0xf6,0x56,0xf6,0x56,0xf6,0x56,0xf6,0x77,0xf6,0x72,0xd5,0x92,0xe5,0xf4,0xed,
    0x56,0xee,0xf5,0xe5,0x6e,0xbc,0x8e,0xc4,0x8f,0xc4,0x8e,0xbc,0x6e,0xbc,0x4e,0xac,
    0x0d,0xa4,0xec,0xa3,0xcc,0xa3,0xe9,0x82,0x2a,0x83,0x2b,0x7b,0xc9,0x6a,0x27,0x5a,
    0xab,0x93,0xa8,0x6a,0xe6,0x49,0xa5,0x41,0xc6,0x49,0x07,0x52,0xc6,0x41,0x07,0x52,
    0x2a,0x83,0xa9,0x6a,0xc9,0x6a,0x6b,0x83,0x4b,0x83,0xea,0x72,0x2b,0x7b,0x2a,0x7b,
    0xa9,0x6a,0x2a,0x7b,0x0a,0x7b,0x07,0x52,0x47,0x5a,0x27,0x5a,0x88,0x62,0xc9,0x6a,
    0x27,0x52,0x27,0x52,0x27,0x5a,0x07,0x52,0x27,0x52,0x27,0x52,0x48,0x5a,0xe9,0x72,
    0x68,0x62,0xa5,0x41,0x0a,0x7b,0xac,0x93,0x0a,0x7b,0x2a,0x83,0x2a,0x7b,0xea,0x72,
    0x2a,0x83,0x4b,0x83,0x4b,0x83,0xcd,0x93,0x33,0xbd,0xcd,0x8b,0x6b,0x83,0x0e,0x9c,
    0xed,0x93,0xd1,0xac,0xd9,0xee,0xd9,0xe6,0xd9,0xe6,0xd9,0xe6,0xd9,0xe6,0xd9,0xe6,
    0xf9,0xe6,0x19,0xe7,0x3a,0xe7,0x7b,0xef,0x9c,0xf7,0x9d,0xf7,0xbd,0xf7,0x9d,0xf7,
    0x9d,0xf7,0x9c,0xf7,0x7c,0xf7,0x7c,0xf7,0x9d,0xf7,0x9d,0xf7,0xbd,0xf7,0x9d,0xf7,
    0x9d,0xf7,0x9d,0xf7,0xbd,0xf7,0xbe,0xf7,0xbe,0xf7,0xbe,0xf7,0xbe,0xff,0xde,0xff,
    0x9d,0xf7,0x3b,0xef,0x36,0xee,0x57,0xe6,0x3c,0xef,0xb8,0xe6,0xd8,0xee,0x98,0xe6,
    0x1a,0xef,0x1a,0xef,0x3a,0xff,0xf4,0xdd,0x93,0xd5,0xd4,0xd5,0x52,0xc5,0xf5,0xd5,
    0x8b,0x9b,0xaf,0xbc,0x0d,0xac,0xec,0xa3,0x4e,0xac,0x8f,0xb4,0x2d,0xac,0x4a,0x8b,
    0x06,0x5a,0x06,0x5a,0x2a,0x83,0xec,0xa3,0xe5,0x51,0x2a,0x83,0x6e,0xb4,0x2e,0xac,
    0x6e,0xb4,0xa8,0x72,0x87,0x72,0xa8,0x72,0x84,0x49,0x05,0x62,0x26,0x72,0xa7,0x8a,
    0x46,0x82,0x08,0x9b,0x72,0xd5,0x97,0xee,0x57,0xe6,0x36,0xe6,0x77,0xee,0xf6,0xdd,
    0x54,0xbd,0x71,0x94,0xb6,0xbd,0x37,0xde,0x56,0xe6,0xd4,0xd5,0x15,0xe6,0xb8,0xf6,
    0x97,0xf6,0x97,0xf6,0x97,0xf6,0xd8,0xf6,0xd8,0xf6,0xb8,0xf6,0xb8,0xf6,0xb8,0xf6,
    0x97,0xf6,0x98,0xf6,0x98,0xf6,0x98,0xf6,0xb8,0xf6,0xb8,0xf6,0xb8,0xf6,0x97,0xf6,
    0x97,0xf6,0x97,0xf6,0x97,0xf6,0x97,0xf6,0x97,0xf6,0x77,0xf6,0x77,0xf6,0x77,0xf6,
    0x76,0xf6,0x76,0xf6,0x76,0xf6,0x56,0xf6,0x56,0xf6,0x56,0xee,0x56,0xf6,0x76,0xf6,
    0x56,0xee,0x72,0xd5,0x14,0xee,0x56,0xee,0x77,0xee,0x35,0xee,0x8f,0xc4,0x8f,0xc4,
    0x6e,0xbc,0x8e,0xbc,0x6e,0xbc,0x0d,0xac,0xac,0x9b,0x8b,0x93,0x6a,0x9b,0xec,0xab,
    0x0a,0x83,0x0a,0x7b,0x4b,0x83,0xac,0x93,0x70,0xd5,0x4d,0xac,0x6b,0x83,0x4b,0x7b,
    0xe6,0x49,0x07,0x4a,0xa5,0x41,0xe6,0x49,0xea,0x7a,0x27,0x5a,0xa9,0x6a,0x6b,0x83,
    0x2a,0x7b,0xea,0x72,0x2a,0x83,0x2a,0x7b,0xc9,0x6a,0x4b,0x83,0x4b,0x83,0x27,0x52,
    0x27,0x5a,0x68,0x62,0xc9,0x6a,0xc9,0x6a,0x47,0x5a,0x47,0x5a,0x06,0x52,0x27,0x5a,
    0x06,0x52,0x27,0x5a,0x27,0x52,0xc9,0x72,0xe9,0x7a,0xe6,0x49,0xa8,0x6a,0xcc,0x9b,
    0xea,0x7a,0xe9,0x72,0x0a,0x7b,0x0a,0x7b,0xea,0x72,0x2a,0x7b,0x2a,0x7b,0xac,0x8b,
    0x6f,0xa4,0xf6,0xcd,0x6c,0x83,0xac,0x8b,0xac,0x93,0x0e,0x9c,0x94,0xc5,0xfa,0xee,
    0xd9,0xe6,0xd9,0xe6,0xd9,0xe6,0xd9,0xee,0xf9,0xe6,0x19,0xe7,0x3a,0xe7,0x7b,0xef,
    0x9c,0xf7,0xbd,0xf7,0xbe,0xff,0xbe,0xff,0xbe,0xff,0xbd,0xf7,0xbd,0xf7,0xbd,0xf7,
    0xbd,0xf7,0xbd,0xf7,0xbd,0xf7,0x9d,0xf7,0xbd,0xf7,0xbd,0xf7,0xbe,0xf7,0xde,0xff,
    0xde,0xff,0xde,0xff,0xde,0xff,0xde,0xff,0x7c,0xf7,0xd9,0xee,0x93,0xdd,0xda,0xe6,
    0x7d,0xef,0xb9,0xe6,0xf9,0xee,0x1a,0xef,0xb9,0xe6,0x3b,0xef,0x5b,0xf7,0x35,0xe6,
    0xaf,0xc4,0x93,0xcd,0x16,0xde,0x73,0xcd,0x0c,0xb4,0x8f,0xbc,0x2d,0xac,0xcc,0xa3,
    0x4d,0xac,0x8f,0xb4,0x4e,0xac,0xcc,0xa3,0x88,0x6a,0x26,0x5a,0x09,0x83,0xec,0xa3,
    0x47,0x62,0x26,0x62,0x2d,0xac,0x2e,0xac,0x4e,0xac,0x0d,0xa4,0xe8,0x7a,0x87,0x72,
    0xc8,0x7a,0xa7,0x7a,0xc5,0x59,0x0c,0xbc,0x8e,0xd4,0x08,0xa3,0x08,0xa3,0x31,0xd5,
    0x56,0xee,0x77,0xe6,0x57,0xe6,0xb8,0xee,0x78,0xe6,0x33,0xb5,0x13,0xa5,0x6f,0xa4,
    0xf1,0xc4,0x76,0xf6,0x97,0xf6,0x77,0xf6,0x97,0xf6,0x97,0xf6,0x98,0xf6,0x1a,0xf7,
    0xf9,0xf6,0xb8,0xf6,0x97,0xf6,0x97,0xf6,0x97,0xf6,0x97,0xf6,0x98,0xf6,0xb8,0xf6,
    0xb8,0xf6,0xb8,0xf6,0x98,0xf6,0x97,0xf6,0x97,0xf6,0x97,0xf6,0x97,0xf6,0x97,0xf6,
    0x97,0xf6,0x97,0xf6,0x77,0xf6,0x77,0xf6,0x77,0xf6,0x77,0xf6,0x76,0xf6,0x76,0xee,
    0x76,0xf6,0x76,0xf6,0x76,0xee,0x97,0xf6,0xd4,0xdd,0x15,0xe6,0x56,0xee,0x97,0xee,
    0x77,0xee,0x56,0xee,0x8f,0xc4,0x8e,0xc4,0xaf,0xc4,0xcf,0xcc,0x6e,0xbc,0xcc,0xa3,
    0x8b,0x93,0x8b,0x93,0xec,0xb3,0x0d,0xac,0x09,0x83,0x6f,0xac,0xb8,0xee,0x35,0xe6,
    0xb2,0xdd,0xce,0xc4,0x51,0xcd,0x54,0xee,0x8f,0xb4,0xe6,0x49,0xa6,0x41,0xc6,0x41,
    0x0a,0x7b,0x47,0x5a,0x2a,0x7b,0x8b,0x8b,0x0a,0x7b,0xea,0x72,0x2a,0x83,0xea,0x72,
    0xc9,0x72,0x6b,0x8b,0x6b,0x8b,0x47,0x5a,0x27,0x5a,0xa9,0x6a,0xe9,0x72,0xe9,0x72,
    0x88,0x62,0x68,0x62,0x85,0x41,0x47,0x5a,0x06,0x52,0x47,0x5a,0x07,0x52,0xe9,0x72,
    0x2a,0x83,0x48,0x5a,0x68,0x62,0xac,0x93,0xea,0x72,0xc9,0x6a,0xe9,0x72,0x0a,0x7b,
    0x0a,0x7b,0xea,0x72,0x0a,0x7b,0xcd,0x93,0xed,0x93,0xf6,0xcd,0x70,0xa4,0xb4,0xc5,
    0xac,0x8b,0x8c,0x8b,0x4e,0xa4,0x57,0xde,0xfa,0xee,0xd9,0xe6,0xd9,0xe6,0xd9,0xe6,
    0xf9,0xe6,0x19,0xe7,0x3a,0xef,0x7b,0xef,0x9d,0xf7,0xbe,0xff,0xde,0xff,0xde,0xff,
    0xde,0xff,0xde,0xff,0xde,0xff,0xbe,0xff,0xbe,0xf7,0xbe,0xf7,0xbd,0xf7,0xbd,0xf7,
    0xbe,0xf7,0xbe,0xff,0xde,0xff,0xde,0xff,0xdf,0xff,0xdf,0xff,0xde,0xff,0xde,0xff,
    0x5c,0xef,0xb8,0xee,0x72,0xdd,0x5c,0xef,0xbd,0xf7,0xd9,0xe6,0x3a,0xf7,0x3b,0xf7,
    0xbe,0xff,0x5c,0xef,0x3b,0xf7,0x77,0xee,0x8e,0xbc,0xf0,0xc4,0xd9,0xee,0xb4,0xcd,
    0xef,0xd4,0xaf,0xbc,0x6e,0xb4,0x0d,0xa4,0x0d,0xac,0x6e,0xb4,0x6e,0xac,0x0d,0xa4,
    0x47,0x62,0x26,0x5a,0x2a,0x83,0xac,0x9b,0xe9,0x7a,0x84,0x41,0x2a,0x83,0x4e,0xb4,
    0x0d,0xa4,0x0d,0xa4,0x8b,0x93,0x2a,0x8b,0xa8,0x7a,0x87,0x72,0x26,0x62,0x06,0x5a,
    0xd0,0xd4,0xb3,0xf5,0xaf,0xd4,0x6d,0xd4,0x30,0xe5,0x15,0xee,0x97,0xee,0x98,0xee,
    0xd9,0xf6,0xd9,0xf6,0xf4,0xdd,0x11,0xcd,0x15,0xee,0x56,0xf6,0x36,0xf6,0x56,0xf6,
    0x77,0xf6,0x77,0xf6,0xb8,0xf6,0x3b,0xf7,0xb8,0xf6,0x97,0xf6,0x97,0xf6,0x97,0xf6,
    0x97,0xf6,0x97,0xf6,0xb8,0xf6,0x97,0xf6,0xb8,0xf6,0xb8,0xf6,0x97,0xf6,0x97,0xf6,
    0x98,0xf6,0x97,0xf6,0x97,0xf6,0x97,0xf6,0x97,0xf6,0x97,0xf6,0x97,0xf6,0x77,0xf6,
    0x97,0xf6,0x77,0xf6,0x77,0xf6,0x77,0xf6,0x77,0xee,0x77,0xee,0x97,0xf6,0x35,0xe6,
    0xf5,0xdd,0x35,0xee,0x97,0xee,0x97,0xee,0xb8,0xf6,0x77,0xee,0x4e,0xb4,0x4d,0xbc,
    0xf0,0xd4,0x10,0xd5,0x4d,0xb4,0xab,0x9b,0x4b,0x8b,0x8b,0x93,0x4d,0xbc,0xec,0xa3,
    0x8b,0x9b,0xd0,0xbc,0x36,0xe6,0x97,0xee,0xd4,0xdd,0x51,0xd5,0x0f,0xd5,0x10,0xcd,
    0x0a,0x7b,0x27,0x52,0x07,0x52,0xc6,0x49,0x0a,0x7b,0x68,0x62,0xac,0x93,0x6b,0x8b,
    0xe9,0x72,0xea,0x72,0x4b,0x83,0xe9,0x72,0x0a,0x7b,0x6b,0x8b,0xac,0x93,0x68,0x62,
    0x27,0x52,0xc9,0x72,0xe9,0x72,0xea,0x72,0x88,0x6a,0x88,0x62,0x85,0x41,0x27,0x52,
    0x27,0x52,0x47,0x5a,0x27,0x5a,0xc9,0x72,0x6b,0x8b,0xa9,0x6a,0x47,0x5a,0x6b,0x8b,
    0xa9,0x6a,0x88,0x6a,0xc9,0x72,0x2a,0x7b,0x0a,0x7b,0x0a,0x7b,0x88,0x6a,0x8c,0x8b,
    0xed,0x93,0x32,0xbd,0xb1,0xa4,0x16,0xd6,0x98,0xe6,0xac,0x93,0x6b,0x8b,0x90,0xac,
    0xfa,0xee,0xd9,0xe6,0xd9,0xe6,0xd9,0xe6,0xf9,0xe6,0x19,0xe7,0x3a,0xe7,0x7b,0xef,
    0x9d,0xf7,0xbe,0xff,0xde,0xff,0xde,0xff,0xde,0xff,0xde,0xff,0xde,0xff,0xde,0xff,
    0xde,0xff,0xbe,0xf7,0xbe,0xf7,0xbe,0xf7,0xbe,0xf7,0xde,0xff,0xde,0xff,0xde,0xff,
    0xdf,0xff,0xdf,0xff,0xde,0xff,0xff,0xff,0x1b,0xef,0x56,0xe6,0xb4,0xdd,0xbd,0xf7,
    0xde,0xff,0x7c,0xf7,0xd9,0xee,0x1a,0xef,0xde,0xff,0xfa,0xe6,0x16,0xde,0xb8,0xf6,
    0xaf,0xc4,0x4d,0xb4,0xd5,0xd5,0x56,0xe6,0xb2,0xe5,0x31,0xcd,0xaf,0xb4,0x4e,0xac,
    0x2d,0xac,0x2d,0xac,0x6e,0xac,0x2d,0xac,0xc8,0x72,0xa5,0x49,0x2a,0x83,0x8b,0x93,
    0x6b,0x8b,0xe5,0x51,0x88,0x6a,0xcc,0x9b,0x2d,0xa4,0x0d,0xa4,0x2a,0x83,0x4a,0x8b,
    0x6a,0x93,0x47,0x6a,0x67,0x6a,0x06,0x62,0x06,0x62,0xf0,0xd4,0x56,0xfe,0xf4,0xed,
    0xd3,0xed,0x15,0xee,0xd4,0xed,0xf4,0xed,0x56,0xee,0xb3,0xe5,0xf4,0xed,0x35,0xf6,
    0x35,0xf6,0x35,0xf6,0x36,0xf6,0x56,0xf6,0x76,0xf6,0x77,0xf6,0xb8,0xf6,0x1a,0xf7,
    0xb8,0xf6,0x97,0xf6,0x97,0xf6,0x97,0xf6,0x97,0xf6,0x97,0xf6,0xb8,0xf6,0x97,0xf6,
    0x98,0xf6,0xb8,0xf6,0x98,0xf6,0x97,0xf6,0x97,0xf6,0x98,0xf6,0x98,0xf6,0x97,0xf6,
    0x97,0xf6,0x97,0xf6,0x97,0xf6,0x97,0xf6,0x97,0xf6,0x97,0xf6,0x97,0xf6,0x97,0xf6,
    0x97,0xf6,0x97,0xee,0x77,0xee,0x36,0xe6,0x35,0xee,0x76,0xee,0x97,0xee,0x97,0xee,
    0xb8,0xf6,0x56,0xee,0xcc,0xa3,0x0d,0xac,0x10,0xd5,0xcf,0xcc,0x2d,0xb4,0x6b,0x93,
    0x6b,0x8b,0x8b,0x93,0x6e,0xc4,0xed,0xab,0x6b,0x93,0xf1,0xc4,0xb8,0xf6,0x97,0xee,
    0x16,0xe6,0xf4,0xe5,0xb2,0xdd,0xd3,0xe5,0x6b,0x83,0x27,0x52,0x27,0x5a,0xe6,0x49,
    0xea,0x7a,0x68,0x62,0xcc,0x93,0x4b,0x83,0xe9,0x72,0x2a,0x7b,0x6b,0x8b,0xe9,0x72,
    0x4b,0x83,0xcc,0x9b,0xcc,0x9b,0x88,0x62,0x07,0x52,0xe9,0x72,0xe9,0x72,0xea,0x7a,
    0xa8,0x6a,0x88,0x62,0xc6,0x49,0x27,0x52,0x27,0x52,0x47,0x5a,0x68,0x62,0xe9,0x72,
    0xcc,0x93,0x0a,0x7b,0x88,0x6a,0x2a,0x83,0xc9,0x72,0x27,0x5a,0x0a,0x7b,0x2a,0x7b,
    0x0a,0x7b,0x2a,0x7b,0xa8,0x6a,0xc9,0x6a,0xcd,0x93,0x2e,0x9c,0xd1,0xac,0x53,0xbd,
    0x1a,0xf7,0x77,0xde,0xee,0x9b,0xac,0x8b,0x53,0xbd,0x1a,0xef,0xb9,0xe6,0xd9,0xe6,
    0x19,0xe7,0x19,0xe7,0x1a,0xe7,0x5b,0xef,0x9d,0xf7,0xbe,0xf7,0xde,0xff,0xde,0xff,
    0xde,0xff,0xde,0xff,0xde,0xff,0xde,0xff,0xde,0xff,0xbe,0xff,0xbe,0xf7,0xbe,0xf7,
    0xbe,0xff,0xde,0xff,0xde,0xff,0xdf,0xff,0xdf,0xff,0xdf,0xff,0xde,0xff,0xdf,0xff,
    0x3b,0xef,0x36,0xe6,0x36,0xde,0xff,0xff,0xbd,0xf7,0x9d,0xf7,0xd9,0xee,0x56,0xde,
    0x7d,0xf7,0x5c,0xf7,0x16,0xde,0xb7,0xee,0x10,0xcd,0x2d,0xac,0x11,0xbd,0x77,0xe6,
    0x36,0xe6,0x51,0xd5,0xaf,0xb4,0x6e,0xac,0x2d,0xac,0x0d,0xa4,0x0d,0xa4,0x2a,0x83,
    0xac,0x93,0x85,0x49,0xe9,0x7a,0xec,0xa3,0x6b,0x8b,0xa8,0x72,0xa8,0x72,0x09,0x83,
    0x6b,0x8b,0x4e,0xac,0x0d,0xa4,0x27,0x62,0x09,0x83,0x6a,0x93,0x47,0x6a,0xe9,0x82,
    0x47,0x72,0x26,0x6a,0xf0,0xcc,0x35,0xf6,0x15,0xee,0x36,0xf6,0xf4,0xf5,0xf4,0xf5,
    0x14,0xf6,0x15,0xf6,0x15,0xf6,0x15,0xf6,0x15,0xf6,0x35,0xf6,0x56,0xf6,0x56,0xf6,
    0x76,0xf6,0x77,0xf6,0x97,0xf6,0x97,0xf6,0x15,0xe6,0xb8,0xf6,0x97,0xf6,0x98,0xf6,
    0x97,0xf6,0x97,0xf6,0x97,0xf6,0x97,0xf6,0x97,0xf6,0x98,0xf6,0xb8,0xf6,0xb8,0xf6,
    0x98,0xf6,0x98,0xf6,0x97,0xf6,0xb8,0xf6,0xb7,0xf6,0x97,0xf6,0x97,0xf6,0x97,0xf6,
    0x97,0xf6,0x97,0xf6,0x97,0xf6,0x97,0xee,0x97,0xf6,0x77,0xee,0x56,0xee,0x56,0xee,
    0x76,0xee,0x97,0xee,0x77,0xee,0x97,0xee,0xb8,0xf6,0x15,0xe6,0x8b,0x9b,0x2d,0xb4,
    0x10,0xd5,0x8e,0xbc,0xed,0xa3,0x4b,0x8b,0xac,0x93,0xac,0x9b,0xae,0xcc,0xed,0xa3,
    0x8b,0x9b,0x92,0xdd,0xf9,0xf6,0x32,0xc5,0x36,0xe6,0xf4,0xdd,0x2e,0xa4,0x35,0xe6,
    0xed,0x93,0x27,0x5a,0x27,0x5a,0xe6,0x49,0xc9,0x72,0xc9,0x72,0xcc,0x93,0x2a,0x7b,
    0xe9,0x72,0x6b,0x8b,0x6b,0x8b,0x0a,0x7b,0x8c,0x93,0xed,0x9b,0xac,0x93,0xa9,0x6a,
    0x47,0x5a,0xe9,0x72,0xc9,0x72,0xe9,0x72,0xa8,0x6a,0x68,0x62,0xc6,0x41,0x27,0x52,
    0x47,0x5a,0x47,0x5a,0x68,0x62,0xc9,0x72,0x2e,0xa4,0x6b,0x83,0xc9,0x72,0x2a,0x83,
    0xe9,0x72,0x27,0x52,0x8b,0x8b,0x8c,0x93,0x4b,0x83,0x2b,0x7b,0xa9,0x6a,0xa8,0x6a,
    0x6b,0x8b,0x8c,0x8b,0xad,0x8b,0x94,0xc5,0xd9,0xee,0xd9,0xe6,0x98,0xe6,0x2e,0x9c,
    0xed,0x93,0x36,0xd6,0xfa,0xee,0xd9,0xe6,0x19,0xe7,0x19,0xe7,0x1a,0xe7,0x5b,0xef,
    0x7c,0xf7,0xbe,0xf7,0xde,0xff,0xde,0xff,0xde,0xff,0xde,0xff,0xde,0xff,0xde,0xff,
    0xde,0xff,0xde,0xff,0xbe,0xf7,0xbe,0xf7,0xbe,0xf7,0xde,0xff,0xde,0xff,0xde,0xff,
    0xde,0xff,0xde,0xff,0xde,0xff,0xdf,0xff,0x9d,0xf7,0x56,0xe6,0xd9,0xee,0xff,0xff,
    0x9c,0xf7,0xbd,0xff,0x3b,0xf7,0xf4,0xd5,0x16,0xd6,0x7c,0xf7,0xb9,0xe6,0xb8,0xee,
    0x72,0xd5,0x6e,0xbc,0x94,0xc5,0xf9,0xee,0xb8,0xee,0xd8,0xee,0x32,0xc5,0x8e,0xb4,
    0x0d,0xa4,0xec,0xa3,0x0d,0xac,0x0a,0x83,0x0a,0x7b,0xe9,0x72,0x47,0x62,0x4e,0xb4,
    0xac,0x93,0xe9,0x7a,0xa8,0x72,0x6b,0x93,0xa8,0x72,0xac,0x9b,0x8f,0xbc,0x8b,0x93,
    0x84,0x49,0xa8,0x7a,0xab,0xa3,0xab,0xab,0x09,0x8b,0x09,0x8b,0x2a,0x9b,0xb3,0xe5,
    0xd8,0xfe,0x15,0xee,0xf4,0xf5,0xf4,0xf5,0xf4,0xf5,0xf4,0xf5,0xf4,0xf5,0x14,0xf6,
    0x15,0xf6,0x35,0xf6,0x56,0xf6,0x56,0xf6,0x76,0xf6,0x77,0xf6,0x97,0xf6,0x97,0xf6,
    0x56,0xee,0x98,0xf6,0x98,0xf6,0x97,0xf6,0x97,0xf6,0x98,0xf6,0x97,0xee,0x97,0xee,
    0xb8,0xf6,0x98,0xf6,0xb8,0xf6,0xb8,0xf6,0xb8,0xf6,0xb8,0xf6,0xb8,0xf6,0xb8,0xf6,
    0xb8,0xf6,0xb8,0xf6,0xb8,0xf6,0x97,0xf6,0x97,0xf6,0x97,0xf6,0x97,0xf6,0x97,0xf6,
    0x97,0xee,0x97,0xee,0x77,0xee,0x77,0xee,0x98,0xee,0x77,0xee,0x97,0xee,0x77,0xee,
    0xb7,0xf6,0xb3,0xdd,0x0d,0xac,0x8e,0xbc,0xf0,0xcc,0x6e,0xb4,0xcc,0x9b,0x4b,0x8b,
    0xac,0x9b,0xcc,0xa3,0xcf,0xd4,0xcc,0xa3,0xac,0xa3,0xef,0xcc,0x0d,0x9c,0x88,0x6a,
    0x35,0xe6,0xb4,0xd5,0xa9,0x6a,0x6c,0x83,0x2b,0x7b,0xa8,0x6a,0x47,0x5a,0xe6,0x51,
    0xa9,0x6a,0x0a,0x7b,0xcc,0x9b,0x0a,0x7b,0xea,0x7a,0xcc,0x9b,0x6b,0x8b,0x6b,0x8b,
    0xcc,0x9b,0xcd,0x9b,0xac,0x9b,0xe9,0x72,0x68,0x62,0xe9,0x72,0xc9,0x72,0xc9,0x72,
    0x88,0x62,0x47,0x5a,0xa5,0x41,0x27,0x52,0x48,0x5a,0x47,0x5a,0x88,0x6a,0xa8,0x6a,
    0xed,0x9b,0xed,0x9b,0x2a,0x83,0xea,0x7a,0xe9,0x72,0x88,0x62,0x4b,0x7b,0xed,0x9b,
    0x8c,0x8b,0x2b,0x7b,0xc9,0x6a,0xc9,0x6a,0x2b,0x83,0x6c,0x8b,0x0a,0x7b,0x33,0xb5,
    0xfa,0xee,0xb8,0xe6,0xfa,0xee,0x37,0xd6,0x0e,0x9c,0x53,0xbd,0x98,0xe6,0xf9,0xee,
    0x19,0xe7,0x19,0xe7,0x19,0xe7,0x3a,0xef,0x7c,0xef,0xbd,0xf7,0xbe,0xff,0xde,0xff,
    0xde,0xff,0xde,0xff,0xde,0xff,0xde,0xff,0xde,0xff,0xbe,0xff,0xbd,0xf7,0x9d,0xf7,
    0xbd,0xf7,0xbe,0xf7,0xbe,0xff,0xbe,0xff,0xde,0xff,0xde,0xff,0xde,0xff,0xdf,0xff,
    0xbe,0xff,0x16,0xde,0xb9,0xee,0xbd,0xff,0xbd,0xff,0x9d,0xf7,0x9c,0xf7,0x98,0xe6,
    0x31,0xcd,0x15,0xd6,0x3b,0xef,0x3b,0xef,0xf4,0xdd,0xaf,0xbc,0x94,0xcd,0x7c,0xf7,
    0x56,0xe6,0x97,0xe6,0x0d,0xac,0xaf,0xbc,0x4d,0xac,0x0d,0xa4,0x0d,0xa4,0xec,0x9b,
    0x06,0x5a,0x6b,0x8b,0x09,0x7b,0x4e,0xac,0x4e,0xac,0x09,0x83,0x67,0x62,0x4a,0x93,
    0xe9,0x82,0x67,0x6a,0xac,0x9b,0x2d,0xb4,0xe9,0x82,0x09,0x8b,0x6e,0xc4,0x8e,0xcc,
    0xcb,0xb3,0x4d,0xcc,0xcf,0xdc,0x4e,0xcc,0x36,0xee,0xf4,0xf5,0xd3,0xed,0xd4,0xf5,
    0xd3,0xf5,0xf4,0xf5,0xf4,0xf5,0xf4,0xf5,0x14,0xf6,0x35,0xf6,0x35,0xf6,0x56,0xf6,
    0x76,0xf6,0x77,0xf6,0x77,0xf6,0x97,0xf6,0x97,0xf6,0x97,0xf6,0x98,0xf6,0xb8,0xf6,
    0xb8,0xf6,0xb8,0xf6,0xb8,0xf6,0x98,0xf6,0x98,0xee,0xb8,0xf6,0xb8,0xf6,0xb8,0xf6,
    0xb8,0xf6,0xb8,0xf6,0xb8,0xf6,0xb8,0xf6,0xb8,0xf6,0xb8,0xf6,0xb8,0xf6,0xb8,0xf6,
    0x97,0xee,0x97,0xee,0x97,0xf6,0x97,0xf6,0x97,0xee,0x97,0xee,0x97,0xf6,0x97,0xf6,
    0x97,0xee,0x97,0xee,0x97,0xee,0x77,0xee,0x97,0xf6,0x31,0xd5,0xb0,0xbc,0xaf,0xbc,
    0xd0,0xc4,0x6e,0xb4,0xcc,0x9b,0x8b,0x93,0xed,0xa3,0xed,0xa3,0xef,0xd4,0xec,0xa3,
    0x0d,0xac,0x30,0xd5,0x2a,0x8b,0x27,0x62,0x8c,0x8b,0x6b,0x83,0x0a,0x73,0xea,0x72,
    0x4b,0x83,0xea,0x72,0x68,0x62,0x07,0x52,0x88,0x6a,0x4b,0x8b,0x2e,0xa4,0x2a,0x7b,
    0x6b,0x8b,0xcd,0x9b,0x4b,0x8b,0x6b,0x8b,0xed,0x9b,0xcc,0x9b,0xac,0x9b,0x0a,0x7b,
    0x48,0x5a,0xc9,0x72,0xc9,0x72,0xc9,0x72,0x68,0x62,0x68,0x5a,0xa6,0x41,0x27,0x5a,
    0x27,0x5a,0x47,0x5a,0x68,0x62,0x88,0x6a,0xcd,0x9b,0xcc,0x9b,0x2a,0x83,0xc9,0x6a,
    0xa9,0x6a,0x68,0x62,0x2f,0x9c,0xb0,0xac,0xac,0x9b,0x6b,0x8b,0xc9,0x72,0xc9,0x6a,
    0x6b,0x83,0x4b,0x83,0x4b,0x83,0x32,0xbd,0xfa,0xee,0xb9,0xe6,0xd9,0xe6,0xfa,0xee,
    0x90,0xac,0x2e,0x9c,0xf5,0xcd,0xb8,0xe6,0x19,0xe7,0x19,0xe7,0x19,0xe7,0x1a,0xe7,
    0x5b,0xef,0x9d,0xf7,0xbe,0xf7,0xde,0xff,0xde,0xff,0xde,0xff,0xde,0xff,0xde,0xff,
    0xbe,0xf7,0xbd,0xf7,0xbd,0xf7,0x9d,0xf7,0x9d,0xf7,0x9d,0xf7,0xbd,0xf7,0xbd,0xf7,
    0xbe,0xf7,0xbe,0xff,0xbe,0xff,0xde,0xff,0x9d,0xf7,0xf5,0xdd,0xfa,0xee,0xdd,0xff,
    0x9d,0xf7,0x9d,0xf7,0x9d,0xf7,0x7c,0xf7,0x36,0xde,0xf5,0xdd,0xf6,0xd5,0x98,0xde,
    0x77,0xde,0x8f,0xbc,0x94,0xcd,0x5c,0xf7,0xb8,0xee,0xb4,0xd5,0x8b,0x9b,0x0d,0xa4,
    0xf0,0xbc,0x4e,0xac,0x2e,0xac,0x4e,0xac,0x88,0x6a,0x05,0x5a,0xcc,0x9b,0x4e,0xac,
    0x8f,0xb4,0x4a,0x83,0x26,0x5a,0xa8,0x72,0x8b,0x9b,0xa8,0x72,0x4a,0x93,0xcc,0xa3,
    0xab,0x9b,0x4a,0x8b,0xab,0xa3,0xab,0xab,0x10,0xd5,0x51,0xe5,0xaf,0xcc,0x0c,0xc4,
    0x2d,0xc4,0xf4,0xed,0xd3,0xf5,0xd3,0xf5,0xd4,0xf5,0xf4,0xf5,0xd3,0xf5,0xf4,0xf5,
    0x14,0xf6,0x15,0xf6,0x35,0xf6,0x56,0xf6,0x76,0xf6,0x77,0xf6,0x97,0xf6,0x97,0xf6,
    0x97,0xf6,0x97,0xf6,0x98,0xf6,0xb8,0xf6,0xb8,0xf6,0xb8,0xf6,0xb8,0xf6,0xb8,0xf6,
    0xb8,0xf6,0xb8,0xf6,0xb8,0xf6,0xb8,0xf6,0xb8,0xf6,0xb8,0xf6,0xb8,0xf6,0xb8,0xf6,
    0xd8,0xf6,0xb8,0xf6,0xb8,0xf6,0xb8,0xf6,0xb8,0xf6,0xb8,0xf6,0x97,0xee,0x97,0xee,
    0x97,0xf6,0x97,0xee,0x97,0xf6,0x97,0xee,0x97,0xee,0x97,0xee,0x97,0xee,0x97,0xee,
    0x97,0xee,0x8f,0xbc,0x32,0xc5,0x8f,0xbc,0xaf,0xbc,0x4e,0xac,0xac,0x9b,0xac,0x9b,
    0x0d,0xa4,0x0d,0xac,0x31,0xdd,0xed,0xa3,0x4e,0xb4,0x30,0xd5,0x4e,0xb4,0x47,0x62,
    0xc9,0x72,0xc9,0x6a,0xea,0x72,0xea,0x72,0x2b,0x7b,0x0a,0x7b,0x88,0x62,0x06,0x52,
    0x68,0x62,0xcd,0x9b,0x4e,0xac,0x6b,0x8b,0x2e,0xa4,0xcc,0x9b,0x4b,0x83,0xac,0x93,
    0x0d,0xa4,0xed,0x9b,0x8b,0x93,0x0a,0x7b,0xe6,0x49,0xc9,0x72,0xc9,0x72,0xa8,0x6a,
    0x88,0x62,0x88,0x62,0xe6,0x49,0x27,0x5a,0x27,0x52,0x47,0x5a,0x68,0x62,0xa8,0x6a,
    0xed,0xa3,0xac,0x93,0x2a,0x7b,0xe9,0x72,0x88,0x62,0xa8,0x6a,0x6b,0x83,0x74,0xbd,
    0xac,0x93,0xac,0x93,0xc9,0x72,0xa9,0x6a,0xac,0x93,0x4b,0x83,0x6b,0x8b,0xb0,0xac,
    0xd9,0xee,0xb9,0xe6,0xd9,0xe6,0xda,0xee,0xb5,0xcd,0xcd,0x93,0x12,0xb5,0x36,0xd6,
    0x19,0xe7,0x19,0xe7,0x19,0xe7,0x19,0xe7,0x3a,0xef,0x7c,0xf7,0xbd,0xf7,0xbe,0xf7,
    0xde,0xff,0xde,0xff,0xbe,0xff,0xbe,0xff,0xbe,0xff,0xbd,0xf7,0x9d,0xf7,0x9c,0xf7,
    0x9c,0xf7,0x9c,0xf7,0x9d,0xf7,0x9d,0xf7,0xbd,0xf7,0xbe,0xf7,0xbd,0xf7,0xbe,0xff,
    0x9d,0xf7,0x36,0xde,0x7c,0xf7,0xbd,0xf7,0x9d,0xf7,0x9d,0xf7,0xbd,0xf7,0x7d,0xf7,
    0x5c,0xef,0xb8,0xee,0x93,0xd5,0xf0,0xc4,0xf5,0xd5,0xf0,0xc4,0x11,0xc5,0x9c,0xff,
    0x56,0xe6,0x77,0xe6,0xd4,0xd5,0xe8,0x7a,0xb0,0xb4,0xd0,0xbc,0x4e,0xac,0x6e,0xac,
    0x8b,0x93,0xc5,0x51,0x67,0x62,0x2e,0xac,0x6e,0xb4,0xac,0x93,0x06,0x52,0x67,0x6a,
    0x4a,0x8b,0x2a,0x8b,0x2a,0x8b,0xaf,0xcc,0x6e,0xbc,0x4a,0x93,0x8b,0x93,0x0c,0xac,
    0x2d,0xb4,0xf0,0xd4,0x10,0xdd,0x31,0xdd,0xcf,0xd4,0x11,0xd5,0xb7,0xfe,0xf4,0xf5,
    0xf4,0xf5,0xd4,0xf5,0xf4,0xf5,0xf4,0xf5,0x14,0xf6,0x35,0xf6,0x35,0xf6,0x76,0xf6,
    0x77,0xf6,0x77,0xf6,0x97,0xf6,0x97,0xf6,0x97,0xf6,0x97,0xf6,0x98,0xf6,0x98,0xf6,
    0xb8,0xf6,0xb8,0xf6,0xb8,0xf6,0xb8,0xf6,0xb8,0xf6,0xb8,0xf6,0xb8,0xf6,0xb8,0xf6,
    0xb8,0xf6,0xb8,0xf6,0xb8,0xf6,0xd9,0xf6,0x36,0xe6,0x57,0xee,0xb8,0xf6,0xb8,0xf6,
    0xb8,0xf6,0x98,0xf6,0x98,0xf6,0x97,0xf6,0x97,0xf6,0x97,0xee,0x97,0xee,0x97,0xee,
    0x97,0xee,0x97,0xee,0x97,0xee,0x97,0xee,0x56,0xe6,0x6e,0xb4,0x16,0xde,0xaf,0xbc,
    0x4e,0xb4,0x2e,0xac,0xac,0x93,0xed,0xa3,0x0d,0xa4,0x2e,0xac,0x51,0xdd,0xcc,0xa3,
    0x4e,0xb4,0xcf,0xcc,0xaf,0xc4,0x0a,0x83,0xc9,0x72,0x0a,0x73,0x0a,0x73,0x0a,0x7b,
    0x0a,0x7b,0xea,0x7a,0xc9,0x6a,0x06,0x52,0x88,0x6a,0x2e,0xac,0x2e,0xa4,0x8b,0x8b,
    0x6f,0xb4,0xac,0x93,0x4b,0x8b,0x0d,0xa4,0x0d,0xa4,0xac,0x93,0x2a,0x83,0xea,0x7a,
    0x06,0x52,0x88,0x62,0xc9,0x6a,0x68,0x62,0x68,0x62,0x88,0x62,0x48,0x5a,0x27,0x5a,
    0x27,0x52,0x47,0x5a,0x88,0x6a,0xe9,0x72,0x2e,0xa4,0x6b,0x8b,0x6b,0x8b,0x2a,0x83,
    0x68,0x62,0xa9,0x6a,0xc9,0x72,0xb1,0xa4,0xd1,0xac,0xac,0x93,0x2a,0x7b,0xc9,0x72,
    0xed,0x93,0xac,0x93,0xac,0x8b,0x4f,0xa4,0xd9,0xe6,0xb9,0xe6,0xb9,0xe6,0x98,0xe6,
    0x57,0xd6,0xb0,0xac,0x2e,0x9c,0x37,0xd6,0x19,0xe7,0x19,0xe7,0x19,0xe7,0x19,0xe7,
    0x3a,0xef,0x7b,0xef,0x9d,0xf7,0xbd,0xf7,0xbd,0xf7,0xbe,0xf7,0xbe,0xf7,0xbd,0xf7,
    0xbd,0xf7,0xbd,0xf7,0x9c,0xf7,0x9c,0xf7,0x9c,0xf7,0x9c,0xf7,0x9c,0xf7,0x9d,0xf7,
    0x9d,0xf7,0xbd,0xf7,0xbd,0xf7,0x9d,0xf7,0x7c,0xf7,0xd4,0xd5,0x1b,0xef,0xde,0xff,
    0x9d,0xf7,0xbd,0xf7,0xbd,0xf7,0xdd,0xff,0x5c,0xef,0x57,0xe6,0x36,0xde,0x98,0xe6,
    0xb4,0xd5,0x52,0xd5,0x8f,0xbc,0x7c,0xf7,0x94,0xd5,0x6e,0xbc,0x97,0xee,0x11,0xc5,
    0x0d,0xa4,0xd0,0xbc,0x4e,0xac,0x2e,0xac,0x0d,0xa4,0x47,0x62,0x67,0x62,0xcc,0x9b,
    0x0d,0xa4,0xed,0xa3,0x06,0x5a,0xa8,0x72,0x4b,0x8b,0xa8,0x72,0xac,0x9b,0x92,0xe5,
    0xf0,0xd4,0x8f,0xbc,0x6e,0xbc,0xec,0xa3,0xec,0xab,0xcc,0xa3,0xec,0xab,0x0d,0xb4,
    0x8e,0xcc,0x4e,0xc4,0x72,0xdd,0x92,0xed,0x51,0xe5,0xf4,0xf5,0x15,0xf6,0x15,0xf6,
    0x15,0xf6,0x36,0xf6,0x56,0xf6,0x76,0xf6,0x77,0xf6,0x97,0xf6,0x97,0xf6,0x97,0xf6,
    0x97,0xf6,0xb7,0xf6,0x98,0xf6,0xb8,0xf6,0xb8,0xf6,0xb8,0xf6,0xb8,0xf6,0xb8,0xf6,
    0xb8,0xf6,0xb8,0xf6,0xb8,0xf6,0xb8,0xf6,0xb8,0xf6,0xb8,0xf6,0xd8,0xf6,0x36,0xee,
    0x90,0xbc,0x77,0xee,0xb8,0xf6,0xb8,0xf6,0xb8,0xf6,0x98,0xee,0x98,0xf6,0xb8,0xf6,
    0x97,0xee,0x97,0xee,0x97,0xee,0x97,0xee,0x97,0xee,0x98,0xee,0x97,0xee,0xb8,0xf6,
    0x93,0xd5,0x8f,0xb4,0xb8,0xee,0x4e,0xb4,0x2e,0xac,0x0d,0xa4,0xac,0x9b,0x2e,0xa4,
    0x0d,0xa4,0x4e,0xb4,0x30,0xdd,0xac,0x93,0x8e,0xbc,0xaf,0xcc,0xcf,0xcc,0x4e,0xb4,
    0xe9,0x7a,0x0a,0x7b,0x2b,0x7b,0x0a,0x7b,0x0a,0x7b,0x2e,0xa4,0x6b,0x8b,0xe6,0x49,
    0xc9,0x72,0x2e,0xa4,0xac,0x93,0xac,0x93,0x8f,0xb4,0xcc,0x9b,0xac,0x9b,0x2e,0xac,
    0xed,0xa3,0x6b,0x8b,0xe9,0x72,0xc9,0x72,0x06,0x52,0x68,0x62,0x88,0x62,0x48,0x5a,
    0x47,0x5a,0x68,0x5a,0x68,0x62,0x27,0x5a,0x27,0x52,0x47,0x5a,0x88,0x62,0x09,0x7b,
    0x2d,0xa4,0xac,0x93,0xcc,0x9b,0x8b,0x8b,0x88,0x62,0x68,0x5a,0x2a,0x7b,0x2e,0x94,
    0x12,0xb5,0xac,0x93,0x8c,0x8b,0xea,0x72,0x0d,0x9c,0x0e,0x9c,0x0e,0x9c,0x0d,0x9c,
    0x57,0xde,0xd9,0xe6,0xb8,0xe6,0x77,0xde,0x37,0xd6,0xd5,0xcd,0xac,0x93,0xb4,0xc5,
    0x19,0xe7,0x19,0xe7,0x19,0xe7,0x1a,0xe7,0x3a,0xef,0x5b,0xef,0x7c,0xf7,0x9c,0xf7,
    0x9c,0xf7,0x9c,0xf7,0x9d,0xf7,0x9d,0xf7,0x9d,0xf7,0x9d,0xf7,0x9c,0xf7,0x9c,0xf7,
    0x9c,0xf7,0x9c,0xf7,0x9c,0xf7,0x9c,0xf7,0x9c,0xf7,0xbd,0xf7,0x9d,0xf7,0x9c,0xf7,
    0x7c,0xf7,0xb4,0xd5,0x1b,0xef,0xfe,0xff,0xbd,0xf7,0xbd,0xf7,0xbd,0xf7,0xde,0xff,
    0x9c,0xf7,0x15,0xde,0x36,0xde,0x9d,0xf7,0xde,0xff,0x15,0xde,0x8f,0xbc,0xfa,0xee,
    0x32,0xc5,0x4d,0xb4,0xaf,0xbc,0xf5,0xdd,0x52,0xcd,0x8f,0xb4,0xaf,0xbc,0x4e,0xac,
    0x4e,0xac,0x2a,0x83,0xc8,0x72,0xed,0xa3,0xac,0x93,0x6e,0xac,0x6b,0x8b,0x09,0x83,
    0xab,0x9b,0x2a,0x8b,0x4e,0xb4,0xcf,0xcc,0x31,0xcd,0xf4,0xe5,0xb3,0xe5,0xf0,0xcc,
    0x2d,0xb4,0x0d,0xac,0xed,0xa3,0xab,0x9b,0x8b,0x9b,0xcc,0xab,0x6a,0xa3,0xaf,0xd4,
    0xb3,0xed,0x35,0xf6,0x15,0xf6,0x15,0xf6,0x35,0xf6,0x56,0xf6,0x56,0xf6,0x76,0xf6,
    0x77,0xf6,0x97,0xf6,0x97,0xf6,0x97,0xf6,0xb8,0xf6,0xb8,0xf6,0xb8,0xf6,0xb8,0xf6,
    0xb8,0xf6,0xb8,0xf6,0xb8,0xf6,0xb8,0xf6,0xb8,0xf6,0xb8,0xf6,0x98,0xf6,0xb8,0xee,
    0xb8,0xf6,0x97,0xee,0x15,0xee,0xf5,0xe5,0xb8,0xf6,0xd8,0xf6,0xb8,0xf6,0xb8,0xf6,
    0xb8,0xf6,0xb8,0xf6,0xb8,0xf6,0x97,0xee,0x97,0xee,0xb8,0xf6,0xb8,0xee,0x98,0xee,
    0x98,0xee,0xb8,0xee,0x97,0xee,0xd8,0xf6,0x6f,0xb4,0x52,0xcd,0xf4,0xed,0x0d,0xac,
    0x4e,0xac,0xed,0x9b,0xcd,0x9b,0x0e,0xa4,0xed,0x9b,0x4e,0xb4,0x10,0xd5,0xac,0x93,
    0xaf,0xc4,0xd0,0xcc,0xf0,0xcc,0x6e,0xb4,0xe9,0x72,0xa9,0x6a,0x6c,0x83,0x4b,0x83,
    0x2b,0x7b,0x2e,0xa4,0xed,0x9b,0x27,0x5a,0xe9,0x72,0xcc,0x9b,0x4b,0x83,0xac,0x9b,
    0xed,0x9b,0x8b,0x93,0xed,0xa3,0x0d,0xa4,0xac,0x93,0x2a,0x7b,0xa9,0x6a,0xc9,0x72,
    0x06,0x52,0x68,0x5a,0x68,0x62,0x47,0x5a,0x47,0x5a,0x68,0x5a,0x68,0x62,0x27,0x52,
    0x07,0x52,0x27,0x5a,0x47,0x5a,0x2a,0x83,0x8f,0xb4,0xcd,0x9b,0xed,0x9b,0xac,0x93,
    0xc9,0x6a,0x68,0x5a,0x0a,0x7b,0xb1,0xac,0x2e,0x9c,0xac,0x93,0xcd,0x93,0x4b,0x83,
    0x0e,0x9c,0x0d,0x9c,0x4f,0xa4,0xcd,0x93,0xb5,0xc5,0x1a,0xef,0xb9,0xe6,0x77,0xde,
    0x36,0xd6,0x98,0xde,0xed,0x93,0x90,0xac,0x19,0xe7,0x19,0xe7,0x1a,0xe7,0x5b,0xef,
    0x7c,0xef,0x7c,0xf7,0x9c,0xf7,0x7c,0xf7,0x7b,0xef,0x7b,0xef,0x7c,0xf7,0x9c,0xf7,
    0x9d,0xf7,0xbd,0xf7,0x9d,0xf7,0xbd,0xf7,0x9d,0xf7,0x9d,0xf7,0x9c,0xf7,0x9d,0xf7,
    0x9d,0xf7,0xbd,0xf7,0x9d,0xf7,0x9d,0xff,0x7c,0xef,0xd4,0xd5,0x1a,0xef,0xfe,0xff,
    0xbe,0xff,0xbd,0xf7,0xbd,0xf7,0xde,0xff,0x7c,0xf7,0x77,0xe6,0xd9,0xe6,0xb9,0xe6,
    0xfa,0xee,0xb8,0xe6,0xaf,0xc4,0xd0,0xbc,0x6e,0xb4,0x2d,0xb4,0xab,0x9b,0x8f,0xb4,
    0xb3,0xd5,0x32,0xbd,0x15,0xde,0x31,0xcd,0x11,0xc5,0x2e,0xac,0x8b,0x8b,0xed,0xa3,
    0x0d,0xa4,0x8b,0x93,0xcc,0x93,0x4e,0xa4,0x4a,0x8b,0xab,0x93,0xf0,0xc4,0xd0,0xc4,
    0xf4,0xe5,0xf4,0xe5,0xd3,0xe5,0x51,0xd5,0xcb,0xb3,0x10,0xdd,0xaf,0xcc,0x6e,0xc4,
    0xab,0xab,0x4d,0xcc,0xcb,0xbb,0xf0,0xd4,0x35,0xf6,0xf4,0xf5,0x15,0xf6,0x35,0xf6,
    0x56,0xf6,0x56,0xf6,0x76,0xf6,0x76,0xf6,0x77,0xf6,0x97,0xf6,0x97,0xf6,0x97,0xf6,
    0xb8,0xf6,0xb8,0xf6,0xb8,0xf6,0xb8,0xf6,0xb8,0xf6,0xb8,0xf6,0xb8,0xf6,0xb8,0xf6,
    0xb8,0xf6,0xb8,0xf6,0xb8,0xf6,0x97,0xf6,0x56,0xee,0xf4,0xed,0x36,0xee,0xb8,0xf6,
    0x98,0xee,0x98,0xee,0xb8,0xf6,0xb8,0xf6,0xb8,0xee,0x98,0xee,0xb8,0xf6,0x98,0xee,
    0x98,0xee,0xb8,0xf6,0xb8,0xf6,0xb8,0xf6,0xb8,0xf6,0x97,0xee,0xb8,0xf6,0x56,0xe6,
    0x6e,0xac,0xd4,0xe5,0xaf,0xcc,0xcc,0xa3,0x2d,0xac,0xac,0x9b,0xed,0xa3,0xed,0xa3,
    0xac,0x9b,0x6e,0xbc,0xf0,0xcc,0xed,0xa3,0xf0,0xcc,0xf0,0xcc,0x31,0xd5,0x6e,0xb4,
    0x6b,0x8b,0xac,0x93,0x4b,0x83,0x8c,0x8b,0x0a,0x73,0xea,0x72,0x6b,0x83,0xea,0x72,
    0x4b,0x8b,0x6b,0x8b,0x2a,0x83,0x8b,0x93,0x8c,0x93,0x8c,0x93,0xac,0x93,0x4b,0x8b,
    0x4b,0x83,0xea,0x72,0x88,0x62,0xea,0x7a,0x07,0x52,0x47,0x5a,0x48,0x5a,0x47,0x5a,
    0x27,0x5a,0x68,0x62,0x88,0x62,0x47,0x52,0xe6,0x49,0x27,0x52,0x07,0x52,0x8c,0x93,
    0x2e,0xa4,0xcd,0x9b,0xed,0x9b,0xcc,0x93,0x0a,0x7b,0x88,0x62,0xc9,0x72,0xf2,0xb4,
    0x33,0xb5,0x0a,0x7b,0xed,0x9b,0xcd,0x93,0x0e,0x9c,0xed,0x9b,0x2e,0xa4,0xac,0x93,
    0x12,0xb5,0x1a,0xef,0xd9,0xee,0x57,0xde,0x57,0xde,0xfa,0xee,0x8f,0xac,0x0d,0x9c,
    0x19,0xe7,0x19,0xe7,0x3a,0xef,0x7c,0xf7,0xbd,0xf7,0xbe,0xf7,0xbd,0xf7,0x9d,0xf7,
    0x7b,0xef,0x5b,0xef,0x7b,0xef,0x7c,0xf7,0x9d,0xf7,0xbd,0xff,0xbe,0xff,0xbe,0xff,
    0xbe,0xf7,0xbd,0xf7,0xbd,0xf7,0xbd,0xf7,0xbd,0xf7,0xbd,0xf7,0x7c,0xf7,0xbd,0xff,
    0x7c,0xef,0xd4,0xdd,0xd9,0xee,0xde,0xf7,0xbd,0xf7,0xbd,0xf7,0xbd,0xf7,0xbd,0xf7,
    0x5b,0xef,0x98,0xe6,0x7c,0xf7,0x3b,0xef,0x3b,0xef,0x77,0xe6,0x52,0xcd,0x0d,0xac,
    0x52,0xc5,0x52,0xcd,0xaf,0xb4,0x6e,0xb4,0x4e,0xb4,0x6b,0x8b,0xb4,0xcd,0x15,0xde,
    0x8f,0xbc,0x0d,0xa4,0x6b,0x8b,0xcc,0x9b,0x0d,0xa4,0x6b,0x93,0x47,0x62,0x8b,0x93,
    0x4e,0xa4,0x8f,0xbc,0x72,0xd5,0xf4,0xe5,0x51,0xd5,0xcf,0xcc,0xcf,0xcc,0x0c,0xbc,
    0x6a,0xab,0x31,0xdd,0x31,0xdd,0x31,0xdd,0x0d,0xc4,0x8e,0xd4,0x8e,0xd4,0x2d,0xc4,
    0xd3,0xed,0x14,0xf6,0x15,0xf6,0x35,0xf6,0x36,0xf6,0x56,0xf6,0x76,0xf6,0x77,0xf6,
    0x77,0xf6,0x97,0xf6,0x97,0xf6,0x97,0xf6,0x97,0xf6,0xb8,0xf6,0xb8,0xf6,0xb8,0xf6,
    0xb8,0xf6,0xb8,0xf6,0x77,0xee,0x77,0xee,0x97,0xee,0x77,0xf6,0x35,0xee,0x56,0xf6,
    0x56,0xf6,0x76,0xf6,0xb8,0xf6,0x97,0xf6,0x97,0xee,0x97,0xee,0xb8,0xf6,0xb8,0xf6,
    0xb8,0xf6,0xb8,0xf6,0x98,0xf6,0x97,0xee,0x97,0xee,0xb8,0xf6,0xb8,0xf6,0xb8,0xf6,
    0xb8,0xf6,0xb8,0xf6,0xb8,0xee,0xf5,0xd5,0x32,0xcd,0x52,0xdd,0x0d,0xbc,0xec,0xa3,
    0xcc,0x9b,0x8b,0x93,0xcc,0xa3,0xcc,0x9b,0xac,0x93,0x8e,0xc4,0xaf,0xc4,0x2e,0xac,
    0x10,0xd5,0x11,0xcd,0x51,0xd5,0x8f,0xb4,0x6b,0x8b,0xf0,0xcc,0x4b,0x83,0x8c,0x8b,
    0xe9,0x72,0xa9,0x62,0x2a,0x7b,0xea,0x7a,0x6b,0x8b,0xea,0x7a,0x0a,0x7b,0x2a,0x83,
    0xed,0xa3,0xac,0x93,0x2a,0x7b,0x2a,0x83,0xea,0x7a,0xc9,0x72,0x27,0x5a,0x0a,0x7b,
    0x47,0x5a,0x47,0x5a,0x48,0x5a,0x68,0x62,0xe6,0x49,0x27,0x52,0x68,0x62,0xa9,0x6a,
    0x27,0x52,0xc6,0x49,0x68,0x5a,0xcd,0x9b,0xac,0x93,0xed,0x9b,0xcd,0x9b,0x6b,0x8b,
    0x6b,0x83,0xa9,0x62,0x2a,0x83,0x12,0xb5,0x57,0xd6,0x6b,0x83,0x2e,0x9c,0x6b,0x8b,
    0x0d,0x9c,0xcd,0x93,0xcd,0x93,0xcd,0x93,0xf1,0xac,0xb9,0xe6,0xd9,0xee,0x16,0xd6,
    0xb9,0xe6,0xd9,0xee,0xd1,0xb4,0x0d,0x9c,0x19,0xe7,0x3a,0xef,0x7c,0xf7,0xbe,0xf7,
    0xde,0xff,0xdf,0xff,0xde,0xff,0xbd,0xf7,0x7c,0xf7,0x5b,0xef,0x7b,0xf7,0x7c,0xf7,
    0xbd,0xf7,0xbe,0xff,0xde,0xff,0xde,0xff,0xde,0xff,0xde,0xff,0xbe,0xf7,0xbe,0xf7,
    0xde,0xf7,0x9d,0xf7,0x5b,0xf7,0xde,0xff,0xbd,0xf7,0x36,0xe6,0x57,0xe6,0xbd,0xf7,
    0x9d,0xf7,0xbd,0xf7,0xbd,0xf7,0x9c,0xf7,0x3b,0xef,0xb9,0xe6,0xde,0xff,0x9d,0xf7,
    0x1a,0xef,0xd9,0xee,0xfa,0xee,0xaf,0xbc,0xb0,0xb4,0xf1,0xbc,0x4e,0xac,0x6e,0xb4,
    0x6e,0xb4,0x0a,0x83,0x2a,0x83,0xd4,0xd5,0x36,0xde,0xf0,0xc4,0xcc,0x9b,0x8b,0x93,
    0xcc,0x9b,0x4a,0x83,0x67,0x6a,0xc9,0x72,0xc9,0x72,0xd4,0xdd,0x72,0xdd,0x31,0xd5,
    0x10,0xd5,0xf0,0xcc,0xcb,0xb3,0xeb,0xc3,0xcb,0xbb,0x11,0xd5,0x51,0xdd,0x51,0xdd,
    0x4e,0xc4,0xf0,0xd4,0xcf,0xd4,0x0d,0xc4,0xaf,0xcc,0x55,0xf6,0x15,0xf6,0x35,0xf6,
    0x56,0xf6,0x76,0xf6,0x77,0xf6,0x77,0xf6,0x77,0xf6,0x97,0xf6,0x97,0xf6,0x97,0xf6,
    0x97,0xf6,0xb8,0xf6,0xb8,0xf6,0xb8,0xf6,0xb8,0xf6,0xd8,0xf6,0x52,0xcd,0x11,0xcd,
    0x35,0xee,0x35,0xee,0x35,0xf6,0x77,0xf6,0x97,0xf6,0x97,0xf6,0x97,0xf6,0x98,0xf6,
    0xb8,0xf6,0x98,0xf6,0xb8,0xf6,0xb8,0xf6,0x98,0xee,0xb8,0xee,0x98,0xee,0xb8,0xf6,
    0x97,0xee,0x98,0xee,0x98,0xf6,0xb8,0xf6,0xb8,0xf6,0x97,0xee,0x36,0xe6,0x36,0xe6,
    0x10,0xcd,0xaf,0xcc,0x8e,0xcc,0xec,0xa3,0xac,0x9b,0xac,0x9b,0xed,0xa3,0xcc,0x9b,
    0xac,0x93,0xaf,0xc4,0x8e,0xbc,0x6e,0xbc,0x31,0xd5,0x31,0xd5,0x51,0xd5,0x8f,0xb4,
    0x8b,0x8b,0x11,0xd5,0x8f,0xbc,0x2b,0x83,0x2a,0x7b,0x47,0x5a,0x68,0x62,0xc9,0x72,
    0x4b,0x8b,0x88,0x6a,0xc9,0x72,0x4b,0x8b,0xed,0x9b,0x4b,0x83,0x2b,0x83,0x2a,0x83,
    0x0a,0x7b,0x88,0x62,0x27,0x52,0x0a,0x83,0x27,0x5a,0x27,0x5a,0x68,0x5a,0x88,0x62,
    0x06,0x4a,0xe6,0x49,0x47,0x5a,0xa9,0x6a,0x27,0x52,0x06,0x52,0xe9,0x72,0x8b,0x8b,
    0xed,0x9b,0xcc,0x9b,0xac,0x93,0x4b,0x83,0x8c,0x8b,0x88,0x62,0x6b,0x8b,0x12,0xb5,
    0xfa,0xee,0x0e,0x94,0x74,0xbd,0x8c,0x8b,0xed,0x9b,0xed,0x93,0xac,0x93,0xad,0x8b,
    0x53,0xbd,0x57,0xde,0x77,0xde,0x16,0xd6,0xb9,0xe6,0xd9,0xe6,0xd1,0xb4,0x2e,0xa4,
    0x3a,0xef,0x7c,0xef,0xbe,0xf7,0xdf,0xff,0xdf,0xff,0xdf,0xff,0xdf,0xff,0xbe,0xf7,
    0x9c,0xf7,0x7b,0xf7,0x7b,0xf7,0x9c,0xf7,0xbd,0xf7,0xde,0xff,0xde,0xff,0xde,0xff,
    0xde,0xff,0xde,0xff,0xde,0xff,0xde,0xff,0xde,0xff,0x5b,0xf7,0x9d,0xf7,0xde,0xff,
    0xde,0xf7,0xb8,0xe6,0xb4,0xdd,0x3b,0xef,0xde,0xf7,0x9d,0xf7,0xbd,0xf7,0x9d,0xf7,
    0x1b,0xef,0xfa,0xe6,0xdf,0xff,0xff,0xff,0x7d,0xf7,0x7c,0xf7,0x3b,0xf7,0x93,0xd5,
    0x8f,0xb4,0x2e,0xa4,0x2e,0xa4,0x6e,0xb4,0x8f,0xb4,0xac,0x9b,0x8b,0x93,0xed,0xa3,
    0x2e,0xac,0xf1,0xbc,0x31,0xc5,0x11,0xc5,0x2d,0xac,0x4a,0x83,0xc9,0x72,0xe9,0x7a,
    0xa8,0x72,0xb0,0xb4,0x36,0xee,0xf4,0xe5,0x15,0xee,0xd4,0xe5,0x31,0xd5,0x4d,0xcc,
    0x6e,0xcc,0x72,0xdd,0x93,0xdd,0x93,0xdd,0x6e,0xc4,0xf0,0xd4,0x10,0xd5,0x6e,0xcc,
    0x4e,0xc4,0xf4,0xe5,0x56,0xf6,0x56,0xf6,0x56,0xf6,0x76,0xf6,0x77,0xf6,0x77,0xf6,
    0x77,0xf6,0x97,0xf6,0x97,0xf6,0x97,0xf6,0x97,0xf6,0x97,0xf6,0xb8,0xf6,0xb8,0xf6,
    0xb8,0xf6,0xb8,0xf6,0xd8,0xf6,0xd8,0xf6,0xb8,0xf6,0xb8,0xf6,0x97,0xf6,0x97,0xf6,
    0x97,0xf6,0x97,0xf6,0x97,0xf6,0xb8,0xf6,0xb8,0xf6,0x98,0xf6,0x98,0xee,0xb8,0xf6,
    0xb8,0xf6,0x98,0xee,0x97,0xee,0xb8,0xee,0x97,0xee,0xb8,0xee,0x77,0xee,0x56,0xee,
    0x57,0xee,0x56,0xee,0xb8,0xf6,0x93,0xd5,0x0d,0xb4,0xcf,0xcc,0xaf,0xcc,0xcc,0xa3,
    0xcc,0x9b,0xed,0xa3,0xed,0xa3,0xed,0x9b,0xac,0x93,0xcf,0xc4,0x4e,0xb4,0xaf,0xbc,
    0x31,0xd5,0x31,0xd5,0x31,0xd5,0xd0,0xbc,0x4e,0xac,0xd0,0xc4,0x31,0xdd,0x4e,0xb4,
    0x0a,0x7b,0x88,0x62,0x07,0x52,0xea,0x7a,0xea,0x7a,0x48,0x5a,0x0a,0x7b,0xac,0x93,
    0x8c,0x8b,0x2b,0x83,0x4b,0x83,0xea,0x72,0x2a,0x7b,0x27,0x52,0x27,0x52,0x4a,0x83,
    0xe6,0x49,0x06,0x52,0x47,0x5a,0x88,0x62,0x47,0x5a,0x27,0x52,0x27,0x52,0x68,0x62,
    0xea,0x72,0xea,0x72,0xa8,0x6a,0xed,0x9b,0xed,0xa3,0xed,0x9b,0x8c,0x8b,0xea,0x72,
    0x8c,0x8b,0xc9,0x6a,0x4b,0x83,0xd1,0xac,0x5b,0xf7,0x90,0xa4,0x12,0xb5,0x0e,0xa4,
    0x0d,0x9c,0x0d,0x9c,0xac,0x93,0x6b,0x83,0x74,0xbd,0xb4,0xc5,0x16,0xd6,0x98,0xe6,
    0xb9,0xe6,0x78,0xde,0x2e,0xa4,0xd0,0xac,0x5b,0xef,0x9d,0xf7,0xde,0xff,0xdf,0xff,
    0xdf,0xff,0xdf,0xff,0xdf,0xff,0xbe,0xf7,0x9c,0xf7,0x7b,0xf7,0x7b,0xf7,0x9c,0xf7,
    0xbd,0xf7,0xbe,0xff,0xde,0xff,0xde,0xff,0xde,0xff,0xde,0xff,0xde,0xff,0xde,0xff,
    0x9d,0xf7,0x5b,0xf7,0xde,0xff,0xbe,0xf7,0xde,0xff,0x1a,0xef,0xf5,0xe5,0x57,0xe6,
    0x9d,0xf7,0xbd,0xf7,0x9d,0xf7,0xbd,0xff,0x3b,0xef,0x7d,0xf7,0xff,0xff,0xff,0xff,
    0x5c,0xf7,0xbd,0xff,0x37,0xde,0x11,0xc5,0x73,0xcd,0x2d,0xac,0x2d,0xac,0x6e,0xb4,
    0x6e,0xb4,0xcc,0x9b,0x6b,0x8b,0x8b,0x93,0xed,0xa3,0x6a,0x93,0xc8,0x72,0x0d,0xa4,
    0x4e,0xac,0x8b,0x93,0xe9,0x7a,0xc9,0x72,0x0a,0x83,0x4a,0x83,0x15,0xde,0x36,0xee,
    0x36,0xee,0x56,0xee,0x35,0xee,0x11,0xd5,0x8e,0xd4,0x11,0xd5,0xd4,0xe5,0xd4,0xe5,
    0x11,0xd5,0x4d,0xc4,0x10,0xdd,0xaf,0xcc,0x6e,0xcc,0x4e,0xbc,0x76,0xf6,0x56,0xf6,
    0x76,0xf6,0x77,0xf6,0x77,0xf6,0x97,0xf6,0x97,0xf6,0x97,0xf6,0x97,0xf6,0x97,0xf6,
    0x97,0xf6,0x97,0xf6,0x98,0xf6,0xb8,0xee,0xb8,0xf6,0xb8,0xf6,0xb8,0xf6,0x97,0xee,
    0x97,0xee,0xb8,0xf6,0x97,0xee,0x97,0xee,0x97,0xf6,0x97,0xf6,0xb8,0xf6,0xb8,0xf6,
    0xb8,0xf6,0xb8,0xf6,0xb8,0xf6,0xb8,0xee,0xb8,0xf6,0xb8,0xf6,0x97,0xee,0xb8,0xee,
    0xb8,0xee,0x97,0xee,0x97,0xee,0x97,0xee,0x97,0xee,0x77,0xee,0x77,0xf6,0x4e,0xb4,
    0x0c,0xbc,0xf0,0xd4,0xaf,0xcc,0x8b,0x93,0xed,0x9b,0x0d,0xa4,0x0d,0xa4,0xed,0xa3,
    0xed,0x9b,0x11,0xcd,0x4e,0xac,0x11,0xcd,0x31,0xd5,0x31,0xd5,0x31,0xcd,0xf0,0xc4,
    0xaf,0xbc,0x6e,0xb4,0x10,0xd5,0xf0,0xcc,0x6e,0xb4,0x27,0x5a,0x07,0x52,0x4b,0x83,
    0x68,0x62,0xea,0x72,0x8c,0x8b,0xac,0x93,0x8b,0x8b,0x2b,0x83,0xea,0x7a,0x0a,0x7b,
    0xea,0x72,0xa5,0x41,0x47,0x5a,0x6b,0x8b,0xa5,0x41,0x27,0x52,0x88,0x62,0xca,0x62,
    0xa9,0x62,0x27,0x52,0xe6,0x49,0xea,0x72,0x2b,0x73,0x27,0x52,0x2a,0x83,0x2e,0xa4,
    0x0d,0xa4,0x0d,0xa4,0x4b,0x83,0xc9,0x6a,0xac,0x93,0x6c,0x83,0x0a,0x7b,0xf1,0xac,
    0x7c,0xff,0x53,0xbd,0xac,0x8b,0x2e,0xa4,0xed,0x9b,0xed,0x9b,0xac,0x8b,0x6b,0x83,
    0x33,0xb5,0x74,0xbd,0xb8,0xe6,0xb8,0xe6,0xd9,0xee,0x36,0xd6,0xcc,0x93,0x32,0xbd,
    0x7c,0xf7,0xbd,0xf7,0xde,0xff,0xdf,0xff,0xdf,0xff,0xdf,0xff,0xdf,0xff,0xbd,0xf7,
    0x7c,0xf7,0x7b,0xf7,0x7b,0xf7,0x7c,0xf7,0x9c,0xf7,0xbd,0xf7,0xbe,0xff,0xbe,0xff,
    0xde,0xff,0xde,0xff,0xde,0xff,0xde,0xff,0x3b,0xf7,0x9d,0xf7,0xde,0xff,0xbe,0xf7,
    0xbd,0xf7,0xbe,0xf7,0x57,0xe6,0x77,0xe6,0x1a,0xef,0x5b,0xef,0x9d,0xf7,0x5c,0xf7,
    0x1b,0xef,0xbe,0xf7,0xde,0xff,0xdf,0xff,0x3b,0xef,0xbd,0xff,0xf5,0xd5,0xac,0xa3,
    0xd0,0xbc,0x11,0xc5,0xec,0xa3,0x2d,0xac,0x4d,0xb4,0x0d,0xa4,0x8b,0x93,0x88,0x6a,
    0xcc,0x9b,0x0d,0xac,0x6b,0x8b,0x0d,0xa4,0x2e,0xac,0x8c,0x93,0xe9,0x7a,0x2a,0x83,
    0x4b,0x8b,0x2a,0x83,0x90,0xac,0x97,0xf6,0x36,0xee,0x36,0xee,0x36,0xee,0xd4,0xe5,
    0x8e,0xcc,0x2d,0xc4,0x8f,0xc4,0x93,0xe5,0x11,0xd5,0xab,0xab,0x6e,0xcc,0x6e,0xc4,
    0x6e,0xc4,0xab,0xb3,0x11,0xcd,0xd8,0xfe,0x56,0xf6,0x77,0xf6,0x77,0xf6,0x97,0xf6,
    0x97,0xf6,0x97,0xf6,0x97,0xf6,0x97,0xf6,0x97,0xf6,0xb7,0xf6,0xb8,0xf6,0xb8,0xee,
    0xb8,0xf6,0xb8,0xee,0xb8,0xf6,0xb8,0xf6,0xb8,0xee,0xb8,0xee,0x97,0xee,0xb8,0xf6,
    0x98,0xf6,0xb8,0xf6,0xb8,0xf6,0xb8,0xf6,0xb8,0xf6,0xb8,0xee,0xb8,0xf6,0x97,0xf6,
    0x97,0xee,0xb7,0xee,0x97,0xee,0xb8,0xee,0xb8,0xee,0x97,0xee,0x97,0xee,0x97,0xee,
    0x97,0xee,0x97,0xee,0x10,0xcd,0x8b,0xa3,0xaf,0xcc,0xcf,0xd4,0x8e,0xc4,0x4a,0x8b,
    0x0d,0xa4,0x0d,0xa4,0x0d,0xa4,0x0d,0xa4,0x4e,0xac,0xf0,0xc4,0x6e,0xac,0x52,0xd5,
    0x31,0xd5,0x31,0xd5,0xf0,0xc4,0xf0,0xc4,0xd0,0xc4,0x0d,0xac,0xf0,0xcc,0xaf,0xc4,
    0x10,0xd5,0x0d,0xac,0xc9,0x72,0x2b,0x83,0x2a,0x7b,0xac,0x93,0xcd,0x93,0xac,0x93,
    0x4b,0x8b,0xc9,0x72,0xc9,0x72,0x0a,0x7b,0x48,0x5a,0x64,0x39,0xc9,0x6a,0x6b,0x8b,
    0xe6,0x49,0x67,0x62,0x48,0x5a,0xea,0x62,0xea,0x6a,0xc9,0x6a,0xa9,0x6a,0xc9,0x6a,
    0x89,0x62,0x68,0x62,0xac,0x93,0x0e,0xa4,0x2e,0xa4,0x0d,0x9c,0x4b,0x83,0x0a,0x7b,
    0xcd,0x93,0x6b,0x83,0x2a,0x7b,0x53,0xbd,0x7c,0xff,0xb5,0xc5,0x6b,0x83,0x4e,0xa4,
    0x0d,0x9c,0xcc,0x93,0x4b,0x83,0x2b,0x7b,0x32,0xb5,0xf6,0xcd,0xb8,0xe6,0xb9,0xe6,
    0x1a,0xef,0xd1,0xac,0x4e,0x9c,0xb8,0xe6,0x9c,0xf7,0xbd,0xf7,0xbe,0xff,0xdf,0xff,
    0xdf,0xff,0xdf,0xff,0xbe,0xf7,0x9c,0xf7,0x7b,0xf7,0x7b,0xf7,0x7b,0xf7,0x7b,0xf7,
    0x7b,0xf7,0x9c,0xf7,0x9d,0xf7,0xbd,0xf7,0xbd,0xf7,0xbd,0xf7,0xde,0xff,0xbd,0xf7,
    0x3b,0xf7,0xde,0xff,0xbe,0xff,0xbd,0xf7,0x9d,0xf7,0xde,0xff,0x1b,0xef,0xd4,0xd5,
    0x7c,0xf7,0x9e,0xf7,0xbd,0xf7,0x1a,0xef,0x1b,0xef,0xbe,0xff,0xbe,0xff,0x9d,0xf7,
    0x5c,0xf7,0xbd,0xff,0x52,0xcd,0xec,0xa3,0x10,0xcd,0x0d,0xa4,0xcf,0xbc,0xd0,0xbc,
    0x4d,0xb4,0x8e,0xbc,0x8b,0x93,0x47,0x62,0xe9,0x7a,0x6e,0xb4,0x4e,0xac,0x4e,0xac,
    0x4e,0xac,0x8b,0x93,0xe9,0x7a,0xe9,0x7a,0x6b,0x8b,0x6b,0x8b,0x6b,0x8b,0xf4,0xd5,
    0x56,0xee,0x35,0xee,0x36,0xee,0xf4,0xed,0x6e,0xc4,0x8e,0xc4,0xf0,0xd4,0x10,0xdd,
    0x31,0xdd,0x10,0xdd,0xcf,0xd4,0xcf,0xd4,0xef,0xd4,0x30,0xdd,0x6e,0xcc,0xd4,0xdd,
    0xd8,0xfe,0x56,0xf6,0x77,0xf6,0x97,0xf6,0x97,0xf6,0x97,0xf6,0x97,0xf6,0x97,0xf6,
    0x97,0xf6,0x97,0xf6,0x97,0xf6,0x97,0xf6,0xb8,0xf6,0xb8,0xf6,0xb8,0xf6,0xb8,0xf6,
    0xb8,0xf6,0xb8,0xf6,0xb8,0xf6,0xb8,0xf6,0xb8,0xf6,0xb8,0xf6,0xb8,0xf6,0xb8,0xee,
    0xb8,0xf6,0xb8,0xf6,0xb8,0xf6,0xb7,0xee,0x97,0xee,0x97,0xee,0x97,0xee,0x98,0xee,
    0x97,0xee,0x97,0xee,0x97,0xee,0x97,0xee,0xb8,0xf6,0x52,0xdd,0xec,0xbb,0x4d,0xb4,
    0xcf,0xcc,0xcf,0xcc,0x4d,0xb4,0x4b,0x8b,0x2e,0xac,0x0d,0xa4,0x0d,0xa4,0x0d,0xa4,
    0x2e,0xac,0x4e,0xac,0xf0,0xc4,0x31,0xd5,0x10,0xcd,0x10,0xd5,0xaf,0xc4,0xf0,0xcc,
    0x10,0xcd,0xec,0xa3,0x6e,0xc4,0xcf,0xcc,0xcf,0xcc,0x4e,0xb4,0x2a,0x83,0x2a,0x83,
    0xac,0x93,0xcd,0x93,0x0d,0x9c,0xac,0x93,0x0a,0x7b,0xa9,0x6a,0xea,0x72,0xc9,0x72,
    0x85,0x41,0x85,0x39,0x4b,0x83,0x4b,0x83,0x68,0x62,0x88,0x6a,0x68,0x62,0xea,0x72,
    0x0a,0x73,0xe9,0x72,0x68,0x5a,0xe6,0x49,0x68,0x5a,0xe9,0x72,0xcc,0x9b,0xed,0x9b,
    0xed,0x9b,0xac,0x93,0x0a,0x7b,0x0a,0x7b,0xed,0x9b,0x8c,0x8b,0x4b,0x7b,0x37,0xd6,
    0x3b,0xf7,0x53,0xbd,0x8c,0x8b,0x4e,0xa4,0xed,0x9b,0xac,0x8b,0xac,0x8b,0xcd,0x93,
    0x6f,0xa4,0x94,0xc5,0xb9,0xe6,0x1a,0xf7,0xb5,0xc5,0xed,0x93,0x77,0xde,0xfa,0xee,
    0x9c,0xf7,0x9d,0xf7,0xbd,0xf7,0xbd,0xf7,0xbe,0xf7,0xbd,0xf7,0x9c,0xf7,0x7b,0xf7,
    0x5b,0xf7,0x7b,0xf7,0x7b,0xf7,0x7b,0xf7,0x7b,0xf7,0x7b,0xf7,0x7c,0xf7,0x9c,0xf7,
    0x9c,0xf7,0x9c,0xf7,0xbd,0xf7,0x3b,0xef,0x3b,0xef,0xbe,0xf7,0xbd,0xf7,0xbd,0xf7,
    0xbd,0xf7,0xbd,0xf7,0xde,0xf7,0xb9,0xe6,0x57,0xe6,0xdf,0xff,0xff,0xff,0xda,0xe6,
    0x5c,0xef,0xde,0xff,0xbd,0xff,0x9d,0xf7,0x7c,0xf7,0x7c,0xf7,0xb0,0xbc,0x8f,0xbc,
    0xf4,0xdd,0xac,0x93,0x6e,0xb4,0x10,0xc5,0x31,0xc5,0xf0,0xc4,0xec,0xa3,0xe9,0x7a,
    0xc9,0x7a,0x4a,0x8b,0x8f,0xb4,0x4e,0xac,0x2e,0xac,0xab,0x93,0xe9,0x72,0xe9,0x72,
    0x4b,0x8b,0x4b,0x8b,0x8b,0x93,0x6f,0xac,0x77,0xee,0x15,0xee,0x56,0xee,0x15,0xe6,
    0x15,0xee,0x97,0xf6,0x35,0xee,0x72,0xe5,0x10,0xdd,0x51,0xdd,0x52,0xdd,0x31,0xdd,
    0x10,0xd5,0xf0,0xd4,0x10,0xdd,0x4d,0xc4,0xf5,0xdd,0xd9,0xf6,0x76,0xf6,0x77,0xf6,
    0x97,0xf6,0x97,0xf6,0x97,0xf6,0x97,0xf6,0xb7,0xf6,0x97,0xf6,0x97,0xf6,0x97,0xf6,
    0xb7,0xf6,0xb8,0xf6,0x98,0xf6,0xb8,0xf6,0xb8,0xf6,0xb8,0xf6,0xb8,0xf6,0xb8,0xf6,
    0xb8,0xf6,0xb8,0xf6,0xb8,0xf6,0xb8,0xf6,0xb8,0xf6,0xb8,0xf6,0xb8,0xf6,0xb7,0xee,
    0xb8,0xee,0x97,0xee,0x97,0xee,0x97,0xee,0x97,0xee,0x97,0xee,0x97,0xee,0xb8,0xf6,
    0x92,0xdd,0x4d,0xcc,0x6e,0xbc,0xaf,0xc4,0xf0,0xcc,0xcf,0xcc,0x6e,0xbc,0x0d,0xa4,
    0x2e,0xa4,0x0d,0xa4,0x2e,0xa4,0xed,0x9b,0xac,0x93,0xaf,0xbc,0x51,0xd5,0x31,0xd5,
    0x10,0xcd,0x10,0xcd,0xaf,0xc4,0xf0,0xcc,0x10,0xd5,0x4e,0xac,0x2d,0xb4,0x8e,0xc4,
    0xf0,0xd4,0x8b,0x93,0xe9,0x7a,0x6b,0x8b,0xac,0x93,0xed,0x9b,0xac,0x93,0x8b,0x93,
    0xc9,0x72,0xea,0x72,0x2a,0x7b,0x68,0x62,0x65,0x39,0x88,0x62,0x8b,0x8b,0xe9,0x72,
    0x68,0x62,0x48,0x5a,0x68,0x5a,0x88,0x5a,0x68,0x5a,0x68,0x5a,0x68,0x62,0x28,0x52,
    0xe7,0x49,0x6b,0x8b,0xcc,0x9b,0xcc,0x93,0xc9,0x72,0x4b,0x83,0xc9,0x6a,0x2a,0x7b,
    0xed,0x9b,0x6b,0x83,0x0a,0x73,0xb5,0xc5,0x7b,0xff,0x32,0xbd,0x8c,0x8b,0x0d,0x9c,
    0xcd,0x93,0x0e,0x9c,0x2b,0x7b,0x8c,0x8b,0x90,0xac,0x90,0xa4,0x73,0xbd,0xb1,0xac,
    0x6f,0x9c,0x57,0xde,0x1a,0xef,0xb8,0xe6,0x9c,0xf7,0x7c,0xf7,0x7c,0xf7,0x7c,0xf7,
    0x9c,0xf7,0x7c,0xf7,0x7b,0xf7,0x7b,0xf7,0x7b,0xf7,0x7b,0xf7,0x7b,0xf7,0x7b,0xf7,
    0x7b,0xf7,0x7b,0xf7,0x7b,0xf7,0x7b,0xf7,0x7b,0xf7,0x7b,0xf7,0x9c,0xf7,0xd9,0xe6,
    0x7c,0xf7,0xbd,0xf7,0x9d,0xf7,0xbd,0xf7,0xbd,0xf7,0xbd,0xf7,0xbd,0xf7,0xde,0xff,
    0xd9,0xee,0x78,0xe6,0x5c,0xef,0xfa,0xee,0xbe,0xf7,0xbd,0xff,0x9c,0xf7,0x7c,0xf7,
    0x3a,0xf7,0xf9,0xee,0x4e,0xb4,0xd4,0xd5,0xf4,0xdd,0x0d,0xa4,0xd0,0xc4,0xaf,0xbc,
    0xcf,0xbc,0x6e,0xb4,0xab,0x9b,0x0a,0x83,0x2a,0x83,0x2a,0x83,0xaf,0xbc,0x6e,0xac,
    0x2d,0xac,0xab,0x93,0xc9,0x72,0xe9,0x7a,0x2a,0x83,0x4b,0x83,0xcc,0x9b,0xcc,0x9b,
    0x57,0xe6,0x77,0xee,0x57,0xee,0x57,0xee,0x77,0xee,0x36,0xee,0x35,0xee,0xf4,0xed,
    0x72,0xe5,0x31,0xdd,0x92,0xe5,0x72,0xdd,0x31,0xdd,0xf0,0xd4,0x10,0xdd,0x10,0xdd,
    0x8f,0xcc,0x73,0xd5,0xd8,0xf6,0xb7,0xf6,0x77,0xf6,0x97,0xf6,0x97,0xf6,0x97,0xf6,
    0x98,0xf6,0xb7,0xf6,0xb8,0xf6,0x97,0xf6,0x97,0xf6,0x97,0xf6,0x97,0xee,0xb8,0xf6,
    0xb8,0xf6,0xb8,0xf6,0xb8,0xf6,0xb8,0xf6,0xb7,0xf6,0xb8,0xf6,0xb8,0xf6,0xb8,0xf6,
    0xb8,0xee,0xb8,0xf6,0xb8,0xee,0xb8,0xee,0xb8,0xee,0xb8,0xee,0x97,0xee,0x97,0xee,
    0x97,0xee,0x97,0xee,0xb8,0xf6,0x93,0xdd,0x2d,0xc4,0xcf,0xcc,0x6e,0xbc,0xf0,0xcc,
    0xcf,0xcc,0xd0,0xcc,0x6e,0xbc,0x0d,0xa4,0x0e,0xa4,0x2e,0xa4,0x2e,0xa4,0xac,0x93,
    0x2e,0xac,0x52,0xd5,0x31,0xd5,0x31,0xd5,0x31,0xd5,0x10,0xcd,0xf0,0xcc,0x10,0xcd,
    0x31,0xd5,0xaf,0xbc,0x8f,0xbc,0xcf,0xc4,0x0d,0xac,0x0a,0x83,0x6b,0x8b,0xac,0x93,
    0xcd,0x9b,0xcd,0x9b,0xac,0x93,0x6b,0x8b,0xc9,0x6a,0x0a,0x7b,0xea,0x72,0xe6,0x49,
    0xe6,0x49,0x6b,0x8b,0x2b,0x83,0x88,0x62,0x48,0x5a,0xeb,0x6a,0xeb,0x62,0xca,0x62,
    0xa9,0x62,0x68,0x62,0x47,0x5a,0x68,0x5a,0xa9,0x6a,0xed,0x9b,0xed,0x9b,0x0a,0x7b,
    0x07,0x52,0x6b,0x83,0x90,0xa4,0x2b,0x83,0xcc,0x93,0x4b,0x7b,0xea,0x72,0xac,0x8b,
    0x74,0xbd,0xee,0x93,0xed,0x93,0xee,0x93,0x0e,0x9c,0x2e,0x9c,0x8c,0x83,0xac,0x8b,
    0x90,0xac,0xee,0x93,0x6f,0xa4,0xb4,0xc5,0xb9,0xe6,0xfa,0xee,0xb9,0xe6,0x37,0xd6,
    0x7b,0xf7,0x7b,0xf7,0x5b,0xf7,0x5b,0xef,0x7b,0xf7,0x5b,0xf7,0x7b,0xf7,0x7b,0xf7,
    0x7b,0xf7,0x7b,0xf7,0x7b,0xf7,0x7b,0xf7,0x7b,0xf7,0x7b,0xf7,0x7c,0xf7,0x7b,0xf7,
    0x7b,0xf7,0x7c,0xf7,0x7b,0xf7,0xb8,0xe6,0x9d,0xf7,0x9d,0xf7,0x9d,0xf7,0xbd,0xf7,
    0xbd,0xf7,0xbd,0xf7,0xbd,0xf7,0xbd,0xf7,0xde,0xff,0xfa,0xee,0x77,0xde,0x36,0xde,
    0xb9,0xe6,0x3b,0xf7,0x7b,0xf7,0x5b,0xf7,0x5b,0xf7,0x77,0xe6,0x8f,0xb4,0xf8,0xf6,
    0x92,0xd5,0x6e,0xb4,0xd0,0xc4,0xaf,0xbc,0xcf,0xbc,0x4e,0xb4,0x8b,0x93,0xa8,0x72,
    0x88,0x72,0xcc,0x9b,0x4e,0xac,0x0d,0xa4,0x6e,0xac,0xcc,0x9b,0xc8,0x72,0x2a,0x83,
    0x4b,0x83,0x8b,0x8b,0x0e,0xa4,0xcc,0x9b,0x94,0xcd,0xb8,0xf6,0xd4,0xdd,0x77,0xee,
    0x57,0xee,0x56,0xee,0x36,0xee,0xf5,0xed,0xd4,0xed,0x31,0xdd,0xaf,0xd4,0x31,0xdd,
    0x51,0xdd,0x31,0xdd,0x31,0xdd,0x31,0xdd,0x31,0xdd,0x6e,0xcc,0xd0,0xcc,0x36,0xe6,
    0xb8,0xf6,0xb8,0xf6,0x97,0xf6,0x97,0xf6,0x97,0xf6,0x97,0xf6,0x98,0xf6,0x98,0xf6,
    0x97,0xf6,0x98,0xf6,0x97,0xf6,0xb8,0xf6,0xb8,0xf6,0xb8,0xf6,0xb8,0xf6,0xb8,0xf6,
    0xb8,0xf6,0x98,0xee,0xb7,0xf6,0xb8,0xf6,0xb8,0xf6,0xb8,0xf6,0xb8,0xee,0xb8,0xee,
    0xb8,0xee,0x97,0xee,0x97,0xee,0x97,0xee,0x77,0xee,0xb7,0xf6,0x93,0xdd,0xec,0xbb,
    0xef,0xd4,0x6e,0xbc,0x6e,0xbc,0xf0,0xcc,0xcf,0xcc,0xd0,0xcc,0x4e,0xb4,0xcc,0x9b,
    0x2e,0xa4,0x0d,0xa4,0x0d,0xa4,0xed,0x9b,0x4e,0xac,0x51,0xd5,0x31,0xd5,0x31,0xd5,
    0x31,0xd5,0x11,0xcd,0x31,0xd5,0x31,0xd5,0x31,0xd5,0x31,0xd5,0x6f,0xb4,0x52,0xd5,
    0x2e,0xa4,0x0a,0x7b,0xcc,0x93,0xcd,0x93,0x2e,0xa4,0xac,0x93,0xac,0x93,0x2a,0x83,
    0xe9,0x72,0x0a,0x7b,0x88,0x62,0xea,0x72,0x2b,0x7b,0x8c,0x8b,0xe9,0x72,0xe9,0x72,
    0x48,0x52,0x0b,0x73,0xad,0x83,0xae,0x7b,0x8e,0x7b,0x2b,0x73,0x48,0x5a,0xe6,0x49,
    0xac,0x8b,0x4e,0xa4,0x6b,0x83,0x68,0x5a,0xc9,0x6a,0xee,0x93,0xf2,0xac,0x4b,0x83,
    0x8c,0x8b,0x90,0xa4,0xd6,0xc5,0x8c,0x83,0xee,0x93,0xcd,0x8b,0x4f,0xa4,0x4f,0x9c,
    0x4f,0xa4,0x90,0xa4,0xf2,0xac,0x90,0xac,0xf1,0xb4,0x4f,0xa4,0x16,0xd6,0x5b,0xf7,
    0xb9,0xe6,0x98,0xe6,0x77,0xde,0xb9,0xe6,0x7b,0xf7,0x5a,0xf7,0x5a,0xef,0x5a,0xef,
    0x5b,0xf7,0x7b,0xf7,0x7b,0xf7,0x9c,0xf7,0x9c,0xf7,0x9c,0xf7,0x7c,0xf7,0x7b,0xf7,
    0x7b,0xf7,0x7c,0xf7,0x7c,0xf7,0x7c,0xf7,0x7c,0xf7,0x9c,0xf7,0x7b,0xf7,0xb9,0xe6,
    0x9d,0xf7,0x9c,0xf7,0x9d,0xf7,0x9d,0xf7,0x9d,0xf7,0x9d,0xf7,0xbd,0xf7,0xbd,0xf7,
    0xbd,0xf7,0xde,0xff,0x9d,0xf7,0x77,0xde,0x98,0xe6,0x7c,0xf7,0x9d,0xf7,0x5b,0xf7,
    0x9d,0xff,0x94,0xcd,0x56,0xe6,0xf8,0xf6,0x10,0xc5,0x8f,0xbc,0xaf,0xbc,0xcf,0xc4,
    0x8f,0xbc,0x4e,0xb4,0x8b,0x93,0xc9,0x7a,0xe9,0x7a,0x6e,0xb4,0x6f,0xac,0x0d,0x9c,
    0x4e,0xac,0x2e,0xa4,0x09,0x7b,0x2a,0x83,0x4a,0x83,0xcc,0x9b,0x2e,0xa4,0xac,0x93,
    0xf1,0xbc,0x98,0xee,0x15,0xe6,0x77,0xee,0x56,0xee,0x56,0xee,0x35,0xee,0x15,0xee,
    0x56,0xee,0x56,0xee,0xd4,0xe5,0xb3,0xe5,0x51,0xdd,0xf0,0xd4,0xcf,0xd4,0x10,0xdd,
    0x10,0xdd,0x31,0xdd,0xcf,0xd4,0x4d,0xc4,0xaf,0xcc,0x93,0xdd,0x76,0xee,0xb8,0xf6,
    0xb8,0xf6,0xb8,0xf6,0x97,0xf6,0x97,0xee,0x97,0xf6,0x97,0xee,0x97,0xf6,0x98,0xf6,
    0xb8,0xf6,0xb8,0xee,0xb8,0xf6,0xb8,0xf6,0xb8,0xf6,0xb8,0xf6,0x97,0xee,0xb8,0xf6,
    0xb8,0xf6,0xb8,0xf6,0xb8,0xee,0xb8,0xee,0x98,0xee,0x97,0xee,0x97,0xee,0x77,0xee,
    0x97,0xf6,0x31,0xd5,0xab,0xb3,0x8e,0xcc,0xf0,0xd4,0x2d,0xb4,0xd0,0xcc,0xf0,0xcc,
    0x10,0xd5,0xd0,0xc4,0xac,0x9b,0xac,0x9b,0x0d,0xa4,0xed,0xa3,0xed,0x9b,0x4e,0xb4,
    0x4e,0xac,0x31,0xd5,0x31,0xd5,0x31,0xd5,0x51,0xd5,0xf0,0xcc,0x31,0xd5,0x31,0xd5,
    0x31,0xd5,0x31,0xd5,0x31,0xcd,0x6f,0xb4,0x0a,0x7b,0x6b,0x8b,0xac,0x93,0x0d,0xa4,
    0x0e,0xa4,0xac,0x93,0xcc,0x9b,0x2a,0x7b,0x2a,0x7b,0x0a,0x7b,0xac,0x8b,0x4b,0x83,
    0x4b,0x8b,0xc9,0x6a,0x47,0x5a,0x0a,0x7b,0x2c,0x73,0xea,0x6a,0x0a,0x73,0x6c,0x7b,
    0x6d,0x7b,0x4c,0x73,0x0b,0x6b,0x2b,0x73,0x4e,0xa4,0xac,0x93,0x88,0x62,0xa9,0x6a,
    0x2b,0x7b,0x6c,0x7b,0x6c,0x7b,0xac,0x93,0xac,0x93,0xf1,0xb4,0x7c,0xff,0xd1,0xac,
    0xed,0x93,0x6f,0xa4,0x2e,0x9c,0xed,0x93,0x0e,0x9c,0x6f,0xa4,0x12,0xad,0x53,0xbd,
    0xd1,0xac,0xd1,0xac,0x33,0xbd,0xb9,0xe6,0x98,0xe6,0xb8,0xe6,0xd9,0xee,0xd9,0xe6,
    0x5a,0xf7,0x5a,0xef,0x5a,0xf7,0x5b,0xf7,0x7b,0xf7,0x7c,0xf7,0x9c,0xf7,0x9d,0xf7,
    0xbd,0xf7,0x9d,0xf7,0x9c,0xf7,0x7c,0xf7,0x7c,0xf7,0x7c,0xf7,0x7c,0xf7,0x7c,0xf7,
    0x9c,0xf7,0x9c,0xf7,0x5b,0xf7,0xb8,0xe6,0x9d,0xf7,0x9c,0xf7,0x9d,0xf7,0x9d,0xf7,
    0x9d,0xf7,0x9d,0xf7,0xbd,0xf7,0xbd,0xf7,0xbe,0xf7,0xbe,0xf7,0x3b,0xef,0x9d,0xf7,
    0x7c,0xf7,0xbe,0xff,0xdf,0xff,0xfa,0xee,0x1a,0xef,0xb4,0xd5,0x7b,0xff,0x35,0xe6,
    0xf0,0xcc,0xcf,0xc4,0x8f,0xbc,0xaf,0xbc,0x4e,0xb4,0x6e,0xb4,0x6b,0x8b,0xe9,0x7a,
    0x6b,0x8b,0x6f,0xb4,0x4e,0xa4,0x2e,0xa4,0x0d,0xa4,0x6e,0xac,0x6b,0x8b,0x6b,0x8b,
    0x6b,0x8b,0x8b,0x93,0xcc,0x9b,0xab,0x9b,0x4e,0xac,0xb8,0xee,0x15,0xee,0x36,0xee,
    0x56,0xee,0x56,0xee,0x56,0xee,0x77,0xee,0x77,0xee,0x77,0xee,0x77,0xee,0x97,0xee,
    0x97,0xee,0x36,0xe6,0x52,0xdd,0x11,0xdd,0x72,0xdd,0x72,0xe5,0xb3,0xe5,0xb3,0xe5,
    0xcf,0xd4,0xab,0xbb,0x2d,0xbc,0x31,0xd5,0xd4,0xe5,0x56,0xee,0x98,0xf6,0xb8,0xf6,
    0xb8,0xf6,0x97,0xf6,0x97,0xf6,0x97,0xee,0x97,0xee,0xb8,0xee,0x98,0xee,0x98,0xee,
    0x98,0xee,0x98,0xee,0x97,0xf6,0xb8,0xf6,0xb8,0xf6,0xb8,0xf6,0xb8,0xee,0xb8,0xee,
    0x97,0xee,0x97,0xee,0x77,0xee,0xb7,0xf6,0xcf,0xcc,0x29,0xa3,0x4d,0xc4,0xaf,0xcc,
    0x8f,0xc4,0xaf,0xc4,0x31,0xd5,0x10,0xcd,0x31,0xd5,0x8f,0xb4,0x2e,0xac,0xed,0xa3,
    0xed,0x9b,0xcc,0x9b,0xac,0x9b,0x8e,0xbc,0x6e,0xb4,0x31,0xd5,0x31,0xd5,0x51,0xd5,
    0x52,0xd5,0x31,0xd5,0x51,0xd5,0x31,0xd5,0x31,0xd5,0x31,0xcd,0x51,0xd5,0x0d,0xa4,
    0xc9,0x72,0xac,0x93,0xcc,0x9b,0x2e,0xac,0xac,0x93,0xac,0x93,0xac,0x93,0x2a,0x7b,
    0x0a,0x7b,0x8c,0x8b,0x2b,0x7b,0x2a,0x7b,0x6b,0x8b,0x68,0x5a,0x88,0x62,0x6c,0x83,
    0x0f,0x8c,0x50,0x94,0x8d,0x7b,0xea,0x72,0x2b,0x7b,0x2b,0x7b,0xea,0x6a,0xac,0x93,
    0xcd,0x93,0xea,0x72,0x0a,0x73,0xea,0x72,0xea,0x6a,0x4c,0x73,0x0a,0x73,0x0e,0x9c,
    0xed,0x93,0x57,0xd6,0xb9,0xe6,0x2e,0x9c,0xed,0x93,0x4f,0x9c,0x4f,0x9c,0x33,0xb5,
    0x33,0xb5,0xcd,0x93,0x94,0xbd,0xb4,0xc5,0x4f,0xa4,0x0e,0x9c,0xcd,0x8b,0x77,0xde,
    0xfa,0xee,0xd9,0xe6,0xd9,0xe6,0xd9,0xe6,0x5b,0xf7,0x5b,0xf7,0x5a,0xf7,0x5b,0xf7,
    0x7b,0xf7,0x9c,0xf7,0x9d,0xf7,0xbd,0xf7,0xbd,0xf7,0xbd,0xf7,0xbd,0xf7,0x9c,0xf7,
    0x9c,0xf7,0x7c,0xf7,0x9c,0xf7,0x9c,0xf7,0x7c,0xf7,0x9c,0xf7,0x5b,0xef,0x77,0xe6,
    0xbd,0xf7,0x9d,0xf7,0x9d,0xf7,0x9d,0xf7,0x9d,0xf7,0xbd,0xf7,0xbe,0xf7,0xbe,0xf7,
    0xbe,0xf7,0x9d,0xf7,0x1b,0xef,0xdf,0xff,0xbe,0xff,0x7c,0xf7,0x3b,0xf7,0x1a,0xf7,
    0xfa,0xee,0x97,0xee,0x7b,0xff,0x92,0xdd,0xef,0xcc,0x8e,0xbc,0xaf,0xbc,0x8f,0xbc,
    0x4e,0xb4,0x6e,0xb4,0xe9,0x7a,0x2a,0x83,0xab,0x93,0x8f,0xb4,0x2e,0xa4,0x0d,0xa4,
    0x2e,0xa4,0x2e,0xac,0xe9,0x7a,0x2a,0x83,0x2a,0x83,0xcc,0x9b,0xac,0x9b,0xac,0x9b,
    0x0d,0xac,0x57,0xe6,0xf4,0xed,0x14,0xee,0x35,0xee,0x56,0xee,0x77,0xee,0x97,0xee,
    0x77,0xee,0x77,0xee,0x77,0xee,0x77,0xee,0x97,0xee,0x98,0xee,0x98,0xee,0x56,0xee,
    0xf4,0xe5,0x72,0xdd,0x31,0xdd,0x92,0xdd,0x71,0xdd,0x30,0xdd,0x51,0xdd,0x10,0xd5,
    0xf0,0xd4,0x10,0xd5,0xf0,0xd4,0x31,0xd5,0xf4,0xe5,0x56,0xee,0x97,0xf6,0xb8,0xf6,
    0xb8,0xf6,0x97,0xee,0x97,0xee,0x97,0xee,0x97,0xee,0x97,0xee,0x97,0xee,0xb8,0xee,
    0xb8,0xee,0xb8,0xee,0xb8,0xee,0xb8,0xee,0x97,0xee,0xb8,0xee,0xf8,0xfe,0x4e,0xb4,
    0xc8,0x92,0x8e,0xcc,0x8e,0xc4,0xaf,0xcc,0x8f,0xbc,0x31,0xd5,0x31,0xd5,0x31,0xd5,
    0x11,0xcd,0x6f,0xb4,0xaf,0xc4,0xac,0x93,0xcc,0x9b,0xcc,0x9b,0xac,0x93,0x8f,0xbc,
    0x8f,0xbc,0x51,0xd5,0x51,0xd5,0x51,0xd5,0x31,0xd5,0x31,0xd5,0x51,0xd5,0x51,0xd5,
    0x31,0xd5,0x31,0xd5,0x31,0xd5,0x2a,0x83,0x4b,0x83,0x8c,0x93,0x4e,0xac,0x2e,0xac,
    0x4b,0x83,0x8b,0x8b,0x6b,0x8b,0xe9,0x72,0x8b,0x8b,0xe9,0x72,0xc9,0x6a,0xac,0x93,
    0x8d,0x83,0x2c,0x6b,0xe9,0x72,0x8c,0x83,0x50,0x94,0x91,0x9c,0x71,0x9c,0xae,0x83,
    0x8d,0x83,0xad,0x83,0x8c,0x83,0xed,0x9b,0x6c,0x83,0xce,0x8b,0x0f,0x8c,0xee,0x83,
    0x0f,0x84,0x2c,0x6b,0x0a,0x73,0x2e,0xa4,0x0e,0x94,0x54,0xb5,0x2e,0x9c,0xed,0x93,
    0x4e,0x9c,0x0e,0x9c,0x4f,0x9c,0xb5,0xbd,0x33,0xb5,0xcd,0x93,0x98,0xde,0x73,0xbd,
    0xee,0x9b,0x6f,0xa4,0xed,0x93,0x53,0xbd,0x1a,0xef,0xd9,0xe6,0xd9,0xe6,0xd9,0xee,
    0x5b,0xf7,0x5b,0xf7,0x5b,0xef,0x7b,0xf7,0x7c,0xf7,0x9c,0xf7,0xbd,0xf7,0xbd,0xff,
    0xbe,0xff,0xbe,0xff,0xbd,0xf7,0x9d,0xf7,0x9c,0xf7,0x9c,0xf7,0x9c,0xf7,0x9c,0xf7,
    0x7c,0xf7,0x9c,0xf7,0x3a,0xef,0x16,0xde,0xbd,0xf7,0x9d,0xf7,0x9d,0xf7,0xbd,0xf7,
    0xbe,0xf7,0xbe,0xf7,0xbe,0xf7,0xbe,0xf7,0xde,0xf7,0x5b,0xf7,0x3b,0xf7,0xff,0xff,
    0xdf,0xff,0xfa,0xee,0x1a,0xef,0x9d,0xf7,0x98,0xe6,0x3a,0xf7,0xf9,0xf6,0x30,0xd5,
    0x10,0xd5,0x8e,0xbc,0x8e,0xbc,0x6e,0xb4,0x6e,0xb4,0x4e,0xac,0xc8,0x72,0xac,0x9b,
    0xcc,0x9b,0x4e,0xac,0x2e,0xa4,0x0d,0xa4,0x0d,0xa4,0x4e,0xac,0xac,0x93,0x0a,0x83,
    0x2a,0x83,0xcc,0x9b,0xcc,0x9b,0x0d,0xa4,0x6e,0xb4,0x12,0xbd,0xd9,0xf6,0x14,0xee,
    0x14,0xee,0x35,0xee,0x56,0xee,0x97,0xee,0x97,0xee,0x97,0xee,0x97,0xee,0x97,0xee,
    0x97,0xee,0x97,0xee,0x97,0xee,0x77,0xee,0x77,0xee,0x56,0xee,0xd4,0xe5,0x72,0xdd,
    0x10,0xd5,0xcf,0xd4,0x31,0xdd,0x51,0xdd,0x51,0xdd,0x52,0xdd,0x51,0xdd,0x10,0xd5,
    0xcf,0xd4,0xcf,0xd4,0x31,0xdd,0x52,0xd5,0xd4,0xdd,0xb8,0xf6,0xd8,0xf6,0xd8,0xf6,
    0xb8,0xf6,0x97,0xee,0x77,0xee,0x97,0xee,0x97,0xee,0x97,0xee,0x98,0xee,0x97,0xee,
    0xd8,0xf6,0xb8,0xf6,0x0e,0xa4,0x68,0x62,0xc9,0x72,0xcc,0xa3,0xef,0xd4,0xaf,0xc4,
    0xf0,0xcc,0x31,0xd5,0x10,0xd5,0x51,0xd5,0x8f,0xb4,0xf0,0xc4,0x6e,0xbc,0x8b,0x93,
    0xcc,0x9b,0xcc,0x93,0xcc,0x9b,0xcf,0xc4,0x8f,0xbc,0x51,0xd5,0x51,0xd5,0x51,0xd5,
    0x31,0xd5,0x52,0xd5,0x51,0xd5,0x51,0xd5,0x31,0xcd,0x31,0xd5,0xaf,0xbc,0x6b,0x8b,
    0x8c,0x8b,0xcc,0x9b,0xed,0x9b,0xac,0x93,0x4b,0x83,0xcc,0x9b,0xc9,0x72,0x4b,0x83,
    0xf1,0xc4,0x8c,0x93,0x4b,0x8b,0xac,0x8b,0xef,0x8b,0xef,0x8b,0x8c,0x8b,0x4b,0x83,
    0xae,0x83,0xd2,0xa4,0xb2,0xa4,0xb2,0x9c,0xce,0x83,0x4c,0x7b,0xed,0x9b,0xcd,0x93,
    0xee,0x8b,0x72,0x94,0x92,0x94,0x10,0x84,0x0f,0x84,0x8d,0x73,0x4b,0x83,0x0d,0x9c,
    0xac,0x8b,0xcd,0x93,0x8b,0x83,0x4b,0x7b,0x2e,0x9c,0xee,0x93,0x4f,0x9c,0x16,0xce,
    0xf2,0xb4,0xb1,0xac,0x3a,0xf7,0x90,0xa4,0x0e,0x9c,0x12,0xb5,0x53,0xbd,0x70,0xa4,
    0x1a,0xef,0xd9,0xe6,0xd9,0xe6,0xd9,0xee,0x5b,0xf7,0x5b,0xf7,0x5b,0xef,0x7b,0xf7,
    0x7c,0xf7,0x9d,0xf7,0xbd,0xf7,0xbd,0xff,0xbe,0xff,0xbe,0xff,0xbe,0xf7,0xbd,0xf7,
    0x9d,0xf7,0x9c,0xf7,0x9c,0xf7,0x9c,0xf7,0x9c,0xf7,0x9c,0xf7,0x7b,0xf7,0x16,0xde,
    0x9d,0xf7,0xbd,0xf7,0x9d,0xf7,0xbd,0xf7,0xbe,0xf7,0xbe,0xf7,0xbe,0xf7,0xbe,0xf7,
    0xde,0xf7,0x7c,0xf7,0x9d,0xf7,0xbe,0xff,0xd9,0xee,0x1a,0xef,0x7d,0xf7,0x1a,0xef,
    0x77,0xe6,0xbd,0xff,0x97,0xee,0x10,0xd5,0x30,0xd5,0x31,0xcd,0x6e,0xb4,0x6e,0xb4,
    0xaf,0xbc,0x4e,0xac,0x8b,0x93,0xcc,0x9b,0x2d,0xa4,0x8f,0xb4,0x2e,0xa4,0x0d,0xa4,
    0x4e,0xac,0x2d,0xa4,0x2d,0xa4,0x2a,0x83,0x2a,0x83,0xec,0x9b,0x0d,0xa4,0x4e,0xac,
    0xf0,0xbc,0x6e,0xb4,0xf2,0xbc,0x97,0xee,0x55,0xf6,0x14,0xee,0x35,0xee,0x77,0xee,
    0x77,0xee,0x97,0xee,0x97,0xee,0x97,0xee,0x97,0xee,0x97,0xee,0x97,0xee,0x97,0xee,
    0x77,0xee,0x77,0xee,0x77,0xee,0x36,0xee,0xd4,0xed,0x31,0xdd,0xf0,0xd4,0x10,0xd5,
    0x51,0xdd,0x51,0xdd,0x52,0xdd,0x72,0xdd,0x72,0xdd,0x51,0xdd,0x31,0xdd,0xcf,0xd4,
    0x4d,0xc4,0x2a,0x8b,0x4f,0xa4,0x93,0xcd,0x15,0xde,0x97,0xee,0xb8,0xf6,0xb8,0xf6,
    0x97,0xee,0x97,0xee,0x97,0xf6,0xd8,0xfe,0x56,0xe6,0x4b,0x83,0x68,0x62,0x2b,0x7b,
    0x0a,0x7b,0x0a,0x73,0x8b,0x93,0xef,0xcc,0x10,0xcd,0x10,0xcd,0x10,0xd5,0xf0,0xc4,
    0x4e,0xac,0x31,0xd5,0x2e,0xac,0x8b,0x93,0xcc,0x9b,0xac,0x93,0x4e,0xac,0x10,0xcd,
    0xaf,0xbc,0x52,0xd5,0x51,0xd5,0x31,0xd5,0x31,0xd5,0x51,0xd5,0x51,0xd5,0x51,0xd5,
    0x51,0xd5,0x51,0xd5,0xcc,0x9b,0x8b,0x8b,0xcc,0x9b,0xcc,0x9b,0xcc,0x9b,0x8b,0x8b,
    0x6b,0x8b,0xcc,0x9b,0x0a,0x7b,0xd0,0xbc,0xf1,0xc4,0x8c,0x8b,0x0a,0x7b,0xce,0x83,
    0x50,0x94,0xce,0x83,0x8c,0x8b,0x8c,0x83,0x8c,0x83,0xed,0x8b,0xee,0x8b,0xce,0x8b,
    0xcd,0x8b,0x0e,0x9c,0xac,0x8b,0xad,0x83,0x30,0x8c,0x71,0x94,0x30,0x8c,0xee,0x8b,
    0x2b,0x73,0x48,0x5a,0x8c,0x8b,0x8c,0x8b,0x6c,0x83,0xcd,0x8b,0x6c,0x7b,0x2b,0x73,
    0xea,0x6a,0x2b,0x7b,0x98,0xde,0x16,0xd6,0x4f,0x9c,0xd9,0xe6,0x57,0xd6,0x90,0xa4,
    0x4f,0xa4,0xd5,0xcd,0x37,0xd6,0x4f,0x9c,0xd9,0xee,0xd9,0xee,0xd9,0xee,0xd9,0xe6,
    0x5b,0xf7,0x5b,0xef,0x5b,0xef,0x7b,0xf7,0x7c,0xf7,0x9c,0xf7,0xbd,0xf7,0xbd,0xff,
    0xbe,0xff,0xbe,0xff,0xbd,0xf7,0xbd,0xf7,0x9d,0xf7,0x9c,0xf7,0x9c,0xf7,0x9c,0xf7,
    0x9d,0xf7,0x9c,0xf7,0xbd,0xf7,0x36,0xde,0xb9,0xe6,0xde,0xff,0x9d,0xf7,0xbe,0xf7,
    0xbe,0xf7,0xbe,0xf7,0xbe,0xf7,0xde,0xff,0xbe,0xf7,0x7c,0xf7,0xbe,0xff,0xd9,0xee,
    0xfa,0xee,0xde,0xf7,0x3b,0xef,0x57,0xe6,0x97,0xee,0xbd,0xff,0xf4,0xe5,0x31,0xd5,
    0x51,0xd5,0x72,0xd5,0xd0,0xbc,0xd0,0xbc,0x11,0xbd,0x4e,0xac,0x8b,0x93,0xcc,0x9b,
    0x6e,0xb4,0x31,0xc5,0x2e,0xa4,0x4e,0xac,0x6e,0xac,0x0d,0xa4,0x4e,0xac,0xcc,0x9b,
    0xe9,0x7a,0xcc,0x9b,0x0d,0xa4,0x4e,0xac,0xd0,0xbc,0x31,0xc5,0x2d,0xac,0xed,0xa3,
    0x31,0xd5,0x55,0xf6,0x15,0xee,0x56,0xee,0x77,0xee,0x97,0xee,0x97,0xee,0x97,0xee,
    0x97,0xee,0x97,0xee,0x97,0xee,0x97,0xee,0x77,0xee,0x77,0xee,0x57,0xee,0x57,0xee,
    0x56,0xee,0x36,0xee,0xf4,0xed,0x51,0xdd,0xcf,0xd4,0x31,0xdd,0x52,0xdd,0x52,0xdd,
    0x92,0xe5,0x92,0xdd,0x92,0xdd,0x72,0xdd,0x71,0xe5,0x0d,0xbc,0x0a,0x7b,0xee,0x9b,
    0xad,0x93,0xee,0x9b,0xd1,0xbc,0x52,0xcd,0x15,0xe6,0x35,0xee,0xf4,0xe5,0xb0,0xb4,
    0xc9,0x72,0x88,0x62,0xc9,0x6a,0xea,0x72,0xea,0x72,0x0a,0x73,0x4b,0x83,0xab,0x9b,
    0x10,0xd5,0xf0,0xcc,0x10,0xcd,0x4e,0xb4,0xd0,0xc4,0x31,0xd5,0x2d,0xac,0xac,0x93,
    0xed,0x9b,0xac,0x93,0x8f,0xb4,0x31,0xcd,0xd0,0xc4,0x11,0xcd,0x52,0xd5,0x31,0xd5,
    0x31,0xd5,0x51,0xd5,0x51,0xd5,0x52,0xd5,0x72,0xd5,0x6e,0xac,0x6b,0x8b,0xed,0x9b,
    0xed,0x9b,0xcd,0x9b,0xed,0x9b,0x0a,0x83,0xac,0x93,0xac,0x93,0x0d,0xa4,0xd0,0xc4,
    0xcd,0x9b,0x2b,0x7b,0x0a,0x73,0xef,0x8b,0x71,0x9c,0xef,0x8b,0x4b,0x83,0xef,0x8b,
    0x71,0x94,0xee,0x8b,0xad,0x8b,0x6b,0x83,0xac,0x8b,0x6c,0x83,0xad,0x83,0xce,0x8b,
    0xad,0x8b,0x8c,0x8b,0x8c,0x83,0x8c,0x83,0xce,0x83,0x4b,0x7b,0xcc,0x9b,0x0a,0x73,
    0xef,0x8b,0x91,0x94,0xd3,0x9c,0xd2,0x9c,0x71,0x94,0x30,0x8c,0x2f,0x8c,0x0f,0x94,
    0x99,0xde,0x7c,0xff,0xd1,0xac,0x6f,0xa4,0x6f,0xa4,0xfa,0xee,0x57,0xde,0x4f,0x9c,
    0xb8,0xe6,0xd9,0xee,0xd9,0xe6,0xd9,0xee,0x5b,0xef,0x5b,0xf7,0x5b,0xf7,0x7b,0xf7,
    0x7b,0xf7,0x9c,0xf7,0x9d,0xf7,0xbd,0xff,0xbd,0xff,0xbd,0xf7,0xbd,0xf7,0x9d,0xf7,
    0x9c,0xf7,0x9c,0xf7,0x9c,0xf7,0x9d,0xf7,0x9d,0xf7,0x9d,0xf7,0xbd,0xf7,0x1a,0xef,
    0x57,0xde,0x9d,0xf7,0xbe,0xf7,0xbd,0xf7,0xbe,0xf7,0xbe,0xf7,0xbe,0xff,0xdf,0xff,
    0x5c,0xf7,0x1a,0xef,0xd9,0xee,0x3a,0xef,0xde,0xf7,0x9d,0xf7,0xb8,0xee,0xf4,0xdd,
    0x1a,0xf7,0x19,0xf7,0x51,0xd5,0x31,0xd5,0x51,0xd5,0xaf,0xbc,0x31,0xc5,0xf0,0xbc,
    0xd0,0xbc,0x6e,0xb4,0xab,0x9b,0xcc,0xa3,0x8f,0xb4,0x11,0xc5,0x4e,0xac,0x4e,0xac,
    0x4e,0xac,0x2d,0xa4,0x2d,0xa4,0x0d,0xa4,0x2a,0x83,0x6b,0x8b,0x0d,0xa4,0x4e,0xac,
    0x52,0xcd,0x11,0xc5,0x6f,0xac,0x2e,0xac,0x0d,0xac,0x11,0xcd,0xb7,0xf6,0x56,0xee,
    0x77,0xee,0x77,0xee,0x97,0xee,0x97,0xee,0x97,0xee,0x97,0xee,0x97,0xee,0x97,0xee,
    0x97,0xee,0x77,0xee,0x77,0xee,0x77,0xee,0x77,0xee,0x77,0xee,0x56,0xee,0x35,0xee,
    0x93,0xe5,0x51,0xdd,0x92,0xe5,0xd3,0xe5,0xb3,0xe5,0x93,0xe5,0x72,0xdd,0x72,0xdd,
    0x51,0xdd,0x51,0xe5,0x8b,0x93,0xee,0x9b,0x0e,0x9c,0xcd,0x93,0x0e,0x9c,0x6c,0x8b,
    0x0a,0x7b,0x6b,0x8b,0x0a,0x7b,0x4b,0x8b,0x0a,0x73,0xc9,0x6a,0xa9,0x62,0xca,0x6a,
    0xc9,0x6a,0x89,0x62,0xc9,0x6a,0xad,0x8b,0x0d,0xac,0x30,0xd5,0x6e,0xbc,0xaf,0xbc,
    0x11,0xcd,0x31,0xd5,0x2d,0xa4,0xcc,0x9b,0xed,0xa3,0xcc,0x9b,0x11,0xc5,0x10,0xcd,
    0x31,0xd5,0xf0,0xc4,0xf0,0xc4,0x10,0xcd,0x72,0xdd,0x31,0xcd,0x51,0xd5,0x11,0xc5,
    0x2e,0xac,0x8b,0x8b,0x6b,0x8b,0x0d,0xa4,0xcd,0x9b,0xcc,0x9b,0xac,0x93,0xe9,0x72,
    0x8b,0x8b,0xac,0x9b,0xaf,0xbc,0xcd,0x9b,0xa9,0x6a,0x4b,0x7b,0xee,0x8b,0xae,0x83,
    0x71,0x9c,0xce,0x83,0x4a,0x83,0x30,0x8c,0xb3,0x94,0x92,0x9c,0xee,0x8b,0x8b,0x8b,
    0xef,0x8b,0x72,0x8c,0x71,0x8c,0x30,0x8c,0x50,0x8c,0x71,0x94,0x92,0x94,0xd3,0x9c,
    0xb2,0x9c,0xed,0x9b,0xac,0x93,0xef,0x83,0xce,0x83,0x71,0x94,0x14,0xa5,0x14,0xa5,
    0x14,0xa5,0xf3,0x9c,0x0f,0x84,0x50,0x94,0xd2,0xa4,0xf2,0xac,0xad,0x8b,0x90,0xa4,
    0x57,0xde,0x3b,0xf7,0x37,0xd6,0x6f,0xa4,0xb9,0xe6,0xd9,0xee,0xd9,0xee,0xd9,0xee,
    0x5b,0xf7,0x7b,0xf7,0x5b,0xf7,0x7b,0xf7,0x7b,0xf7,0x7c,0xf7,0x9d,0xf7,0xbd,0xf7,
    0xbd,0xf7,0xbd,0xf7,0xbd,0xf7,0x9d,0xf7,0x9c,0xf7,0x9c,0xf7,0x9c,0xf7,0x9d,0xf7,
    0x9d,0xf7,0x9d,0xf7,0x9d,0xf7,0x7d,0xf7,0xfa,0xee,0x3b,0xef,0xbd,0xf7,0xde,0xff,
    0xde,0xf7,0xde,0xff,0xde,0xff,0x9d,0xf7,0xb9,0xee,0xb8,0xee,0x7c,0xf7,0xde,0xf7,
    0xde,0xf7,0x7c,0xf7,0xd4,0xd5,0x77,0xee,0xbd,0xff,0x76,0xee,0x10,0xcd,0x51,0xd5,
    0x10,0xcd,0x6e,0xb4,0x10,0xc5,0xf1,0xbc,0x32,0xc5,0xab,0x9b,0xab,0x9b,0xec,0xa3,
    0xaf,0xbc,0xf0,0xc4,0x6e,0xb4,0x2d,0xa4,0x2d,0xac,0x2e,0xac,0x0d,0xa4,0x2d,0xac,
    0xed,0xa3,0x2a,0x83,0x0d,0xa4,0x4e,0xac,0x52,0xcd,0x52,0xcd,0x6f,0xac,0x8f,0xb4,
    0x11,0xc5,0x6e,0xb4,0x32,0xc5,0xf9,0xf6,0x77,0xee,0x77,0xee,0x77,0xee,0x97,0xee,
    0x97,0xee,0x97,0xee,0x97,0xee,0x97,0xee,0x97,0xee,0x77,0xee,0x77,0xee,0x77,0xee,
    0x77,0xee,0x77,0xee,0x77,0xee,0x77,0xee,0x56,0xee,0xf4,0xed,0xd4,0xed,0x36,0xee,
    0x56,0xee,0x36,0xee,0xd4,0xe5,0x72,0xdd,0x31,0xdd,0x51,0xe5,0x4e,0xbc,0xad,0x93,
    0x0e,0x9c,0xad,0x93,0x4f,0xa4,0x2f,0x9c,0x6c,0x83,0xad,0x8b,0xad,0x93,0xed,0x9b,
    0x2b,0x83,0x89,0x62,0x68,0x62,0xc9,0x6a,0xea,0x72,0xea,0x72,0x2f,0x9c,0x32,0xbd,
    0x4f,0xa4,0xec,0xa3,0xef,0xcc,0x10,0xcd,0x11,0xcd,0x31,0xd5,0x0d,0xa4,0xed,0x9b,
    0xed,0x9b,0xed,0x9b,0x52,0xd5,0xaf,0xbc,0x51,0xd5,0x51,0xd5,0xf0,0xc4,0x2d,0xa4,
    0x8f,0xbc,0x4e,0xb4,0x0d,0xa4,0x0d,0xa4,0xcc,0xa3,0xac,0x93,0xcc,0x9b,0xed,0x9b,
    0xed,0x9b,0xcc,0x9b,0x8b,0x93,0xc9,0x72,0x2a,0x83,0x0d,0xac,0x8b,0x93,0x88,0x62,
    0x4b,0x7b,0x0f,0x94,0x91,0xa4,0x30,0x94,0xef,0x8b,0x6c,0x7b,0x4a,0x83,0x6c,0x7b,
    0xad,0x83,0x6b,0x83,0x8c,0x83,0x71,0x94,0xf3,0x9c,0xd3,0x9c,0xb3,0x9c,0xb2,0x94,
    0xb2,0x94,0xd3,0x9c,0xd3,0x9c,0xf4,0x9c,0x2f,0x9c,0xcc,0x93,0x30,0x8c,0xd3,0x9c,
    0x71,0x94,0xce,0x83,0x0f,0x8c,0x50,0x94,0x70,0x94,0xee,0x8b,0x50,0x94,0xd2,0x9c,
    0x91,0x9c,0x51,0x94,0xef,0x83,0x13,0xad,0xd9,0xde,0x7c,0xf7,0xd5,0xcd,0xd1,0xac,
    0xfa,0xee,0xb9,0xe6,0xfa,0xee,0xd9,0xe6,0x7b,0xf7,0x7b,0xf7,0x7b,0xf7,0x7b,0xf7,
    0x7b,0xf7,0x7c,0xf7,0x9c,0xf7,0x9d,0xf7,0xbd,0xf7,0xbd,0xf7,0x9d,0xf7,0x9d,0xf7,
    0x9d,0xf7,0x9c,0xf7,0x9c,0xf7,0x9d,0xf7,0x9d,0xf7,0x9d,0xf7,0xbd,0xf7,0xbd,0xf7,
    0x7c,0xf7,0x1a,0xef,0x3b,0xf7,0x1a,0xef,0x9d,0xf7,0x9d,0xf7,0x7c,0xf7,0x1a,0xef,
    0x77,0xe6,0xbe,0xf7,0x9d,0xf7,0xbd,0xff,0xde,0xff,0x1b,0xef,0x93,0xd5,0x1a,0xf7,
    0xbd,0xff,0xf4,0xdd,0x31,0xd5,0x71,0xd5,0xf0,0xc4,0x11,0xc5,0x31,0xc5,0xd4,0xd5,
    0x31,0xc5,0x8b,0x93,0x4a,0x8b,0x4e,0xac,0xd0,0xbc,0x31,0xcd,0x8f,0xb4,0x2d,0xac,
    0x2d,0xac,0x6e,0xb4,0x0d,0xa4,0x4e,0xb4,0xcf,0xbc,0xcc,0x9b,0xcc,0x9b,0xd0,0xbc,
    0x72,0xcd,0x52,0xcd,0x6f,0xb4,0xaf,0xb4,0xd0,0xbc,0xf1,0xbc,0xb0,0xbc,0xf1,0xbc,
    0xd9,0xee,0x77,0xee,0x56,0xee,0x77,0xee,0x77,0xee,0x97,0xee,0x97,0xee,0x97,0xee,
    0x97,0xee,0x97,0xee,0x77,0xee,0x77,0xee,0x77,0xee,0x77,0xee,0x77,0xee,0x77,0xee,
    0x77,0xee,0x15,0xee,0xd4,0xed,0x15,0xee,0x56,0xee,0x56,0xee,0x56,0xee,0x15,0xe6,
    0x72,0xdd,0x52,0xdd,0xf0,0xcc,0xac,0x93,0x4f,0xa4,0xcd,0x93,0x2f,0x9c,0x2f,0x9c,
    0x4f,0xa4,0x4f,0xa4,0xac,0x8b,0xcc,0x93,0x4b,0x83,0x88,0x62,0x68,0x5a,0xa9,0x6a,
    0xea,0x72,0xea,0x72,0xb1,0xa4,0x50,0x9c,0x0f,0x94,0x6d,0x83,0x2e,0xac,0x10,0xd5,
    0x10,0xcd,0x10,0xcd,0xcd,0x9b,0xcd,0x9b,0xed,0x9b,0x2e,0xa4,0x51,0xd5,0xaf,0xbc,
    0x51,0xd5,0x31,0xcd,0x31,0xd5,0x30,0xcd,0x8f,0xbc,0x6e,0xb4,0xaf,0xbc,0xf0,0xcc,
    0x6e,0xb4,0xac,0x93,0xed,0x9b,0xed,0x9b,0xed,0x9b,0xcc,0x9b,0x8b,0x93,0x27,0x5a,
    0xa8,0x72,0x6b,0x93,0x4b,0x8b,0x8c,0x83,0x50,0x9c,0xb2,0xa4,0xb2,0xa4,0xb2,0xa4,
    0xb2,0x9c,0xac,0x8b,0x4a,0x83,0xae,0x7b,0xad,0x83,0xce,0x83,0xb3,0x94,0xf3,0x9c,
    0xd3,0x9c,0xd3,0x9c,0xd3,0x94,0xd3,0x9c,0x30,0x8c,0x92,0x94,0x14,0xa5,0x70,0x9c,
    0xed,0x9b,0x2f,0x94,0xf3,0x9c,0xb2,0x9c,0xb3,0x9c,0xd3,0x9c,0xb2,0x9c,0xd3,0x9c,
    0xf3,0xa4,0xd3,0x9c,0xb2,0x9c,0x71,0x94,0x71,0x94,0xd2,0x9c,0xf3,0xa4,0xd3,0x9c,
    0xd3,0x9c,0xb6,0xbd,0x91,0xa4,0xb5,0xcd,0x5b,0xf7,0xfa,0xee,0x77,0xde,0xd5,0xcd,
    0x7b,0xf7,0x7b,0xf7,0x7b,0xf7,0x7b,0xf7,0x7c,0xf7,0x9c,0xf7,0x9c,0xf7,0x9d,0xf7,
    0xbd,0xf7,0xbd,0xf7,0xbd,0xf7,0x9d,0xf7,0x9d,0xf7,0x9d,0xf7,0x9d,0xf7,0x9d,0xf7,
    0x9d,0xf7,0xbd,0xf7,0xbd,0xf7,0xbd,0xf7,0xbe,0xf7,0xbd,0xf7,0x9d,0xf7,0x3b,0xf7,
    0x7c,0xf7,0x7c,0xf7,0xbd,0xf7,0x1a,0xef,0x3b,0xef,0xbe,0xf7,0x9d,0xf7,0xbe,0xff,
    0xde,0xff,0x77,0xde,0xf5,0xdd,0xde,0xff,0x3b,0xf7,0x51,0xd5,0x30,0xd5,0x51,0xd5,
    0xf4,0xdd,0x8f,0xbc,0x16,0xd6,0x57,0xde,0xd0,0xbc,0xcc,0x9b,0x0d,0xa4,0xaf,0xbc,
    0x31,0xc5,0x51,0xcd,0xd0,0xbc,0x2e,0xac,0x8f,0xb4,0xaf,0xbc,0x2e,0xa4,0x4e,0xb4,
    0x32,0xcd,0xaf,0xb4,0xab,0x9b,0xd0,0xbc,0x52,0xcd,0x31,0xc5,0x8f,0xb4,0x6f,0xb4,
    0xb0,0xb4,0xd0,0xbc,0x11,0xbd,0xd0,0xbc,0x73,0xcd,0xfa,0xee,0x97,0xee,0x56,0xee,
    0x77,0xee,0x77,0xee,0x97,0xee,0x97,0xee,0x97,0xee,0x97,0xee,0x97,0xee,0x77,0xee,
    0x97,0xee,0x97,0xee,0x77,0xee,0x77,0xee,0x77,0xee,0x76,0xee,0x15,0xee,0xf4,0xed,
    0x36,0xee,0x56,0xee,0x36,0xee,0x56,0xee,0x36,0xee,0xb3,0xe5,0x52,0xdd,0xcd,0x9b,
    0x4f,0xa4,0xcd,0x93,0x0e,0x9c,0x2e,0x9c,0xd1,0xac,0xb0,0xac,0xad,0x93,0x8c,0x8b,
    0xea,0x72,0xea,0x72,0x6c,0x83,0x48,0x5a,0x68,0x5a,0xce,0x83,0x71,0x94,0x30,0x94,
    0x0f,0x8c,0xef,0x8b,0x2b,0x7b,0xaf,0xc4,0x31,0xd5,0xaf,0xc4,0x8b,0x8b,0xcc,0x9b,
    0xac,0x93,0xd0,0xbc,0x31,0xcd,0x10,0xcd,0x51,0xd5,0x31,0xd5,0x31,0xd5,0x31,0xd5,
    0x51,0xd5,0x51,0xd5,0x51,0xd5,0xd0,0xc4,0xac,0x93,0xac,0x93,0xcd,0x9b,0xcd,0x9b,
    0xed,0x9b,0xac,0x93,0x8b,0x8b,0xe9,0x7a,0x4a,0x8b,0xac,0x9b,0x8c,0x8b,0x50,0x9c,
    0xd2,0xa4,0xd2,0xa4,0xd2,0xa4,0xd2,0xa4,0x92,0x9c,0x8c,0x8b,0xae,0x83,0x92,0x94,
    0x71,0x8c,0x92,0x94,0xb3,0x9c,0xb2,0x9c,0x10,0x84,0xd2,0x9c,0xf3,0x9c,0xf3,0x9c,
    0x71,0x94,0xce,0x83,0xac,0x83,0xcd,0x8b,0x71,0x94,0xf3,0x9c,0xd3,0x9c,0xb3,0x9c,
    0xb3,0x9c,0xb2,0x94,0xb3,0x9c,0xb3,0x9c,0xb2,0x94,0xb2,0x9c,0xd3,0xa4,0x33,0xad,
    0x13,0xa5,0x92,0x94,0xb2,0x94,0xd3,0x9c,0xf4,0x9c,0xd4,0x9c,0x92,0x94,0xb2,0x9c,
    0x53,0xb5,0x12,0xb5,0xb4,0xc5,0xb8,0xe6,0x7c,0xf7,0x7c,0xf7,0x7c,0xf7,0x7c,0xf7,
    0x9c,0xf7,0x9c,0xf7,0x9c,0xf7,0x9d,0xf7,0x9d,0xf7,0x9d,0xf7,0x9d,0xf7,0xbd,0xf7,
    0x9d,0xf7,0x9d,0xf7,0x9d,0xf7,0xbd,0xf7,0xbd,0xf7,0xbd,0xf7,0xbe,0xf7,0xbe,0xf7,
    0xbd,0xf7,0xbd,0xf7,0xbe,0xf7,0xbe,0xf7,0xbd,0xf7,0xde,0xff,0x9d,0xf7,0xfa,0xee,
    0x7d,0xf7,0x9d,0xf7,0x9d,0xf7,0xde,0xff,0xbe,0xf7,0x93,0xd5,0x98,0xee,0xde,0xff,
    0x77,0xee,0xf0,0xd4,0xb3,0xdd,0xf4,0xdd,0xcf,0xc4,0x8f,0xb4,0x7b,0xf7,0x15,0xde,
    0xb0,0xb4,0xec,0xa3,0x6e,0xb4,0x11,0xc5,0x31,0xcd,0x31,0xc5,0xf0,0xc4,0x6e,0xb4,
    0xaf,0xbc,0xf0,0xc4,0x2e,0xa4,0x4e,0xac,0x52,0xcd,0x11,0xc5,0x4e,0xac,0x6e,0xac,
    0x11,0xc5,0x31,0xc5,0xaf,0xbc,0x6e,0xac,0x8f,0xb4,0xf1,0xbc,0xd0,0xbc,0xf1,0xbc,
    0x93,0xcd,0x32,0xc5,0xd9,0xee,0xb8,0xf6,0x56,0xee,0x77,0xee,0x77,0xee,0x77,0xee,
    0x97,0xee,0x97,0xee,0x97,0xee,0x97,0xee,0x97,0xee,0x97,0xee,0x97,0xee,0x97,0xee,
    0x97,0xee,0x77,0xee,0x56,0xee,0xf4,0xed,0x15,0xee,0x56,0xee,0x56,0xee,0x36,0xee,
    0x56,0xee,0x36,0xe6,0xb3,0xe5,0x0e,0xac,0x2e,0xa4,0xcd,0x93,0xcd,0x93,0x0e,0x9c,
    0x94,0xc5,0xd1,0xac,0xac,0x93,0x8c,0x8b,0xea,0x72,0xe7,0x49,0x0b,0x73,0x4c,0x73,
    0xce,0x83,0x92,0x9c,0x71,0x9c,0x30,0x94,0x0f,0x8c,0x50,0x94,0x4c,0x73,0xc9,0x72,
    0x51,0xdd,0x6e,0xb4,0x4b,0x83,0xcc,0x9b,0x8b,0x8b,0xaf,0xbc,0x11,0xcd,0x51,0xd5,
    0x51,0xd5,0x51,0xd5,0x51,0xd5,0x51,0xd5,0x31,0xd5,0x31,0xcd,0x31,0xd5,0x0d,0xa4,
    0x2a,0x83,0xac,0x93,0xac,0x93,0xcc,0x93,0xac,0x93,0x6b,0x8b,0xac,0x93,0xec,0xa3,
    0x6e,0xb4,0x4e,0xac,0xee,0x8b,0xd2,0xac,0xd2,0xa4,0xb2,0xa4,0xb2,0xa4,0xd2,0xa4,
    0x50,0x94,0x2a,0x83,0x0f,0x84,0x92,0x94,0xb2,0x94,0xb3,0x9c,0xb3,0x9c,0xd3,0x9c,
    0x51,0x8c,0xcf,0x83,0x0f,0x8c,0xef,0x83,0xce,0x83,0x0f,0x8c,0x30,0x8c,0xd3,0x9c,
    0x14,0x9d,0xd3,0x9c,0xb3,0x94,0xb3,0x94,0xb2,0x9c,0xf2,0xa4,0xf3,0xa4,0xb3,0x94,
    0xb2,0x94,0x92,0x94,0xb2,0x9c,0xf3,0xa4,0x14,0xad,0x34,0xad,0x34,0xad,0x54,0xb5,
    0x54,0xad,0x14,0xad,0x34,0xad,0x34,0xad,0xb2,0x9c,0x30,0x8c,0x17,0xce,0x1a,0xf7,
    0x9c,0xf7,0x9c,0xf7,0x9c,0xf7,0x9c,0xf7,0xbd,0xff,0xbd,0xf7,0xbd,0xf7,0x9d,0xf7,
    0xbd,0xff,0x9d,0xf7,0x9d,0xf7,0x9d,0xf7,0x9d,0xf7,0xbd,0xf7,0xbd,0xf7,0xbd,0xf7,
    0xbd,0xf7,0xbe,0xf7,0xbe,0xff,0xbe,0xf7,0xbe,0xf7,0xbe,0xf7,0xbe,0xf7,0xbe,0xf7,
    0x1a,0xef,0x7c,0xf7,0x3b,0xef,0x3b,0xf7,0x9d,0xf7,0xbd,0xf7,0xbe,0xff,0xff,0xff,
    0x1b,0xef,0x93,0xd5,0x9d,0xff,0x7c,0xff,0x15,0xe6,0xf4,0xdd,0xb3,0xdd,0x51,0xd5,
    0x0c,0xb4,0x57,0xde,0x3b,0xf7,0xb4,0xd5,0x6e,0xb4,0x2d,0xac,0xd0,0xbc,0x51,0xcd,
    0x11,0xc5,0x31,0xc5,0x31,0xcd,0x6e,0xb4,0xaf,0xbc,0xf0,0xc4,0xb0,0xb4,0x8f,0xb4,
    0xf0,0xc4,0x11,0xc5,0xaf,0xb4,0x0d,0xa4,0x6e,0xb4,0xd0,0xbc,0xb0,0xbc,0x0d,0xa4,
    0x8f,0xb4,0x11,0xbd,0xb0,0xb4,0x32,0xbd,0xb4,0xd5,0x73,0xcd,0x32,0xc5,0xd9,0xee,
    0xb8,0xf6,0x56,0xee,0x77,0xee,0x77,0xee,0x77,0xee,0x77,0xee,0x77,0xee,0x97,0xee,
    0x97,0xee,0x97,0xee,0x97,0xee,0x97,0xee,0x97,0xee,0x97,0xee,0x77,0xee,0x15,0xee,
    0x15,0xee,0x56,0xee,0x56,0xee,0x56,0xee,0x36,0xee,0x36,0xe6,0xd3,0xe5,0x2e,0xb4,
    0xed,0x9b,0xad,0x93,0x8c,0x8b,0x0e,0x9c,0x78,0xd6,0x53,0xbd,0x4b,0x83,0xac,0x8b,
    0xea,0x72,0xeb,0x62,0x10,0x8c,0xcf,0x83,0x50,0x94,0xd2,0xa4,0x50,0x94,0xae,0x83,
    0x0f,0x8c,0xef,0x8b,0xea,0x7a,0xe8,0x82,0x8e,0xbc,0x2e,0xac,0x6b,0x8b,0xcc,0x9b,
    0x8b,0x93,0xaf,0xbc,0x11,0xcd,0x72,0xd5,0x51,0xd5,0x51,0xd5,0x51,0xd5,0x51,0xd5,
    0x51,0xd5,0x51,0xd5,0x11,0xcd,0xcc,0x9b,0x6b,0x8b,0x8b,0x8b,0xac,0x93,0xac,0x93,
    0x8c,0x8b,0x4b,0x8b,0x8c,0x93,0x4e,0xb4,0x11,0xc5,0x2f,0x94,0xb2,0xa4,0xd2,0xa4,
    0xd2,0xa4,0xb2,0xa4,0xb2,0xa4,0x91,0x9c,0x6c,0x7b,0x4b,0x7b,0x92,0x94,0xd3,0x9c,
    0xd3,0x9c,0xd3,0x9c,0xd3,0x9c,0xb2,0x94,0x92,0x94,0x71,0x8c,0x31,0x8c,0x71,0x8c,
    0x92,0x94,0xd3,0x9c,0xf4,0x9c,0xd3,0x9c,0xd3,0x9c,0xd3,0x9c,0xb3,0x94,0xb2,0x9c,
    0xf3,0xa4,0xf2,0xa4,0xd3,0x9c,0xb3,0x94,0xb3,0x94,0xf3,0xa4,0x34,0xb5,0x54,0xbd,
    0x74,0xbd,0x74,0xb5,0x75,0xb5,0x75,0xb5,0x55,0xad,0x34,0xad,0x34,0xad,0x54,0xb5,
    0x75,0xb5,0x95,0xb5,0x13,0xad,0x54,0xb5,0x9c,0xf7,0x9c,0xf7,0xbd,0xf7,0xbd,0xff,
    0xbd,0xff,0xbd,0xff,0xbd,0xff,0xbd,0xf7,0xbd,0xff,0x9d,0xf7,0x9d,0xf7,0x9d,0xf7,
    0xbd,0xf7,0xbd,0xf7,0xbe,0xf7,0xbe,0xff,0xbe,0xff,0xbe,0xf7,0xbe,0xf7,0xbe,0xf7,
    0xbe,0xf7,0xbe,0xf7,0xbe,0xf7,0xbe,0xf7,0x9d,0xf7,0x1a,0xef,0xd9,0xee,0x1b,0xef,
    0x7d,0xf7,0x7d,0xf7,0xff,0xff,0x7d,0xf7,0xd9,0xe6,0xd9,0xee,0x9d,0xff,0xd9,0xee,
    0xb3,0xd5,0xb2,0xdd,0x51,0xd5,0xcf,0xc4,0x6e,0xb4,0x9c,0xff,0xb8,0xe6,0x72,0xcd,
    0x0d,0xac,0x8f,0xbc,0x10,0xc5,0x31,0xcd,0x11,0xc5,0x52,0xcd,0x51,0xcd,0x6e,0xb4,
    0xd0,0xbc,0xd0,0xbc,0xb4,0xcd,0xd0,0xbc,0xaf,0xbc,0x11,0xc5,0xaf,0xbc,0x6e,0xac,
    0xd0,0xbc,0xd0,0xbc,0xd0,0xbc,0x2e,0xa4,0xb0,0xb4,0xf1,0xbc,0x32,0xbd,0xf6,0xd5,
    0x73,0xcd,0x94,0xcd,0x32,0xc5,0x32,0xc5,0xf4,0xd5,0x97,0xf6,0x56,0xee,0x77,0xee,
    0x77,0xee,0x97,0xee,0x77,0xee,0x77,0xee,0x77,0xee,0x97,0xee,0x97,0xee,0x97,0xee,
    0x77,0xee,0x77,0xee,0x77,0xee,0x15,0xee,0x36,0xee,0x57,0xee,0x56,0xee,0x56,0xee,
    0x56,0xee,0x56,0xe6,0xf4,0xe5,0x0d,0xac,0xad,0x93,0xad,0x93,0x8c,0x8b,0x6f,0xa4,
    0xda,0xe6,0x50,0x9c,0x2b,0x7b,0xcd,0x93,0x8d,0x83,0x71,0x9c,0xcf,0x83,0xce,0x83,
    0x91,0x9c,0xb2,0xa4,0xef,0x8b,0x4c,0x73,0xae,0x8b,0x4b,0x83,0xac,0xa3,0x4e,0xbc,
    0x0d,0xac,0x0d,0xa4,0xcc,0x93,0xcc,0x9b,0xac,0x93,0x6f,0xb4,0x51,0xd5,0x51,0xd5,
    0x51,0xd5,0x51,0xd5,0x51,0xd5,0x51,0xd5,0x51,0xd5,0x72,0xd5,0xd0,0xbc,0xcc,0x9b,
    0x2a,0x83,0x8c,0x8b,0xac,0x93,0xac,0x93,0x8b,0x8b,0x6b,0x8b,0x8b,0x8b,0x6f,0xb4,
    0x2f,0x9c,0xd2,0xa4,0xf3,0xac,0xd2,0xa4,0xf3,0xac,0xb2,0xa4,0x50,0x94,0xae,0x83,
    0x0a,0x7b,0xef,0x8b,0xd3,0x9c,0x13,0xa5,0x14,0xa5,0x14,0xa5,0xd3,0x9c,0x71,0x8c,
    0x30,0x84,0x51,0x8c,0xd3,0x9c,0xf4,0x9c,0xf3,0x9c,0xd3,0x9c,0xd3,0x9c,0xd3,0x9c,
    0xd3,0x9c,0xb2,0x9c,0x92,0x94,0xb3,0x9c,0xf3,0xa4,0x34,0xb5,0x74,0xbd,0x74,0xbd,
    0x14,0xad,0x34,0xb5,0x54,0xb5,0x14,0xa5,0xf4,0x9c,0xf4,0x94,0x51,0x8c,0xef,0x83,
    0x31,0x8c,0x72,0x8c,0x92,0x94,0xf4,0x9c,0x34,0xa5,0x55,0xad,0x95,0xb5,0x34,0xad,
    0x9d,0xf7,0xbd,0xf7,0xbd,0xff,0xbd,0xff,0xde,0xff,0xde,0xff,0xbe,0xff,0xbd,0xff,
    0xbd,0xf7,0xbd,0xf7,0xbd,0xf7,0xbd,0xf7,0xbd,0xf7,0xbe,0xf7,0xbe,0xff,0xbe,0xff,
    0xbe,0xff,0xbe,0xff,0xde,0xf7,0xbe,0xf7,0xbe,0xf7,0xbe,0xf7,0xbe,0xff,0xbe,0xf7,
    0xbe,0xf7,0x9d,0xf7,0x1b,0xef,0x3b,0xf7,0x1a,0xef,0xd9,0xee,0x97,0xee,0x56,0xee,
    0x15,0xe6,0x97,0xee,0x35,0xe6,0x72,0xd5,0x51,0xd5,0xb3,0xdd,0x71,0xd5,0x11,0xc5,
    0x73,0xcd,0x7c,0xf7,0xb8,0xee,0x31,0xcd,0xec,0xa3,0xf0,0xcc,0x10,0xcd,0x31,0xcd,
    0x31,0xcd,0x52,0xcd,0x52,0xcd,0xaf,0xbc,0x10,0xc5,0x31,0xc5,0xf6,0xd5,0x52,0xcd,
    0xaf,0xbc,0xf0,0xc4,0x11,0xc5,0xaf,0xbc,0x8f,0xb4,0x31,0xc5,0x52,0xc5,0xf1,0xbc,
    0xd1,0xbc,0xb0,0xb4,0x74,0xc5,0x78,0xde,0x53,0xcd,0x32,0xc5,0x12,0xbd,0x32,0xc5,
    0xd0,0xbc,0xb4,0xdd,0x97,0xf6,0x56,0xee,0x76,0xee,0x77,0xee,0x77,0xee,0x77,0xee,
    0x77,0xee,0x77,0xee,0x77,0xee,0x77,0xee,0x77,0xee,0x77,0xee,0x77,0xee,0x56,0xee,
    0x56,0xee,0x77,0xee,0x57,0xee,0x56,0xee,0x77,0xee,0x57,0xee,0xb3,0xe5,0x4b,0x8b,
    0xcd,0x93,0xad,0x93,0xc9,0x6a,0xad,0x83,0xd2,0xa4,0x71,0x94,0x2f,0x94,0xed,0x9b,
    0xce,0x8b,0x10,0x8c,0xef,0x8b,0x50,0x94,0xb1,0xa4,0x71,0x9c,0x6d,0x7b,0x2b,0x73,
    0x6b,0x8b,0xec,0xab,0x8f,0xbc,0xaf,0xc4,0xed,0xa3,0xac,0x93,0xcd,0x9b,0x6b,0x8b,
    0x6b,0x8b,0xaf,0xbc,0x51,0xd5,0x31,0xd5,0x51,0xd5,0x51,0xd5,0x31,0xd5,0x51,0xd5,
    0x31,0xd5,0x51,0xd5,0xaf,0xbc,0xac,0x93,0x0a,0x7b,0xac,0x93,0xac,0x93,0xac,0x93,
    0x8b,0x8b,0x6e,0xac,0xcc,0x9b,0xac,0x93,0x50,0x9c,0xf2,0xac,0xf3,0xac,0xb2,0xa4,
    0x91,0x9c,0x2f,0x94,0x50,0x94,0x0f,0x8c,0x4b,0x83,0x92,0x94,0x71,0x94,0x92,0x94,
    0xb2,0x94,0x92,0x94,0x51,0x8c,0x30,0x84,0x51,0x8c,0xd3,0x9c,0xf3,0x9c,0xd3,0x9c,
    0xf3,0x9c,0xf3,0x9c,0xd3,0x9c,0xd3,0x9c,0xb2,0x9c,0x92,0x94,0x92,0x94,0x34,0xad,
    0xb5,0xc5,0xf6,0xcd,0xd6,0xcd,0x95,0xbd,0x75,0xb5,0xb3,0x9c,0x10,0x84,0x31,0x8c,
    0x50,0x94,0x70,0x9c,0xed,0x8b,0x0e,0x9c,0x6f,0xa4,0x2e,0x9c,0x4f,0x9c,0x71,0x9c,
    0x91,0x94,0x91,0x94,0xb2,0x94,0x14,0xa5,0xbd,0xff,0xbd,0xff,0xbd,0xff,0xbd,0xff,
    0xde,0xff,0xde,0xff,0xbe,0xff,0xbd,0xff,0xbd,0xff,0x9d,0xf7,0xbd,0xf7,0xbd,0xf7,
    0xbd,0xf7,0xbd,0xf7,0xbe,0xf7,0xbe,0xff,0xbe,0xff,0xbe,0xff,0xbe,0xff,0xbe,0xff,
    0xbe,0xff,0xbe,0xf7,0xbe,0xf7,0xbe,0xf7,0xde,0xff,0x9d,0xf7,0x3c,0xef,0xff,0xff,
    0x9e,0xf7,0xd9,0xee,0x57,0xe6,0xf5,0xdd,0x15,0xde,0x3a,0xf7,0xb3,0xe5,0x92,0xdd,
    0x72,0xd5,0xb3,0xdd,0x31,0xcd,0xf4,0xdd,0x57,0xe6,0x9d,0xf7,0xfa,0xee,0x72,0xcd,
    0x0d,0xac,0x51,0xd5,0x10,0xcd,0x10,0xcd,0x72,0xd5,0xd4,0xdd,0x72,0xd5,0xf0,0xbc,
    0x31,0xcd,0x52,0xcd,0x98,0xde,0x56,0xe6,0xf0,0xc4,0xf0,0xbc,0x31,0xcd,0xf1,0xc4,
    0xd0,0xbc,0xf1,0xbc,0x73,0xcd,0x32,0xc5,0xf1,0xbc,0xb0,0xb4,0x17,0xd6,0x78,0xde,
    0x53,0xcd,0x32,0xc5,0x32,0xc5,0x11,0xbd,0x53,0xcd,0xf1,0xbc,0x93,0xd5,0x76,0xf6,
    0x56,0xee,0x35,0xee,0x36,0xee,0x77,0xee,0x77,0xee,0x77,0xee,0x77,0xee,0x77,0xee,
    0x77,0xee,0x56,0xee,0x56,0xee,0x56,0xee,0x77,0xee,0x77,0xee,0x77,0xee,0x77,0xee,
    0x56,0xee,0x56,0xee,0x11,0xcd,0xa9,0x6a,0x0e,0x9c,0xcd,0x9b,0xad,0x83,0x92,0x9c,
    0xb3,0x9c,0xd3,0x9c,0x2f,0x9c,0xed,0x9b,0xad,0x83,0x50,0x94,0x51,0x94,0x91,0xa4,
    0xb2,0xa4,0x50,0x94,0xaa,0x5a,0xc9,0x72,0x0c,0xb4,0x8f,0xbc,0x10,0xcd,0xf0,0xcc,
    0x6e,0xb4,0xcc,0x9b,0xcc,0x93,0x6b,0x8b,0xed,0xa3,0x11,0xcd,0x30,0xcd,0x31,0xd5,
    0x31,0xd5,0x31,0xd5,0x31,0xd5,0x31,0xd5,0x51,0xd5,0x31,0xcd,0xaf,0xb4,0x6b,0x8b,
    0x4b,0x8b,0xac,0x93,0xed,0x9b,0xac,0x93,0x0e,0xa4,0xd0,0xbc,0x8b,0x8b,0x8c,0x8b,
    0xd2,0xa4,0xd2,0xa4,0xd2,0xac,0xf3,0xac,0xf3,0xa4,0xf3,0xa4,0x14,0xa5,0xee,0x8b,
    0xce,0x8b,0x14,0xa5,0x92,0x94,0x71,0x8c,0x71,0x8c,0x51,0x8c,0x51,0x8c,0x92,0x94,
    0xf3,0x9c,0xf4,0x9c,0xf4,0x9c,0xf4,0xa4,0xf4,0x9c,0x34,0xad,0x34,0xb5,0x92,0x94,
    0x72,0x8c,0xb2,0x94,0x34,0xb5,0x95,0xc5,0xd5,0xcd,0xd6,0xc5,0x55,0xad,0x14,0xa5,
    0x91,0x9c,0x0e,0x8c,0x4e,0xa4,0xf0,0xbc,0x52,0xc5,0xb3,0xcd,0xf4,0xd5,0xd4,0xd5,
    0xd4,0xd5,0x93,0xcd,0x31,0xc5,0xf0,0xbc,0x6f,0xac,0x6e,0xa4,0xc9,0x62,0x07,0x42,
    0xbe,0xff,0xbe,0xff,0xbe,0xff,0xde,0xff,0xde,0xff,0xde,0xff,0xde,0xff,0xde,0xff,
    0xbe,0xff,0xbe,0xff,0xbd,0xff,0xbd,0xf7,0xbe,0xf7,0xbe,0xff,0xbe,0xff,0xbe,0xff,
    0xde,0xff,0xde,0xff,0xde,0xff,0xde,0xff,0xbe,0xff,0xbe,0xff,0xde,0xff,0xde,0xff,
    0xdf,0xff,0x9d,0xf7,0x5c,0xf7,0xff,0xff,0xff,0xff,0xff,0xff,0xff,0xff,0xda,0xe6,
    0x3b,0xef,0xf9,0xf6,0x92,0xe5,0x92,0xdd,0x31,0xd5,0x31,0xd5,0x72,0xd5,0xf4,0xe5,
    0x78,0xe6,0xdf,0xff,0x3a,0xf7,0x72,0xcd,0x4e,0xbc,0x51,0xd5,0x10,0xcd,0x31,0xcd,
    0xb3,0xd5,0xd4,0xd5,0xf4,0xdd,0x31,0xcd,0x31,0xcd,0xd5,0xd5,0x3b,0xef,0x97,0xe6,
    0x31,0xcd,0xaf,0xbc,0x31,0xc5,0x11,0xc5,0xf0,0xbc,0xd0,0xbc,0x52,0xc5,0x73,0xcd,
    0x90,0xb4,0xd0,0xbc,0xfb,0xe6,0xb9,0xe6,0x94,0xcd,0x32,0xc5,0x32,0xc5,0xf1,0xbc,
    0x32,0xc5,0x94,0xcd,0xf1,0xbc,0xf4,0xed,0x14,0xee,0x15,0xee,0x77,0xee,0x97,0xee,
    0x97,0xee,0x97,0xee,0x77,0xee,0x56,0xee,0x57,0xee,0x56,0xee,0x36,0xee,0x56,0xee,
    0x56,0xee,0x56,0xee,0x56,0xee,0x36,0xee,0x15,0xe6,0x15,0xee,0xd1,0xbc,0xee,0x8b,
    0x0e,0x9c,0x0e,0x9c,0x71,0x9c,0xf3,0xa4,0x92,0x94,0x51,0x94,0xed,0x93,0xac,0x93,
    0x0f,0x8c,0x51,0x94,0x50,0x94,0xb2,0xac,0x91,0xa4,0x0f,0x8c,0xea,0x72,0xcc,0xab,
    0x6e,0xbc,0x11,0xcd,0x10,0xcd,0x31,0xd5,0x4e,0xac,0xac,0x93,0xed,0x9b,0xcc,0x9b,
    0xac,0x93,0x31,0xcd,0x31,0xd5,0x31,0xd5,0x31,0xd5,0x31,0xd5,0x31,0xd5,0x31,0xcd,
    0x31,0xd5,0x11,0xcd,0x2d,0xac,0x8b,0x8b,0x8c,0x8b,0xcc,0x93,0xed,0x9b,0xac,0x93,
    0xd0,0xbc,0x8f,0xb4,0x6b,0x8b,0xee,0x9b,0xd2,0xa4,0xd2,0xac,0xf2,0xac,0xd2,0xa4,
    0xf3,0xa4,0xf3,0xa4,0xd2,0xa4,0x6c,0x83,0x92,0x94,0x14,0xa5,0xb2,0x94,0x72,0x8c,
    0x72,0x8c,0x72,0x94,0xd3,0x9c,0xf3,0x9c,0xd3,0x9c,0xf3,0x9c,0xf4,0x9c,0xf4,0xa4,
    0x14,0xa5,0x95,0xbd,0x13,0xad,0x92,0x94,0xd3,0x9c,0x74,0xbd,0xb5,0xcd,0xb5,0xc5,
    0x75,0xbd,0xd3,0x9c,0x91,0x9c,0xf1,0xb4,0x32,0xbd,0xd4,0xd5,0x15,0xde,0xf5,0xd5,
    0xf4,0xd5,0xf4,0xd5,0xf5,0xd5,0xf5,0xd5,0xd4,0xd5,0x15,0xde,0xb4,0xd5,0xb4,0xd5,
    0x93,0xcd,0x52,0xc5,0x11,0xbd,0x2a,0x73,0xdf,0xff,0xdf,0xff,0xdf,0xff,0xdf,0xff,
    0xdf,0xff,0xdf,0xff,0xdf,0xff,0xdf,0xff,0xdf,0xff,0xdf,0xff,0xdf,0xff,0xdf,0xff,
    0xdf,0xff,0xdf,0xff,0xdf,0xff,0xdf,0xff,0xdf,0xff,0xdf,0xff,0xdf,0xff,0xdf,0xff,
    0xdf,0xff,0xdf,0xff,0xdf,0xff,0xdf,0xff,0xff,0xff,0x9d,0xf7,0x3b,0xf7,0xff,0xff,
    0xdf,0xff,0xde,0xff,0xdf,0xff,0x94,0xd5,0xd9,0xee,0x76,0xee,0x92,0xe5,0x92,0xdd,
    0x31,0xcd,0xb3,0xd5,0xd3,0xe5,0xd3,0xe5,0xb9,0xe6,0xff,0xff,0x3b,0xf7,0x93,0xd5,
    0xcf,0xc4,0x51,0xd5,0x10,0xcd,0x31,0xcd,0x15,0xde,0xb4,0xd5,0xf4,0xdd,0x31,0xcd,
    0x11,0xc5,0x57,0xde,0x3c,0xef,0x98,0xe6,0x52,0xd5,0x8f,0xbc,0xf0,0xc4,0x31,0xc5,
    0x11,0xc5,0xf1,0xbc,0xd0,0xb4,0x52,0xc5,0xd0,0xb4,0xb0,0xb4,0x7d,0xf7,0xda,0xe6,
    0xd5,0xd5,0x53,0xc5,0x53,0xc5,0x94,0xcd,0x94,0xcd,0xb4,0xcd,0xd0,0xbc,0x31,0xd5,
    0x14,0xf6,0x56,0xee,0x77,0xee,0x97,0xee,0x97,0xee,0x97,0xee,0x97,0xee,0x77,0xee,
    0x56,0xee,0x35,0xee,0x77,0xee,0x77,0xee,0x35,0xee,0x56,0xee,0x35,0xe6,0x15,0xe6,
    0x15,0xee,0x31,0xd5,0x10,0x94,0xef,0x8b,0x0d,0x9c,0x0e,0x9c,0x30,0x94,0x92,0x94,
    0x71,0x94,0x30,0x8c,0xed,0x93,0xad,0x8b,0x0f,0x8c,0x30,0x94,0x91,0xa4,0xd2,0xac,
    0x91,0xa4,0xce,0x83,0x8b,0x9b,0x2d,0xb4,0xf0,0xc4,0x11,0xcd,0x11,0xcd,0x10,0xc5,
    0xed,0x9b,0x0d,0xa4,0xac,0x93,0x8b,0x8b,0xac,0x93,0x31,0xd5,0x31,0xd5,0x31,0xd5,
    0x31,0xd5,0x31,0xd5,0x31,0xd5,0x31,0xd5,0x51,0xd5,0xf0,0xc4,0x8b,0x93,0xac,0x93,
    0xac,0x93,0xac,0x93,0xac,0x93,0xed,0xa3,0xf1,0xc4,0x6f,0xac,0xcd,0x93,0xcd,0x9b,
    0xf3,0xac,0xf3,0xac,0xf3,0xac,0xf2,0xac,0xd2,0xa4,0xf3,0xa4,0xee,0x93,0x0f,0x8c,
    0x14,0xa5,0xf3,0x9c,0xd3,0x9c,0xb3,0x94,0xd3,0x9c,0xf4,0x9c,0xf4,0x9c,0xf3,0x9c,
    0xf4,0x9c,0xf3,0x9c,0xf3,0x9c,0xf3,0xa4,0x14,0xa5,0xf3,0xa4,0xb3,0x94,0x14,0xa5,
    0x54,0xad,0xb5,0xc5,0xb5,0xc5,0xf3,0xa4,0xae,0x7b,0x0e,0x94,0x32,0xc5,0xf4,0xd5,
    0x15,0xde,0x35,0xde,0x36,0xde,0x15,0xde,0xf5,0xd5,0xf4,0xd5,0xf5,0xd5,0xd4,0xd5,
    0xd4,0xd5,0xd4,0xd5,0xd4,0xd5,0xb4,0xd5,0xf5,0xd5,0xf5,0xd5,0xb4,0xd5,0x93,0xcd,
    0xdf,0xff,0xdf,0xff,0xdf,0xff,0xdf,0xff,0xdf,0xff,0xdf,0xff,0xdf,0xff,0xdf,0xff,
    0xdf,0xff,0xdf,0xff,0xdf,0xff,0xdf,0xff,0xdf,0xff,0xdf,0xff,0xdf,0xff,0xdf,0xff,
    0xdf,0xff,0xdf,0xff,0xdf,0xff,0xdf,0xff,0xdf,0xff,0xdf,0xff,0xdf,0xff,0xdf,0xff,
    0xff,0xff,0xbe,0xf7,0x3b,0xf7,0xff,0xff,0xdf,0xff,0xdf,0xff,0xdf,0xff,0xb5,0xcd,
    0xfa,0xee,0x14,0xee,0xb2,0xe5,0x92,0xdd,0xf0,0xc4,0x98,0xe6,0xd3,0xe5,0xb3,0xe5,
    0xda,0xee,0xff,0xff,0x1a,0xef,0xd4,0xdd,0x30,0xd5,0x51,0xd5,0x10,0xcd,0x31,0xcd,
    0x98,0xe6,0xf4,0xdd,0x15,0xde,0x52,0xcd,0xf0,0xc4,0xda,0xe6,0x3c,0xef,0x57,0xde,
    0xb3,0xdd,0x10,0xc5,0xd0,0xbc,0x11,0xc5,0x31,0xc5,0x31,0xc5,0xf0,0xbc,0xd0,0xb4,
    0xb0,0xb4,0xd1,0xb4,0xdf,0xff,0x3b,0xef,0x94,0xcd,0x53,0xc5,0x32,0xc5,0xf5,0xd5,
    0xf6,0xd5,0x11,0xc5,0x73,0xcd,0x15,0xee,0x35,0xee,0x56,0xee,0x77,0xee,0x77,0xee,
    0x97,0xee,0x77,0xee,0x97,0xee,0x77,0xee,0x36,0xee,0x36,0xee,0x77,0xee,0x56,0xee,
    0x36,0xee,0x57,0xee,0x15,0xe6,0xf4,0xe5,0xf4,0xed,0xcd,0x9b,0x31,0x8c,0x0f,0x94,
    0x0e,0x9c,0x0e,0x9c,0x71,0x9c,0xb3,0x9c,0x71,0x94,0x0f,0x8c,0x0e,0x9c,0xad,0x8b,
    0x30,0x94,0x91,0x9c,0xd2,0xac,0xd2,0xac,0xb2,0x9c,0x8d,0x83,0xab,0xa3,0x8f,0xbc,
    0x11,0xcd,0xf0,0xcc,0x31,0xd5,0x4e,0xac,0xcc,0x93,0xf0,0xcc,0xcc,0x9b,0x6b,0x8b,
    0xac,0x93,0x51,0xd5,0x51,0xd5,0x51,0xd5,0x51,0xd5,0x51,0xd5,0x51,0xd5,0x51,0xd5,
    0x72,0xd5,0x11,0xc5,0x2a,0x83,0x8b,0x8b,0xac,0x93,0x6b,0x8b,0x4b,0x8b,0x6e,0xb4,
    0x8f,0xbc,0x91,0xa4,0xd1,0xa4,0xcd,0x9b,0x13,0xad,0x13,0xad,0x13,0xad,0xd2,0xac,
    0xd2,0xa4,0x70,0xa4,0x8c,0x8b,0xd3,0x9c,0xd3,0x9c,0xf3,0x9c,0xf3,0x9c,0xf3,0x9c,
    0xf4,0x9c,0xf4,0xa4,0xf4,0x9c,0xf4,0x9c,0xf4,0xa4,0xf3,0x9c,0xf3,0x9c,0xb2,0x94,
    0x72,0x8c,0xb3,0x94,0x14,0xa5,0x34,0xad,0x75,0xbd,0xf7,0xcd,0xb2,0xa4,0xce,0x8b,
    0xd0,0xac,0xf4,0xd5,0x35,0xde,0x15,0xde,0x15,0xde,0x15,0xde,0x36,0xde,0x15,0xde,
    0xf5,0xd5,0xd4,0xd5,0xd4,0xd5,0xd4,0xd5,0xb4,0xd5,0xb3,0xd5,0xd4,0xd5,0xd4,0xd5,
    0xf4,0xd5,0xf5,0xd5,0xf5,0xd5,0xd4,0xd5,0xdf,0xff,0xdf,0xff,0xdf,0xff,0xdf,0xff,
    0xdf,0xff,0xdf,0xff,0xdf,0xff,0xdf,0xff,0xdf,0xff,0xdf,0xff,0xdf,0xff,0xdf,0xff,
    0xdf,0xff,0xdf,0xff,0xdf,0xff,0xdf,0xff,0xdf,0xff,0xdf,0xff,0xdf,0xff,0xdf,0xff,
    0xdf,0xff,0xdf,0xff,0xdf,0xff,0xdf,0xff,0xdf,0xff,0xdf,0xff,0x1b,0xef,0xdf,0xff,
    0xdf,0xff,0xdf,0xff,0x9e,0xf7,0x78,0xe6,0x5b,0xf7,0x76,0xee,0xd3,0xe5,0x51,0xd5,
    0xf5,0xd5,0x97,0xe6,0xd3,0xe5,0xd4,0xe5,0xfb,0xee,0xff,0xff,0xb8,0xe6,0x15,0xe6,
    0xf4,0xe5,0x51,0xd5,0xf0,0xc4,0xb3,0xd5,0xb9,0xee,0x15,0xde,0x15,0xde,0x52,0xcd,
    0x11,0xc5,0x5c,0xef,0xbe,0xf7,0xb8,0xe6,0xf4,0xdd,0x10,0xcd,0x31,0xc5,0x11,0xc5,
    0x31,0xc5,0x31,0xc5,0x31,0xc5,0xf1,0xbc,0x8f,0xb4,0x33,0xbd,0xff,0xff,0xbe,0xf7,
    0x94,0xcd,0x32,0xc5,0x32,0xc5,0x53,0xc5,0xd5,0xd5,0xf1,0xc4,0x3c,0xef,0xd9,0xfe,
    0x56,0xee,0x97,0xee,0x77,0xee,0x77,0xee,0x77,0xee,0x77,0xee,0x77,0xee,0x56,0xee,
    0x36,0xee,0x56,0xee,0x77,0xee,0x56,0xee,0x56,0xee,0x56,0xee,0xf5,0xe5,0x15,0xe6,
    0x93,0xdd,0xce,0x93,0x71,0x94,0xee,0x8b,0xed,0x9b,0x0e,0x9c,0x91,0x9c,0x92,0x9c,
    0x51,0x94,0x0e,0x9c,0xad,0x93,0x50,0x94,0xd2,0xa4,0xd2,0xac,0xf2,0xac,0xf2,0xac,
    0x71,0x94,0x8c,0x8b,0xec,0xab,0xaf,0xbc,0xd0,0xc4,0x10,0xcd,0x6e,0xb4,0x6b,0x8b,
    0x8f,0xbc,0x10,0xd5,0xcc,0x9b,0x8c,0x8b,0xec,0x9b,0x72,0xd5,0x72,0xd5,0x72,0xd5,
    0x51,0xd5,0x51,0xd5,0x52,0xd5,0x51,0xd5,0x92,0xd5,0xaf,0xb4,0xe9,0x7a,0xac,0x93,
    0xcd,0x93,0x2b,0x83,0xac,0x93,0x4e,0xb4,0xcd,0x93,0xf2,0xac,0x13,0xad,0x2f,0x9c,
    0x70,0xa4,0x54,0xb5,0x13,0xad,0x34,0xb5,0x70,0xa4,0x4b,0x83,0x92,0x9c,0xf3,0xa4,
    0xd3,0x9c,0xd3,0x9c,0xf3,0x9c,0xf3,0x9c,0xf4,0xa4,0xf4,0x9c,0x14,0xa5,0xf4,0xa4,
    0x14,0xa5,0x14,0xa5,0xd3,0x94,0x72,0x8c,0x92,0x8c,0xd3,0xa4,0x13,0xad,0x54,0xb5,
    0xf7,0xcd,0x91,0x9c,0xcd,0x8b,0x73,0xcd,0x36,0xde,0x36,0xde,0x15,0xde,0x15,0xde,
    0x15,0xde,0x15,0xde,0x36,0xde,0x15,0xde,0xf5,0xd5,0x15,0xde,0x15,0xde,0xf5,0xdd,
    0xf4,0xd5,0xf4,0xd5,0xd4,0xd5,0x15,0xde,0xf5,0xdd,0xf4,0xd5,0xd4,0xd5,0xd4,0xd5,
    0xbe,0xff,0xbe,0xff,0xbe,0xff,0xbe,0xff,0xbe,0xff,0xbe,0xff,0xbe,0xff,0xbe,0xff,
    0xbe,0xff,0xbe,0xff,0xbe,0xff,0xbe,0xff,0xbe,0xff,0xbe,0xff,0xbe,0xff,0xbe,0xff,
    0xbe,0xff,0xbe,0xff,0xbe,0xff,0xbe,0xff,0xbe,0xff,0xbe,0xff,0xbe,0xff,0xbe,0xff,
    0xbe,0xff,0xde,0xff,0x1b,0xef,0x5c,0xf7,0xbe,0xff,0x9d,0xf7,0x5c,0xf7,0x1a,0xef,
    0x7b,0xff,0x96,0xee,0xb2,0xdd,0xb4,0xd5,0x5c,0xef,0x15,0xde,0xd3,0xe5,0xd3,0xe5,
    0xfa,0xee,0xff,0xff,0x57,0xe6,0xf4,0xe5,0xd4,0xdd,0x51,0xd5,0x31,0xcd,0xd3,0xdd,
    0xb8,0xee,0x56,0xe6,0xf4,0xdd,0x31,0xcd,0x31,0xc5,0x9d,0xf7,0x9d,0xf7,0x1a,0xef,
    0xf4,0xdd,0xf0,0xc4,0xd0,0xbc,0x32,0xcd,0x11,0xc5,0x31,0xc5,0x31,0xc5,0x32,0xc5,
    0xf1,0xbc,0x4e,0xa4,0xd6,0xcd,0x5d,0xf7,0x78,0xde,0x32,0xc5,0x32,0xc5,0x32,0xc5,
    0x73,0xcd,0xb5,0xd5,0xdf,0xff,0x7c,0xff,0x97,0xee,0x97,0xee,0x97,0xee,0x97,0xee,
    0x77,0xee,0x77,0xee,0x77,0xee,0x56,0xee,0x36,0xee,0x56,0xee,0x77,0xee,0x36,0xee,
    0x57,0xee,0x36,0xee,0xf5,0xe5,0x56,0xee,0x11,0xcd,0x30,0x94,0x51,0x94,0xce,0x8b,
    0xed,0x9b,0xee,0x9b,0x71,0x9c,0xb2,0xa4,0x2f,0x9c,0xed,0x9b,0x0f,0x94,0xd2,0xa4,
    0xd2,0xa4,0xd2,0xac,0xf3,0xac,0xd2,0xa4,0x51,0x94,0xac,0x9b,0x2d,0xb4,0xf0,0xc4,
    0xf0,0xcc,0x6e,0xb4,0x8b,0x93,0x8e,0xbc,0xf0,0xcc,0xcf,0xcc,0xaf,0xbc,0xcc,0x93,
    0x2e,0xa4,0x92,0xd5,0x72,0xd5,0x52,0xd5,0x72,0xd5,0x51,0xd5,0x51,0xd5,0x31,0xcd,
    0x92,0xdd,0x4e,0xac,0x2a,0x83,0xed,0x9b,0x0e,0xa4,0x4b,0x83,0xac,0x9b,0xed,0x9b,
    0x6c,0x83,0x4f,0x9c,0x13,0xad,0x33,0xb5,0x70,0xa4,0xd2,0xa4,0xf3,0xac,0x2e,0x9c,
    0x6b,0x83,0x91,0x9c,0x14,0xa5,0xf3,0xa4,0xd3,0x9c,0xf3,0x9c,0xf3,0x9c,0xf3,0x9c,
    0xf4,0x9c,0xf4,0xa4,0xf4,0x9c,0x14,0xa5,0x14,0xa5,0xd3,0x9c,0x92,0x94,0xb2,0x94,
    0xf3,0xa4,0x13,0xad,0x74,0xbd,0xf7,0xcd,0xd2,0xa4,0xed,0x93,0xb3,0xd5,0x36,0xde,
    0x15,0xde,0x15,0xde,0x15,0xde,0x15,0xde,0x35,0xde,0x35,0xde,0x35,0xde,0x36,0xde,
    0x36,0xde,0x56,0xde,0x35,0xde,0x15,0xde,0xd4,0xd5,0xd4,0xd5,0x73,0xcd,0x94,0xcd,
    0x15,0xde,0x15,0xde,0xd4,0xd5,0xb4,0xd5,0x5c,0xf7,0x5c,0xf7,0x5c,0xf7,0x5c,0xf7,
    0x5c,0xf7,0x5c,0xf7,0x5c,0xf7,0x5c,0xf7,0x5c,0xf7,0x7c,0xf7,0x7c,0xf7,0x7c,0xf7,
    0x7c,0xf7,0x7c,0xf7,0x7c,0xf7,0x7c,0xf7,0x7c,0xf7,0x7c,0xf7,0x7d,0xf7,0x9d,0xf7,
    0x9d,0xf7,0x7d,0xf7,0x7d,0xf7,0x7c,0xf7,0x7d,0xf7,0x7d,0xf7,0x5c,0xf7,0xd9,0xee,
    0x5c,0xf7,0x5c,0xf7,0xfa,0xee,0x3b,0xf7,0x7b,0xf7,0xb7,0xf6,0x92,0xdd,0xd9,0xee,
    0x9d,0xf7,0x36,0xde,0xf4,0xe5,0xb3,0xdd,0x57,0xde,0xbe,0xf7,0xd4,0xd5,0xf4,0xe5,
    0x93,0xd5,0x52,0xd5,0x93,0xd5,0xb3,0xdd,0x56,0xe6,0x97,0xee,0xb3,0xdd,0xcf,0xc4,
    0x32,0xc5,0x7c,0xf7,0x5c,0xf7,0x3b,0xf7,0x93,0xd5,0x72,0xd5,0x11,0xbd,0x93,0xd5,
    0x32,0xcd,0x11,0xc5,0x31,0xc5,0x31,0xc5,0x11,0xc5,0xd0,0xbc,0x6f,0xb4,0x74,0xc5,
    0xda,0xe6,0xf2,0xb4,0x32,0xbd,0x94,0xcd,0x12,0xc5,0x37,0xd6,0xff,0xff,0xd9,0xf6,
    0x77,0xee,0x97,0xee,0x97,0xee,0x97,0xee,0x97,0xee,0x97,0xee,0x77,0xee,0x36,0xee,
    0x36,0xee,0x77,0xee,0x56,0xee,0x56,0xee,0x56,0xee,0x15,0xe6,0x15,0xe6,0x56,0xee,
    0x6f,0xac,0x71,0x9c,0x92,0x9c,0x0f,0x94,0xcc,0x9b,0xee,0x93,0xb2,0xa4,0x2f,0x9c,
    0x2f,0x9c,0x91,0xa4,0x71,0x9c,0xd2,0xa4,0xd2,0xa4,0xd2,0xa4,0xf2,0xac,0xd2,0xa4,
    0xef,0x8b,0x6b,0x93,0x6f,0xb4,0xd0,0xbc,0x0d,0xa4,0xac,0x93,0xcf,0xc4,0x10,0xcd,
    0xd0,0xc4,0xd0,0xc4,0x10,0xcd,0xcd,0x9b,0x4e,0xa4,0x93,0xd5,0x72,0xd5,0x52,0xd5,
    0x51,0xd5,0x51,0xd5,0x51,0xd5,0x31,0xcd,0x52,0xd5,0xed,0xa3,0xed,0x9b,0xed,0x9b,
    0x0e,0xa4,0xac,0x93,0xcc,0x9b,0x0e,0x9c,0x70,0x9c,0xee,0x93,0xcd,0x93,0x0e,0x9c,
    0x4e,0xa4,0xcd,0x93,0xac,0x8b,0x4b,0x83,0x71,0x9c,0xf4,0xa4,0xf3,0xa4,0x14,0xa5,
    0xf3,0x9c,0xf3,0x9c,0xf3,0x9c,0xf3,0x9c,0xf3,0x9c,0xf4,0x9c,0x14,0xa5,0xf3,0x9c,
    0x34,0xad,0x14,0xa5,0xd3,0x94,0xf3,0xa4,0x34,0xb5,0x75,0xbd,0xf6,0xcd,0x91,0x9c,
    0xcd,0x93,0xf4,0xdd,0x36,0xde,0x15,0xde,0x15,0xde,0x15,0xde,0x15,0xde,0x35,0xde,
    0x35,0xde,0x35,0xde,0x36,0xde,0x36,0xde,0x15,0xde,0xd4,0xd5,0xd4,0xd5,0xd4,0xd5,
    0xd4,0xd5,0xd4,0xd5,0x52,0xc5,0x6f,0xac,0xd4,0xd5,0x93,0xcd,0xd4,0xd5,0xd4,0xd5,
    0x5c,0xf7,0x5b,0xf7,0x5b,0xf7,0x5b,0xf7,0x5b,0xf7,0x5b,0xf7,0x5b,0xf7,0x5c,0xf7,
    0x5c,0xf7,0x5c,0xf7,0x5c,0xf7,0x5c,0xf7,0x5c,0xf7,0x5c,0xf7,0x7c,0xf7,0x7c,0xf7,
    0x7c,0xf7,0x7c,0xf7,0x7c,0xf7,0x7d,0xf7,0x7d,0xf7,0x7d,0xf7,0x7c,0xf7,0x7c,0xf7,
    0x7d,0xf7,0x7c,0xf7,0x7c,0xf7,0x3b,0xf7,0xfa,0xee,0x5c,0xf7,0xd9,0xee,0x5c,0xf7,
    0x9d,0xff,0xb7,0xee,0xd4,0xdd,0x5c,0xf7,0x9d,0xf7,0xfa,0xee,0xd3,0xdd,0xb3,0xdd,
    0x15,0xde,0x5c,0xef,0x72,0xd5,0xb3,0xdd,0x72,0xd5,0x52,0xcd,0xd4,0xdd,0xd4,0xdd,
    0xf4,0xe5,0x97,0xee,0xf4,0xdd,0x8e,0xbc,0x94,0xcd,0x7c,0xf7,0x5b,0xf7,0x9d,0xff,
    0x77,0xe6,0x73,0xd5,0xb4,0xd5,0xd4,0xd5,0x73,0xd5,0x52,0xcd,0x11,0xc5,0xf1,0xbc,
    0xd0,0xbc,0x8f,0xb4,0xb0,0xbc,0xaf,0xb4,0x12,0xbd,0x94,0xc5,0xd1,0xb4,0xb4,0xcd,
    0x32,0xc5,0x5d,0xef,0x7c,0xff,0x56,0xee,0x97,0xee,0x97,0xee,0x97,0xee,0x97,0xee,
    0x97,0xee,0x97,0xee,0x77,0xee,0x35,0xee,0x56,0xee,0x77,0xee,0x56,0xee,0x56,0xee,
    0x56,0xee,0x15,0xe6,0x36,0xee,0xf4,0xdd,0x70,0xa4,0xb3,0x9c,0xd3,0x9c,0x30,0x9c,
    0xcc,0x9b,0x0f,0x94,0x50,0x9c,0x70,0x9c,0xf2,0xac,0x70,0x9c,0x71,0x9c,0xb2,0xa4,
    0xb2,0xa4,0xd2,0xa4,0xd2,0xac,0x91,0x9c,0x8d,0x83,0xab,0xa3,0x6f,0xb4,0x8f,0xb4,
    0xb0,0xbc,0x31,0xcd,0x11,0xcd,0xf0,0xcc,0xf0,0xcc,0xcf,0xc4,0x72,0xd5,0x6f,0xb4,
    0x8b,0x8b,0x72,0xd5,0x93,0xd5,0x51,0xd5,0x51,0xd5,0x31,0xd5,0x31,0xd5,0x31,0xcd,
    0x51,0xd5,0xed,0xa3,0x2e,0xa4,0xed,0x9b,0xcd,0x9b,0xed,0x9b,0xac,0x8b,0xd2,0xac,
    0x74,0xbd,0x54,0xb5,0x13,0xad,0xb1,0xac,0x90,0xa4,0x90,0xa4,0xd2,0xac,0x54,0xb5,
    0x34,0xad,0xf3,0xa4,0x14,0xa5,0xf3,0xa4,0xf3,0xa4,0xf3,0x9c,0xf3,0x9c,0xf3,0x9c,
    0xf3,0x9c,0xd3,0x9c,0xf3,0x9c,0x34,0xad,0x14,0xad,0x14,0xa5,0x14,0xa5,0x54,0xb5,
    0xb6,0xbd,0xd6,0xc5,0x71,0x94,0x8c,0x83,0xb3,0xd5,0x36,0xde,0x35,0xde,0x15,0xde,
    0x35,0xde,0x35,0xde,0x35,0xde,0x35,0xde,0x35,0xde,0x36,0xde,0xf5,0xd5,0xd4,0xd5,
    0xf4,0xd5,0xf4,0xd5,0x15,0xde,0x15,0xde,0x36,0xde,0x15,0xde,0x15,0xde,0xb4,0xd5,
    0xf5,0xdd,0xf4,0xd5,0x93,0xcd,0xb3,0xd5,0x7c,0xf7,0x7c,0xf7,0x5c,0xf7,0x5c,0xf7,
    0x5c,0xf7,0x5c,0xf7,0x5c,0xf7,0x5c,0xf7,0x5c,0xf7,0x5c,0xf7,0x5c,0xf7,0x5b,0xf7,
    0x5c,0xf7,0x5c,0xf7,0x5c,0xf7,0x7c,0xf7,0x7c,0xf7,0x7c,0xf7,0x7c,0xf7,0x7c,0xf7,
    0x7c,0xf7,0x7c,0xf7,0x7c,0xf7,0x7c,0xf7,0x7c,0xf7,0x5c,0xf7,0x5c,0xf7,0x7c,0xf7,
    0x3b,0xef,0x3b,0xef,0xfa,0xee,0xbd,0xff,0x9d,0xff,0x97,0xee,0x77,0xe6,0x9d,0xf7,
    0x5c,0xf7,0xfa,0xee,0xf4,0xdd,0xd3,0xdd,0x93,0xd5,0xfa,0xe6,0xb3,0xd5,0x92,0xdd,
    0x92,0xd5,0xf0,0xc4,0xf4,0xdd,0xf4,0xe5,0xf4,0xdd,0x97,0xee,0x36,0xe6,0x31,0xcd,
    0x77,0xde,0x7c,0xf7,0x5c,0xf7,0x7c,0xf7,0xfa,0xee,0x93,0xd5,0x11,0xc5,0x32,0xc5,
    0x32,0xcd,0x93,0xd5,0x93,0xd5,0xf1,0xbc,0x53,0xc5,0xf6,0xd5,0xd5,0xd5,0xf5,0xd5,
    0x37,0xde,0x73,0xcd,0x32,0xbd,0xb0,0xb4,0x33,0xc5,0xdf,0xff,0xb8,0xf6,0x76,0xee,
    0x97,0xee,0x97,0xee,0x97,0xee,0x97,0xee,0x77,0xee,0x97,0xee,0x56,0xee,0x35,0xee,
    0x56,0xee,0x76,0xee,0x56,0xee,0x56,0xee,0x35,0xe6,0x15,0xe6,0x77,0xee,0x8f,0xbc,
    0xcd,0x93,0xf3,0xa4,0xb3,0x9c,0x2f,0xa4,0xac,0x93,0x91,0x9c,0xf3,0xac,0x13,0xad,
    0x71,0x9c,0x50,0x9c,0xb2,0xa4,0xb2,0xa4,0xb2,0xa4,0x13,0xb5,0xf2,0xac,0x51,0x94,
    0x2b,0x7b,0xcb,0xab,0xf0,0xcc,0x31,0xd5,0x51,0xd5,0x31,0xcd,0x11,0xcd,0x11,0xcd,
    0xf0,0xcc,0x10,0xcd,0x52,0xd5,0x52,0xd5,0x4b,0x83,0x6e,0xac,0xb3,0xdd,0x51,0xd5,
    0x51,0xd5,0x51,0xd5,0x51,0xd5,0x31,0xd5,0x52,0xd5,0x6e,0xac,0x6e,0xac,0x8f,0xb4,
    0xcd,0x9b,0x0d,0xa4,0xad,0x8b,0x54,0xb5,0x74,0xbd,0x54,0xb5,0x54,0xb5,0x54,0xbd,
    0x54,0xbd,0x54,0xb5,0x75,0xbd,0x54,0xb5,0x14,0xa5,0x14,0xa5,0x14,0xa5,0x14,0xa5,
    0xf3,0xa4,0xf3,0xa4,0xf3,0xa4,0xf3,0x9c,0xf3,0x9c,0xf3,0x9c,0x54,0xb5,0x54,0xbd,
    0xd3,0xa4,0xf4,0x9c,0x34,0xad,0xb5,0xc5,0xd6,0xc5,0xb2,0x9c,0xac,0x8b,0x93,0xcd,
    0x56,0xe6,0xf5,0xdd,0xb3,0xd5,0xd3,0xd5,0x36,0xde,0x36,0xde,0x36,0xde,0x36,0xde,
    0x15,0xde,0xd4,0xd5,0x15,0xde,0x15,0xde,0xf5,0xdd,0xf4,0xd5,0xf4,0xd5,0xf4,0xdd,
    0xf4,0xdd,0xf5,0xdd,0x15,0xde,0xd4,0xd5,0xd4,0xd5,0x36,0xde,0xf4,0xd5,0xf4,0xd5,
    0x5b,0xf7,0x5b,0xf7,0x5b,0xf7,0x5b,0xf7,0x5b,0xf7,0x3b,0xf7,0x3b,0xf7,0x5b,0xf7,
    0x5b,0xf7,0x3b,0xf7,0x5b,0xf7,0x3b,0xf7,0x5b,0xf7,0x3b,0xf7,0x3b,0xf7,0x5c,0xf7,
    0x5c,0xf7,0x7c,0xf7,0x7c,0xf7,0x7c,0xf7,0x7c,0xf7,0x7c,0xf7,0x7c,0xf7,0x7c,0xf7,
    0x7c,0xf7,0x7c,0xf7,0x7c,0xf7,0x7c,0xf7,0x9d,0xf7,0x7c,0xf7,0xfa,0xee,0xbe,0xff,
    0x97,0xee,0x56,0xee,0xfa,0xee,0xbe,0xff,0x5c,0xf7,0x7d,0xf7,0x15,0xde,0x92,0xdd,
    0x72,0xd5,0x36,0xde,0xf4,0xdd,0x72,0xd5,0xb3,0xdd,0x32,0xc5,0x15,0xe6,0xf5,0xe5,
    0x15,0xe6,0x36,0xe6,0x97,0xee,0x52,0xcd,0x16,0xde,0x9d,0xff,0x3b,0xf7,0x5b,0xf7,
    0x5b,0xf7,0xb3,0xd5,0xd0,0xbc,0x32,0xbd,0x52,0xcd,0x53,0xc5,0xb4,0xd5,0x73,0xcd,
    0x5c,0xef,0xff,0xff,0xb9,0xe6,0xd4,0xd5,0xf4,0xdd,0x72,0xcd,0x72,0xcd,0x8f,0xbc,
    0x37,0xde,0xde,0xff,0x77,0xee,0x97,0xee,0x97,0xee,0x97,0xee,0x97,0xee,0x77,0xee,
    0x77,0xee,0x77,0xee,0x56,0xee,0x36,0xee,0x56,0xee,0x56,0xee,0x77,0xee,0x56,0xe6,
    0x15,0xe6,0x35,0xee,0xf5,0xe5,0x70,0xac,0xee,0x93,0x2f,0x9c,0x71,0x9c,0x2e,0xa4,
    0xed,0x93,0xb2,0x9c,0x13,0xad,0x70,0x9c,0x2f,0x94,0xd2,0xa4,0xb2,0xa4,0xd2,0xa4,
    0xf3,0xac,0x54,0xbd,0xf2,0xac,0x50,0x8c,0xed,0xa3,0xcf,0xcc,0x6f,0xbc,0xcf,0xc4,
    0xd0,0xc4,0x10,0xcd,0x31,0xcd,0x31,0xcd,0x10,0xcd,0x52,0xd5,0x72,0xd5,0x72,0xdd,
    0xaf,0xbc,0x6b,0x8b,0x31,0xcd,0x72,0xd5,0x72,0xd5,0x51,0xd5,0x10,0xcd,0x31,0xcd,
    0x10,0xcd,0x8f,0xbc,0xed,0xa3,0x8f,0xb4,0xed,0x9b,0x2e,0xa4,0x0e,0x9c,0xf3,0xac,
    0x54,0xb5,0x54,0xb5,0x34,0xb5,0x34,0xb5,0x54,0xb5,0x54,0xbd,0x54,0xbd,0x34,0xb5,
    0x14,0xa5,0x14,0xa5,0x14,0xa5,0x14,0xa5,0x14,0xa5,0xf3,0xa4,0xf3,0xa4,0xf4,0xa4,
    0x14,0xa5,0x55,0xb5,0xb5,0xc5,0x13,0xad,0xd3,0x9c,0x14,0xa5,0x75,0xbd,0xd6,0xc5,
    0xd3,0x9c,0x4b,0x73,0x31,0xc5,0x97,0xe6,0x15,0xde,0x93,0xd5,0x92,0xcd,0xf4,0xd5,
    0x56,0xde,0x36,0xde,0x36,0xde,0xf4,0xd5,0xf5,0xd5,0x36,0xde,0x36,0xde,0xf4,0xd5,
    0xd4,0xd5,0xf4,0xd5,0xf4,0xdd,0xf4,0xdd,0xd4,0xd5,0xf4,0xd5,0x15,0xde,0x15,0xde,
    0x93,0xcd,0x56,0xde,0xf4,0xd5,0xf4,0xd5,0x7c,0xf7,0x5c,0xf7,0x7c,0xf7,0x7c,0xf7,
    0x7c,0xf7,0x7c,0xf7,0x7c,0xf7,0x5c,0xf7,0x7c,0xf7,0x7c,0xf7,0x7c,0xf7,0x7c,0xf7,
    0x7d,0xf7,0x7d,0xf7,0x9d,0xf7,0x9d,0xf7,0x9d,0xf7,0x9d,0xf7,0x9d,0xf7,0xbe,0xff,
    0xbe,0xff,0xbe,0xff,0xbe,0xff,0xbe,0xff,0xbe,0xff,0xbe,0xff,0xbe,0xf7,0xbe,0xf7,
    0xde,0xff,0x9e,0xf7,0xb9,0xee,0x7c,0xf7,0xd3,0xe5,0x77,0xee,0x9d,0xf7,0xbe,0xff,
    0xbe,0xff,0xff,0xff,0xfa,0xe6,0x32,0xcd,0xb3,0xdd,0x52,0xcd,0xb3,0xd5,0x93,0xd5,
    0x92,0xd5,0x98,0xe6,0x57,0xe6,0xf4,0xe5,0x35,0xe6,0x15,0xe6,0x36,0xe6,0x31,0xcd,
    0xd0,0xbc,0xfa,0xee,0xde,0xff,0x7c,0xf7,0xde,0xff,0x57,0xde,0xaf,0xbc,0xf1,0xbc,
    0x52,0xc5,0xb4,0xcd,0x53,0xcd,0xd5,0xd5,0xbe,0xff,0xde,0xff,0xbe,0xff,0x9d,0xf7,
    0x3c,0xef,0x36,0xde,0x53,0xc5,0x6e,0xb4,0x55,0xf6,0xb8,0xf6,0xb8,0xf6,0x98,0xee,
    0x97,0xee,0x97,0xee,0x77,0xee,0x77,0xee,0x77,0xee,0x77,0xee,0x56,0xee,0x36,0xee,
    0x77,0xee,0x77,0xee,0x56,0xee,0x15,0xe6,0xf4,0xe5,0x35,0xee,0x32,0xcd,0x14,0xad,
    0x14,0xa5,0x0e,0x9c,0x2f,0xa4,0x4f,0xa4,0x0e,0x9c,0x70,0x9c,0x71,0x9c,0x50,0x9c,
    0xf3,0xac,0xd2,0xa4,0xb2,0xa4,0xf3,0xac,0x34,0xbd,0x74,0xbd,0x13,0xad,0x50,0x94,
    0x4e,0xb4,0x52,0xd5,0x32,0xd5,0x10,0xcd,0xd0,0xc4,0xaf,0xc4,0xaf,0xc4,0x11,0xcd,
    0x52,0xd5,0x93,0xd5,0x72,0xd5,0x52,0xd5,0x51,0xd5,0x4e,0xac,0xaf,0xbc,0xf0,0xc4,
    0x11,0xcd,0x6e,0xbc,0xcf,0xc4,0xd0,0xcc,0xcf,0xcc,0x10,0xcd,0x4e,0xb4,0x93,0xd5,
    0xb0,0xb4,0xcd,0x93,0xed,0x9b,0xd2,0xac,0x95,0xbd,0x54,0xb5,0x54,0xbd,0x74,0xbd,
    0x13,0xb5,0x34,0xb5,0x34,0xbd,0x34,0xb5,0x14,0xa5,0x14,0xa5,0x14,0xa5,0x14,0xa5,
    0x14,0xa5,0xf3,0xa4,0x14,0xa5,0x34,0xad,0x54,0xb5,0xb5,0xc5,0x54,0xb5,0xf3,0xa4,
    0x14,0xa5,0x54,0xb5,0xb5,0xc5,0x14,0xad,0x4c,0x73,0x6e,0xa4,0x56,0xe6,0x15,0xde,
    0x93,0xd5,0xb3,0xd5,0xb3,0xd5,0x15,0xde,0x56,0xe6,0x15,0xde,0xf4,0xd5,0x15,0xde,
    0x36,0xde,0x36,0xde,0xf5,0xdd,0xf4,0xd5,0x15,0xde,0x15,0xde,0xf4,0xd5,0xf4,0xdd,
    0xf4,0xd5,0xf4,0xdd,0x15,0xde,0x15,0xde,0x93,0xcd,0x36,0xde,0xf4,0xd5,0xd4,0xd5,
    0xbe,0xff,0xbe,0xff,0xde,0xff,0xde,0xff,0xde,0xff,0xde,0xff,0xbe,0xff,0xbe,0xff,
    0xbe,0xff,0xbe,0xff,0xbe,0xff,0xde,0xff,0xde,0xff,0xde,0xff,0xdf,0xff,0xdf,0xff,
    0xdf,0xff,0xdf,0xff,0xdf,0xff,0xdf,0xff,0xdf,0xff,0xdf,0xff,0xdf,0xff,0xdf,0xff,
    0xdf,0xff,0xdf,0xff,0xdf,0xff,0xdf,0xff,0xdf,0xff,0xbe,0xff,0x5c,0xf7,0xfa,0xee,
    0x71,0xdd,0x98,0xee,0xbe,0xf7,0xbe,0xff,0xdf,0xff,0xde,0xff,0xff,0xff,0xda,0xe6,
    0xf5,0xdd,0x72,0xd5,0xd4,0xd5,0xb3,0xdd,0x72,0xd5,0x36,0xde,0xfa,0xee,0x92,0xdd,
    0xf4,0xe5,0x15,0xe6,0xf5,0xe5,0x72,0xd5,0xd4,0xd5,0xb4,0xcd,0xb9,0xe6,0xff,0xff,
    0xdf,0xff,0xb9,0xe6,0xf0,0xbc,0x31,0xcd,0x11,0xbd,0x94,0xcd,0x73,0xcd,0xb9,0xe6,
    0xbd,0xff,0x9d,0xff,0x1a,0xf7,0xbe,0xff,0x3a,0xf7,0xbe,0xff,0x7d,0xf7,0x77,0xe6,
    0x56,0xee,0x14,0xee,0x55,0xee,0xb8,0xf6,0x97,0xee,0x77,0xee,0x77,0xee,0x77,0xee,
    0x77,0xee,0x77,0xee,0x56,0xee,0x56,0xee,0x77,0xee,0x77,0xee,0x35,0xe6,0x15,0xe6,
    0xf4,0xe5,0xb3,0xe5,0xd2,0xb4,0x55,0xad,0xd2,0xa4,0x0e,0x9c,0x2e,0xa4,0x0e,0xa4,
    0x4f,0xa4,0x2f,0x94,0x13,0xad,0x34,0xb5,0xf3,0xac,0xf3,0xac,0xf3,0xac,0x13,0xb5,
    0x74,0xbd,0x95,0xc5,0x13,0xad,0x30,0x94,0x0d,0xac,0x51,0xd5,0xd4,0xdd,0xb4,0xdd,
    0xb4,0xdd,0xb4,0xdd,0xf0,0xcc,0xd0,0xc4,0x93,0xd5,0x72,0xd5,0x72,0xd5,0x52,0xd5,
    0x52,0xd5,0xf0,0xc4,0xaf,0xbc,0x11,0xcd,0x8f,0xbc,0x31,0xcd,0xb3,0xd5,0x93,0xd5,
    0x93,0xd5,0xb3,0xdd,0x11,0xc5,0x52,0xd5,0xf1,0xb4,0x2f,0x9c,0xcc,0x93,0xac,0x93,
    0xf2,0xb4,0x95,0xbd,0x74,0xbd,0x13,0xb5,0xf2,0xac,0x34,0xb5,0x54,0xbd,0x54,0xb5,
    0x14,0xad,0x14,0xa5,0x14,0xa5,0x14,0xa5,0x14,0xad,0x34,0xad,0x34,0xad,0x54,0xb5,
    0x54,0xad,0x14,0xa5,0xf3,0xa4,0xf3,0xa4,0x75,0xbd,0xb5,0xc5,0x95,0xbd,0xae,0x7b,
    0xcc,0x93,0xf4,0xd5,0x56,0xde,0x72,0xcd,0x92,0xd5,0x93,0xd5,0xf4,0xd5,0x56,0xe6,
    0xf4,0xd5,0xd4,0xd5,0x36,0xde,0x36,0xde,0x15,0xde,0x15,0xde,0xf4,0xdd,0x15,0xde,
    0x36,0xde,0x36,0xde,0xf5,0xdd,0xf4,0xdd,0xf4,0xdd,0x36,0xde,0x36,0xde,0x15,0xde,
    0xd4,0xd5,0x36,0xde,0xd4,0xd5,0xd4,0xd5,0xdf,0xff,0xdf,0xff,0xdf,0xff,0xdf,0xff,
    0xdf,0xff,0xdf,0xff,0xdf,0xff,0xdf,0xff,0xdf,0xff,0xdf,0xff,0xdf,0xff,0xdf,0xff,
    0xdf,0xff,0xdf,0xff,0xdf,0xff,0xdf,0xff,0xdf,0xff,0xdf,0xff,0xdf,0xff,0xdf,0xff,
    0xdf,0xff,0xdf,0xff,0xdf,0xff,0xdf,0xff,0xff,0xff,0xdf,0xff,0xdf,0xff,0xdf,0xff,
    0xdf,0xff,0xbe,0xff,0x9d,0xff,0x77,0xe6,0x71,0xd5,0x77,0xe6,0xdf,0xf7,0x9e,0xf7,
    0xdf,0xff,0xdf,0xff,0xdf,0xff,0x9e,0xf7,0xfa,0xee,0x3b,0xef,0x77,0xe6,0x92,0xd5,
    0x72,0xd5,0x52,0xcd,0xdf,0xf7,0xb4,0xd5,0xb2,0xdd,0xf4,0xe5,0xd4,0xdd,0x31,0xcd,
    0xb4,0xd5,0x9d,0xf7,0xf6,0xd5,0x16,0xd6,0x98,0xe6,0xd5,0xd5,0x31,0xc5,0xf0,0xbc,
    0x31,0xc5,0x11,0xbd,0xb4,0xd5,0x7d,0xf7,0xde,0xff,0x5c,0xf7,0x7c,0xf7,0xbe,0xff,
    0xd9,0xf6,0x9d,0xf7,0x76,0xee,0x77,0xee,0x3b,0xf7,0xfa,0xee,0x14,0xe6,0x92,0xe5,
    0x56,0xee,0x77,0xee,0x57,0xee,0x77,0xee,0x77,0xee,0x77,0xee,0x56,0xee,0x56,0xee,
    0x77,0xee,0x56,0xee,0x15,0xe6,0xf5,0xe5,0x15,0xee,0x8f,0xbc,0x2f,0x9c,0x70,0xa4,
    0xed,0x9b,0xac,0x93,0x0e,0x94,0x91,0xa4,0x0e,0x9c,0x4f,0xa4,0x33,0xb5,0x34,0xb5,
    0x13,0xad,0x13,0xad,0x13,0xad,0x33,0xb5,0x74,0xbd,0x74,0xbd,0x13,0xad,0x0f,0x8c,
    0xec,0xab,0xcf,0xc4,0x93,0xd5,0xf5,0xdd,0xf5,0xdd,0x36,0xe6,0xd4,0xdd,0x8f,0xc4,
    0x11,0xcd,0x72,0xd5,0x52,0xd5,0x72,0xd5,0x51,0xd5,0x72,0xd5,0x11,0xcd,0x8e,0xc4,
    0x52,0xd5,0x15,0xde,0xf4,0xdd,0xd4,0xdd,0xd4,0xdd,0xb3,0xdd,0x93,0xdd,0xf1,0xbc,
    0x4f,0x9c,0x54,0xbd,0xb1,0xac,0xcd,0x93,0x8c,0x8b,0x0e,0x9c,0x0e,0x9c,0x90,0xa4,
    0x54,0xbd,0x54,0xbd,0x54,0xbd,0x54,0xbd,0x34,0xad,0x14,0xad,0x34,0xad,0x34,0xad,
    0x54,0xb5,0x54,0xb5,0x54,0xb5,0x54,0xb5,0x34,0xa5,0xd3,0x9c,0xd3,0x94,0x55,0xb5,
    0xb6,0xc5,0xd6,0xc5,0x92,0x94,0xac,0x83,0x52,0xc5,0x56,0xe6,0xd4,0xd5,0x72,0xcd,
    0x72,0xcd,0xd4,0xd5,0x56,0xe6,0xf4,0xd5,0xb3,0xd5,0x36,0xde,0x36,0xde,0x15,0xde,
    0x15,0xde,0x15,0xde,0x15,0xde,0x36,0xde,0x35,0xde,0x36,0xde,0x36,0xde,0x15,0xde,
    0x36,0xde,0x36,0xde,0x15,0xde,0x15,0xde,0xf5,0xdd,0x15,0xde,0xd4,0xd5,0xd4,0xd5,
    0xdf,0xff,0xff,0xff,0xdf,0xff,0xdf,0xff,0xdf,0xff,0xdf,0xff,0xdf,0xff,0xdf,0xff,
    0xdf,0xff,0xdf,0xff,0xdf,0xff,0xdf,0xff,0xdf,0xff,0xdf,0xff,0xdf,0xff,0xdf,0xff,
    0xdf,0xff,0xdf,0xff,0xdf,0xff,0xdf,0xff,0xdf,0xff,0xdf,0xff,0xdf,0xff,0xdf,0xff,
    0xdf,0xff,0xff,0xff,0xdf,0xff,0xdf,0xff,0xdf,0xff,0xbe,0xff,0x7d,0xf7,0xb3,0xd5,
    0x31,0xd5,0xb4,0xd5,0xdf,0xf7,0x9e,0xf7,0xde,0xff,0xff,0xff,0xdf,0xff,0xff,0xff,
    0x9e,0xf7,0xfa,0xee,0x56,0xe6,0x51,0xd5,0x72,0xd5,0xcf,0xc4,0x99,0xe6,0x36,0xde,
    0x8e,0xbc,0x51,0xd5,0xb3,0xd5,0x52,0xcd,0x31,0xcd,0x3c,0xef,0xff,0xff,0x3b,0xef,
    0xf5,0xd5,0xb4,0xcd,0xda,0xe6,0xf5,0xd5,0xaf,0xbc,0xaf,0xb4,0xb5,0xc5,0xff,0xff,
    0xdf,0xff,0x7c,0xf7,0xff,0xff,0x5c,0xf7,0x7c,0xf7,0xf9,0xf6,0x14,0xe6,0x97,0xee,
    0x77,0xee,0x97,0xee,0x56,0xe6,0xf4,0xdd,0x92,0xdd,0xd3,0xe5,0x76,0xee,0x77,0xee,
    0x56,0xee,0x77,0xee,0x56,0xee,0x56,0xee,0x56,0xee,0x15,0xe6,0x15,0xe6,0x15,0xe6,
    0xb3,0xdd,0x2f,0xa4,0xf2,0xb4,0x91,0xa4,0xb2,0xa4,0x30,0x94,0xf3,0xa4,0xf2,0xac,
    0x0e,0x9c,0xed,0x9b,0x6f,0xa4,0x75,0xb5,0x34,0xb5,0x34,0xb5,0xf3,0xac,0x13,0xb5,
    0x74,0xbd,0x74,0xbd,0xd3,0xa4,0x0e,0x94,0x0d,0xb4,0xaf,0xc4,0x10,0xcd,0xb3,0xd5,
    0xf5,0xdd,0xf5,0xdd,0x15,0xe6,0x31,0xd5,0x31,0xcd,0x72,0xd5,0x72,0xd5,0x72,0xd5,
    0x72,0xd5,0x51,0xd5,0xf0,0xcc,0xf0,0xcc,0x72,0xd5,0x93,0xd5,0xb3,0xdd,0xb3,0xdd,
    0x93,0xdd,0x93,0xd5,0xf4,0xe5,0xd1,0xb4,0x0e,0x94,0x13,0xb5,0x34,0xbd,0x33,0xbd,
    0xf2,0xb4,0xd2,0xb4,0x13,0xb5,0x74,0xbd,0x54,0xbd,0x54,0xbd,0x74,0xbd,0x75,0xbd,
    0x54,0xb5,0x54,0xb5,0x54,0xb5,0x54,0xb5,0x54,0xb5,0x54,0xb5,0x54,0xb5,0x54,0xb5,
    0x34,0xad,0x34,0xa5,0x75,0xb5,0xf7,0xd5,0x17,0xd6,0x75,0xb5,0xad,0x7b,0x8f,0xac,
    0xf4,0xd5,0x36,0xde,0x93,0xcd,0x92,0xcd,0xb3,0xd5,0x56,0xe6,0x15,0xde,0xb3,0xd5,
    0x35,0xde,0x36,0xde,0x15,0xde,0xf4,0xdd,0x15,0xde,0x36,0xde,0x36,0xde,0x35,0xde,
    0x36,0xde,0x36,0xde,0x15,0xde,0x15,0xde,0x36,0xde,0x15,0xde,0x15,0xde,0x15,0xde,
    0xf4,0xd5,0x15,0xde,0xd4,0xd5,0xb3,0xd5,0xdf,0xff,0xdf,0xff,0xdf,0xff,0xdf,0xff,
    0xdf,0xff,0xdf,0xff,0xde,0xff,0xde,0xff,0xde,0xff,0xde,0xff,0xde,0xff,0xbe,0xff,
    0xbe,0xff,0xbe,0xff,0xbe,0xff,0xbe,0xff,0xbe,0xff,0xbe,0xff,0xbe,0xff,0xbe,0xff,
    0xbe,0xff,0xbe,0xff,0xbe,0xff,0x9d,0xff,0x9d,0xff,0xbd,0xff,0x9e,0xff,0xbe,0xff,
    0x9e,0xff,0xbd,0xff,0x5b,0xf7,0x72,0xcd,0xcf,0xc4,0xb4,0xd5,0xbe,0xf7,0x9d,0xf7,
    0x9d,0xf7,0xbe,0xff,0x9d,0xff,0x9d,0xf7,0x9d,0xff,0x3b,0xf7,0x93,0xcd,0xd0,0xc4,
    0x51,0xcd,0xaf,0xbc,0x10,0xc5,0x16,0xde,0x57,0xde,0x93,0xd5,0xb3,0xd5,0x93,0xd5,
    0x31,0xcd,0xd5,0xd5,0x9d,0xf7,0xfa,0xee,0xb9,0xe6,0x1b,0xef,0x7c,0xff,0x1a,0xf7,
    0xf5,0xd5,0xd0,0xb4,0xfb,0xe6,0xff,0xff,0xbe,0xff,0x9d,0xff,0xff,0xff,0x1a,0xf7,
    0x9d,0xff,0x55,0xee,0x56,0xee,0x76,0xee,0x76,0xee,0x56,0xe6,0x15,0xde,0x76,0xe6,
    0x56,0xe6,0xb3,0xd5,0xb3,0xd5,0x56,0xee,0x76,0xee,0x56,0xee,0x56,0xee,0x77,0xee,
    0x35,0xe6,0xf5,0xe5,0xf5,0xe5,0x35,0xee,0xd1,0xbc,0x71,0x9c,0x94,0xc5,0xf3,0xac,
    0x71,0x9c,0x91,0xa4,0x34,0xb5,0xb1,0xa4,0xd2,0xac,0x33,0xb5,0x4f,0xa4,0x91,0xac,
    0x33,0xb5,0xf2,0xac,0xf2,0xac,0x33,0xb5,0x74,0xbd,0x54,0xbd,0xd2,0xa4,0xee,0x93,
    0x4d,0xbc,0xf0,0xcc,0xf0,0xcc,0x11,0xd5,0x72,0xd5,0xd4,0xdd,0x15,0xe6,0xb3,0xdd,
    0x72,0xd5,0x93,0xd5,0x92,0xd5,0x72,0xd5,0x72,0xd5,0x51,0xd5,0x10,0xcd,0x31,0xd5,
    0x72,0xd5,0x31,0xd5,0x31,0xd5,0x93,0xd5,0xd4,0xdd,0x15,0xe6,0xf5,0xdd,0x13,0xb5,
    0xf2,0xac,0x70,0xa4,0x33,0xbd,0x54,0xbd,0x54,0xbd,0x74,0xc5,0x54,0xbd,0x54,0xbd,
    0x74,0xbd,0x74,0xbd,0x74,0xbd,0x74,0xbd,0x75,0xbd,0x54,0xb5,0x54,0xb5,0x54,0xb5,
    0x54,0xb5,0x54,0xb5,0x34,0xad,0x54,0xad,0x96,0xb5,0x75,0xad,0x37,0xd6,0x37,0xd6,
    0xf7,0xc5,0x0f,0x84,0x0d,0x9c,0x11,0xc5,0x36,0xde,0xf4,0xd5,0x93,0xd5,0x93,0xd5,
    0x36,0xde,0x36,0xde,0xb4,0xd5,0x36,0xe6,0x36,0xde,0x35,0xde,0xf5,0xdd,0x15,0xde,
    0x36,0xde,0x36,0xde,0x36,0xde,0x36,0xde,0x36,0xde,0x56,0xde,0x15,0xde,0x15,0xde,
    0x35,0xde,0x15,0xde,0x15,0xde,0x15,0xde,0xd4,0xd5,0x15,0xde,0xd4,0xd5,0xb3,0xd5,
    0x7c,0xf7,0x7c,0xf7,0x7c,0xf7,0x7c,0xf7,0x7c,0xf7,0x7c,0xf7,0x5c,0xf7,0x5c,0xf7,
    0x5c,0xf7,0x5c,0xf7,0x5c,0xf7,0x5b,0xf7,0x3b,0xf7,0x3b,0xf7,0x3b,0xf7,0x3b,0xf7,
    0x3b,0xf7,0x3b,0xf7,0x3b,0xf7,0x3b,0xf7,0x3b,0xf7,0x3b,0xf7,0x3b,0xf7,0x3b,0xf7,
    0x5b,0xf7,0x3b,0xf7,0x3b,0xf7,0x3b,0xf7,0x3b,0xf7,0x5b,0xf7,0xd9,0xee,0xb3,0xd5,
    0xf0,0xcc,0x73,0xcd,0x7c,0xf7,0x3b,0xf7,0x3b,0xf7,0x5c,0xf7,0x1a,0xef,0x1a,0xef,
    0x1a,0xef,0xb8,0xee,0x77,0xe6,0xf4,0xd5,0x10,0xcd,0x8f,0xbc,0xd0,0xbc,0x15,0xde,
    0x98,0xe6,0xf4,0xd5,0x52,0xcd,0x92,0xd5,0x72,0xd5,0x31,0xcd,0xf5,0xd5,0x57,0xde,
    0xb9,0xe6,0x9d,0xf7,0x3a,0xf7,0xf9,0xf6,0x5a,0xff,0xb9,0xee,0xdf,0xff,0xdf,0xff,
    0xbe,0xff,0xdf,0xff,0x9d,0xff,0x7c,0xf7,0x5b,0xf7,0x14,0xe6,0x97,0xee,0x56,0xe6,
    0x76,0xee,0x15,0xe6,0x36,0xe6,0x36,0xe6,0x36,0xe6,0x56,0xe6,0x15,0xde,0x72,0xcd,
    0xb3,0xdd,0x56,0xee,0x77,0xee,0x56,0xe6,0xf4,0xe5,0xf4,0xe5,0xf4,0xe5,0xd3,0xdd,
    0x91,0xa4,0xf3,0xac,0x90,0xa4,0x50,0x94,0xb2,0xa4,0x13,0xb5,0x34,0xb5,0xd2,0xac,
    0x13,0xb5,0x95,0xbd,0x95,0xbd,0x33,0xb5,0x13,0xb5,0x33,0xb5,0x54,0xbd,0x54,0xbd,
    0x74,0xbd,0x74,0xbd,0xf3,0xa4,0xee,0x93,0x6e,0xc4,0x11,0xcd,0x93,0xd5,0xb3,0xdd,
    0x93,0xdd,0xb3,0xdd,0xf4,0xdd,0xf5,0xe5,0x93,0xdd,0x72,0xd5,0x92,0xd5,0x72,0xd5,
    0x72,0xd5,0x93,0xd5,0xb4,0xdd,0xb4,0xdd,0x93,0xdd,0xb4,0xdd,0xf4,0xdd,0xf5,0xdd,
    0x15,0xde,0x36,0xe6,0x53,0xc5,0x54,0xbd,0x74,0xc5,0x13,0xb5,0x91,0xac,0xf2,0xb4,
    0x13,0xb5,0xd2,0xac,0x33,0xb5,0x95,0xbd,0x75,0xbd,0x74,0xbd,0x74,0xbd,0x74,0xbd,
    0x54,0xbd,0x54,0xbd,0x75,0xbd,0x54,0xb5,0x74,0xb5,0x95,0xc5,0xb6,0xc5,0xb6,0xbd,
    0x76,0xad,0x17,0xce,0x58,0xde,0x58,0xd6,0xb2,0x9c,0xad,0x8b,0xaf,0xb4,0x93,0xcd,
    0x56,0xe6,0x93,0xcd,0x92,0xcd,0xf5,0xdd,0x77,0xe6,0xb4,0xd5,0x35,0xde,0x36,0xde,
    0x36,0xde,0x15,0xde,0x15,0xde,0x15,0xde,0x36,0xde,0x36,0xde,0x36,0xe6,0x36,0xde,
    0x56,0xe6,0x36,0xde,0x15,0xde,0x35,0xde,0x15,0xde,0x15,0xde,0x15,0xde,0x15,0xde,
    0xf4,0xd5,0xf5,0xdd,0xd4,0xd5,0xd3,0xd5,0xd9,0xee,0xf9,0xee,0xf9,0xee,0xf9,0xee,
    0xfa,0xee,0xfa,0xee,0xfa,0xee,0xfa,0xee,0xfa,0xee,0xfa,0xee,0x1a,0xef,0xfa,0xee,
    0xfa,0xee,0xfa,0xee,0xfa,0xee,0x1a,0xef,0x1a,0xef,0x1a,0xef,0x1a,0xef,0x1a,0xef,
    0x1a,0xef,0x1a,0xef,0x1a,0xef,0xfa,0xee,0x1a,0xef,0x1a,0xef,0xfa,0xee,0xfa,0xee,
    0x1a,0xef,0x3a,0xf7,0xb8,0xe6,0x16,0xd6,0x51,0xcd,0xd0,0xbc,0x57,0xde,0x5c,0xf7,
    0xfa,0xee,0x1a,0xf7,0x1a,0xef,0xfa,0xee,0xb8,0xee,0x98,0xe6,0xd9,0xee,0x56,0xde,
    0x31,0xcd,0x10,0xcd,0x52,0xcd,0xf5,0xd5,0xb3,0xd5,0x56,0xde,0x57,0xde,0x52,0xcd,
    0x10,0xc5,0x31,0xc5,0x11,0xc5,0xf5,0xd5,0xdf,0xff,0xff,0xff,0x5b,0xff,0x3b,0xff,
    0xb8,0xee,0xda,0xe6,0xde,0xff,0xbe,0xff,0x9d,0xff,0xde,0xff,0x5b,0xff,0xbd,0xff,
    0x97,0xee,0x76,0xee,0x97,0xee,0x56,0xee,0x56,0xe6,0x15,0xde,0x56,0xe6,0x56,0xe6,
    0x36,0xe6,0x15,0xde,0xd4,0xdd,0x36,0xde,0xf5,0xdd,0x72,0xd5,0xd4,0xe5,0x14,0xe6,
    0xd4,0xdd,0xb3,0xdd,0xd4,0xe5,0x11,0xc5,0x14,0xad,0x34,0xad,0x95,0xbd,0x54,0xb5,
    0x33,0xb5,0x33,0xb5,0xf3,0xac,0x33,0xb5,0x13,0xb5,0x74,0xbd,0x54,0xbd,0x54,0xbd,
    0x54,0xbd,0x34,0xb5,0x34,0xb5,0x54,0xbd,0x74,0xbd,0x75,0xbd,0xf3,0xa4,0xad,0x93,
    0x8e,0xc4,0x52,0xd5,0xf5,0xdd,0xf5,0xdd,0xf5,0xe5,0xf5,0xe5,0xf5,0xe5,0xf5,0xdd,
    0xf4,0xdd,0xd4,0xdd,0xb3,0xdd,0xb3,0xdd,0xb3,0xdd,0xf4,0xdd,0x15,0xe6,0xf5,0xdd,
    0xf5,0xdd,0xf5,0xdd,0xf4,0xdd,0xd4,0xdd,0xf4,0xe5,0xb4,0xd5,0xf2,0xb4,0x95,0xc5,
    0x74,0xbd,0x74,0xbd,0x54,0xbd,0xf2,0xb4,0xd2,0xac,0x13,0xb5,0x95,0xc5,0x75,0xbd,
    0x75,0xbd,0x74,0xbd,0x74,0xbd,0x54,0xbd,0x74,0xbd,0x74,0xbd,0x54,0xb5,0x95,0xbd,
    0xf7,0xcd,0x17,0xce,0xd6,0xc5,0x96,0xb5,0xb6,0xbd,0x38,0xd6,0x38,0xd6,0xd6,0xbd,
    0xae,0x7b,0x8f,0xac,0xf0,0xbc,0x15,0xde,0xf4,0xd5,0x51,0xcd,0xb3,0xd5,0x56,0xe6,
    0xb3,0xd5,0x15,0xde,0x36,0xe6,0x35,0xde,0x36,0xde,0x35,0xde,0x35,0xde,0x36,0xde,
    0x35,0xde,0x35,0xde,0x36,0xe6,0x56,0xe6,0x56,0xe6,0x35,0xde,0x15,0xde,0x15,0xde,
    0x15,0xde,0x15,0xde,0x15,0xde,0x15,0xde,0xf4,0xd5,0x15,0xde,0xd4,0xd5,0xd4,0xd5,
    0xf9,0xee,0xf9,0xee,0xf9,0xee,0xf9,0xee,0xf9,0xee,0xfa,0xee,0xfa,0xee,0xfa,0xee,
    0xfa,0xee,0xfa,0xee,0xfa,0xee,0xfa,0xee,0xfa,0xee,0xfa,0xee,0xf9,0xee,0xfa,0xee,
    0xfa,0xee,0xfa,0xee,0xfa,0xee,0xfa,0xee,0xf9,0xee,0xd9,0xee,0xd9,0xee,0xd9,0xee,
    0xf9,0xee,0x1a,0xef,0x1a,0xef,0xd9,0xee,0xfa,0xee,0xfa,0xee,0xb8,0xee,0x98,0xde,
    0x73,0xcd,0x10,0xc5,0x72,0xcd,0xf5,0xd5,0xd9,0xee,0x1a,0xef,0x3b,0xf7,0x1a,0xef,
    0xb9,0xe6,0x1a,0xef,0xfa,0xee,0x57,0xde,0x72,0xd5,0xef,0xcc,0x31,0xcd,0xd9,0xe6,
    0xb9,0xe6,0xb9,0xe6,0xb8,0xe6,0x98,0xe6,0x98,0xe6,0x93,0xcd,0x73,0xcd,0x93,0xcd,
    0x98,0xe6,0x7d,0xf7,0xf9,0xee,0x36,0xe6,0x53,0xcd,0x7d,0xf7,0x9d,0xf7,0x7d,0xf7,
    0xde,0xff,0xbd,0xff,0x9d,0xff,0x7c,0xff,0x15,0xe6,0xd8,0xee,0x77,0xee,0x77,0xee,
    0x56,0xe6,0x36,0xe6,0x56,0xe6,0x36,0xe6,0x56,0xe6,0xf4,0xdd,0x15,0xde,0x56,0xe6,
    0x56,0xe6,0x36,0xde,0x92,0xd5,0x51,0xd5,0xd3,0xe5,0xb3,0xe5,0x72,0xdd,0x8c,0x8b,
    0xf3,0xa4,0x14,0xad,0xb6,0xc5,0x55,0xb5,0x33,0xb5,0xf2,0xac,0x34,0xb5,0x54,0xbd,
    0xd1,0xac,0x33,0xbd,0x54,0xbd,0x34,0xbd,0x34,0xbd,0x34,0xbd,0x54,0xbd,0x54,0xbd,
    0x54,0xbd,0x74,0xbd,0xd2,0xa4,0x6b,0x93,0x8e,0xc4,0xb3,0xdd,0x36,0xe6,0x15,0xe6,
    0x15,0xe6,0xf5,0xe5,0xf5,0xdd,0xf5,0xe5,0xf4,0xdd,0x15,0xe6,0xf5,0xdd,0xf5,0xdd,
    0x15,0xe6,0x15,0xe6,0x15,0xe6,0x15,0xe6,0xf5,0xdd,0xf5,0xdd,0xf4,0xdd,0xd4,0xdd,
    0xf4,0xe5,0xf2,0xbc,0x54,0xbd,0x95,0xc5,0x95,0xc5,0x95,0xc5,0x75,0xbd,0x95,0xc5,
    0xb5,0xc5,0x95,0xc5,0x74,0xbd,0x74,0xbd,0x75,0xbd,0x74,0xbd,0x74,0xbd,0x74,0xbd,
    0x74,0xbd,0x74,0xbd,0xb6,0xc5,0x37,0xd6,0x37,0xd6,0xd6,0xc5,0xd6,0xbd,0x76,0xb5,
    0x17,0xce,0x17,0xd6,0x18,0xce,0x30,0x8c,0x2e,0x9c,0x11,0xbd,0x72,0xc5,0x36,0xde,
    0x92,0xcd,0x51,0xc5,0x15,0xde,0xb4,0xd5,0xd4,0xd5,0x56,0xe6,0x36,0xde,0x36,0xde,
    0x35,0xde,0x36,0xde,0x36,0xde,0x35,0xde,0xd4,0xd5,0xf4,0xdd,0x56,0xe6,0x56,0xde,
    0x56,0xde,0x15,0xde,0x15,0xde,0x15,0xde,0x15,0xde,0x15,0xde,0x15,0xde,0x15,0xde,
    0xd4,0xd5,0x15,0xde,0xd4,0xd5,0xd4,0xd5,0x7c,0xff,0x7c,0xf7,0x5b,0xf7,0x3b,0xf7,
    0x3a,0xf7,0x1a,0xef,0xfa,0xee,0xd9,0xee,0xd9,0xee,0xb9,0xee,0xb8,0xee,0xd9,0xee,
    0xd9,0xee,0xd9,0xee,0xd9,0xee,0xd9,0xee,0xd9,0xee,0xd9,0xee,0xd9,0xee,0xd9,0xee,
    0xd9,0xee,0xd9,0xee,0xd9,0xee,0xd9,0xee,0xd9,0xee,0xd9,0xee,0xfa,0xee,0xfa,0xee,
    0xd9,0xee,0xf9,0xee,0xb9,0xee,0xb8,0xe6,0x93,0xd5,0x31,0xcd,0x56,0xde,0x93,0xd5,
    0xd4,0xd5,0x16,0xde,0x36,0xde,0xb8,0xe6,0x1b,0xef,0x1a,0xef,0xfa,0xee,0x98,0xe6,
    0xf4,0xd5,0x10,0xcd,0x10,0xcd,0x56,0xde,0xd9,0xe6,0xb8,0xe6,0xb8,0xe6,0xb9,0xe6,
    0xfa,0xee,0x37,0xde,0xda,0xe6,0x1b,0xef,0xf5,0xdd,0xb4,0xd5,0xf4,0xdd,0xd4,0xd5,
    0x98,0xe6,0xbe,0xff,0x5c,0xf7,0x7c,0xf7,0xde,0xff,0x7c,0xff,0xde,0xff,0xb8,0xee,
    0x76,0xe6,0xb8,0xee,0x77,0xee,0x76,0xe6,0x35,0xe6,0x56,0xe6,0x36,0xe6,0x56,0xe6,
    0x36,0xe6,0xf4,0xdd,0x56,0xe6,0x36,0xe6,0x36,0xde,0x56,0xe6,0xb4,0xd5,0x52,0xcd,
    0x31,0xcd,0x14,0xee,0x8f,0xbc,0x0d,0x9c,0xb1,0xa4,0x14,0xad,0x95,0xc5,0x34,0xad,
    0x75,0xbd,0x95,0xbd,0x95,0xbd,0x54,0xbd,0x12,0xb5,0xb1,0xac,0x13,0xb5,0x12,0xb5,
    0x54,0xbd,0x54,0xbd,0x54,0xbd,0x54,0xbd,0x54,0xbd,0x54,0xbd,0xb2,0xa4,0x6c,0x83,
    0x6f,0xac,0xf1,0xbc,0x73,0xcd,0x56,0xe6,0x36,0xe6,0x15,0xe6,0xf5,0xe5,0xf5,0xe5,
    0xf4,0xdd,0xf4,0xdd,0xf5,0xe5,0x15,0xe6,0x15,0xe6,0x15,0xe6,0x15,0xe6,0x15,0xe6,
    0x15,0xe6,0x15,0xe6,0xf4,0xdd,0x15,0xe6,0x94,0xd5,0xb2,0xa4,0x74,0xbd,0x74,0xbd,
    0x75,0xbd,0x95,0xc5,0x75,0xbd,0x74,0xbd,0x74,0xbd,0x74,0xbd,0x74,0xbd,0x74,0xbd,
    0x74,0xbd,0x75,0xbd,0x75,0xbd,0x74,0xbd,0x95,0xbd,0xf6,0xcd,0x37,0xd6,0xb6,0xbd,
    0xd6,0xbd,0xf7,0xc5,0x96,0xb5,0xd7,0xc5,0x17,0xd6,0x17,0xd6,0x14,0xa5,0x8d,0x7b,
    0x52,0xc5,0x11,0xbd,0xf4,0xd5,0x15,0xde,0x31,0xc5,0xb3,0xd5,0xf5,0xdd,0xd4,0xd5,
    0x56,0xe6,0x35,0xde,0x36,0xde,0x36,0xde,0x36,0xde,0x36,0xde,0x15,0xde,0xd4,0xd5,
    0xd3,0xd5,0xf5,0xdd,0x36,0xde,0x36,0xde,0x35,0xde,0xf4,0xdd,0x15,0xde,0x15,0xde,
    0x15,0xde,0xf4,0xdd,0x15,0xde,0x15,0xde,0xf5,0xd5,0x15,0xde,0xd4,0xd5,0xd4,0xd5,
    0x5a,0xff,0x7c,0xff,0xbd,0xff,0xbd,0xff,0xbd,0xff,0x9d,0xff,0x7c,0xf7,0x5c,0xf7,
    0x3b,0xf7,0x1a,0xef,0xf9,0xee,0xd9,0xee,0xd9,0xee,0xd9,0xee,0xfa,0xee,0xfa,0xee,
    0xfa,0xee,0xfa,0xee,0xfa,0xee,0xf9,0xee,0xfa,0xee,0xfa,0xee,0xfa,0xee,0xf9,0xee,
    0xf9,0xee,0xfa,0xee,0xf9,0xee,0xfa,0xee,0xf9,0xee,0x1a,0xef,0xd9,0xee,0xf9,0xee,
    0xd4,0xd5,0xae,0xbc,0x57,0xe6,0x3b,0xef,0xb9,0xe6,0x98,0xe6,0xfa,0xee,0x1a,0xef,
    0xfa,0xee,0xfa,0xee,0xfa,0xee,0xd9,0xee,0xb8,0xe6,0xf5,0xd5,0x92,0xd5,0xd4,0xd5,
    0xfa,0xee,0xfa,0xee,0xb9,0xe6,0xb9,0xe6,0xb9,0xee,0xd9,0xe6,0x7d,0xf7,0x77,0xe6,
    0x1a,0xf7,0x1a,0xf7,0x1a,0xf7,0xb8,0xe6,0x9d,0xf7,0x9d,0xf7,0x7c,0xf7,0xbe,0xff,
    0x7c,0xf7,0x9d,0xf7,0x7c,0xff,0x56,0xee,0xf9,0xee,0x97,0xee,0x77,0xee,0x56,0xe6,
    0x56,0xe6,0x56,0xe6,0x56,0xe6,0x56,0xe6,0x15,0xde,0x35,0xde,0x56,0xe6,0x36,0xe6,
    0x36,0xe6,0x36,0xde,0xd4,0xd5,0x15,0xde,0xd4,0xd5,0x11,0xc5,0x2a,0x83,0xd0,0xb4,
    0x6f,0xa4,0x91,0x9c,0xd6,0xc5,0x34,0xad,0x75,0xbd,0x95,0xc5,0x95,0xbd,0x74,0xbd,
    0x74,0xbd,0x33,0xb5,0x12,0xb5,0x34,0xbd,0x54,0xbd,0x54,0xbd,0x74,0xbd,0x74,0xbd,
    0x54,0xbd,0x34,0xbd,0x91,0xa4,0x91,0x9c,0x54,0xbd,0xb6,0xc5,0x74,0xc5,0xf1,0xbc,
    0x15,0xe6,0x36,0xe6,0x15,0xe6,0xf5,0xdd,0xf5,0xe5,0xf4,0xe5,0xb3,0xd5,0x73,0xcd,
    0x73,0xcd,0xd5,0xd5,0x16,0xde,0xb5,0xcd,0xb4,0xcd,0xb4,0xd5,0xb4,0xd5,0xd4,0xdd,
    0xf1,0xb4,0x34,0xb5,0x54,0xbd,0x74,0xbd,0x74,0xbd,0x75,0xbd,0x95,0xc5,0x95,0xc5,
    0x95,0xc5,0x95,0xbd,0x75,0xbd,0x74,0xbd,0x74,0xbd,0x75,0xbd,0xb5,0xc5,0xf6,0xcd,
    0x17,0xd6,0x17,0xd6,0x96,0xbd,0x76,0xb5,0xd7,0xc5,0xd7,0xbd,0xb6,0xb5,0x38,0xd6,
    0x17,0xd6,0xb6,0xbd,0xae,0x7b,0x6f,0xac,0x93,0xcd,0x31,0xc5,0x56,0xe6,0xf4,0xd5,
    0x31,0xc5,0xd4,0xd5,0xb3,0xd5,0x36,0xe6,0x36,0xde,0x36,0xde,0x36,0xde,0x36,0xde,
    0x36,0xde,0x15,0xde,0xf4,0xdd,0xd3,0xd5,0xf4,0xd5,0x36,0xde,0x36,0xde,0x35,0xde,
    0x15,0xde,0xf4,0xdd,0xf5,0xdd,0xf5,0xdd,0xf4,0xdd,0x15,0xde,0x35,0xde,0x15,0xde,
    0xf5,0xd5,0x35,0xde,0xf4,0xd5,0xd4,0xd5,0x19,0xff,0x39,0xff,0x5a,0xff,0x7b,0xff,
    0x7b,0xff,0x9c,0xff,0x9d,0xff,0xbd,0xff,0xbd,0xff,0xbd,0xff,0x9d,0xff,0x7c,0xf7,
    0x7c,0xf7,0x5c,0xf7,0x3b,0xf7,0x1a,0xef,0x1a,0xef,0x1a,0xef,0x1a,0xef,0x1a,0xef,
    0x1a,0xef,0x1a,0xef,0x1a,0xef,0x1a,0xef,0xfa,0xee,0xfa,0xee,0xfa,0xee,0x1a,0xef,
    0xfa,0xee,0x1b,0xef,0xfa,0xee,0xd9,0xee,0xd9,0xee,0x72,0xcd,0xd4,0xd5,0x3b,0xef,
    0xfa,0xee,0x1a,0xef,0xf9,0xee,0xd9,0xee,0xd9,0xee,0xd9,0xee,0xfa,0xee,0xfa,0xee,
    0xf9,0xee,0xd9,0xee,0x93,0xd5,0x93,0xd5,0x93,0xd5,0x77,0xe6,0xfa,0xee,0xb8,0xe6,
    0x78,0xe6,0x3b,0xef,0xff,0xff,0x7c,0xf7,0x56,0xe6,0x35,0xe6,0x15,0xde,0xda,0xee,
    0xbe,0xff,0x9d,0xff,0xbe,0xff,0xbd,0xff,0x3b,0xf7,0xde,0xff,0xb7,0xee,0x97,0xee,
    0xb8,0xee,0x76,0xee,0x76,0xee,0x35,0xe6,0x76,0xe6,0x56,0xe6,0x56,0xe6,0x56,0xe6,
    0x15,0xde,0x56,0xe6,0x36,0xe6,0x36,0xde,0x56,0xe6,0xf4,0xd5,0xd4,0xd5,0xf4,0xd5,
    0xf4,0xd5,0x93,0xcd,0x2d,0xa4,0x2e,0xa4,0x8f,0xac,0x90,0xa4,0x54,0xbd,0x75,0xb5,
    0x75,0xbd,0xd6,0xcd,0x95,0xbd,0x95,0xc5,0x74,0xbd,0x54,0xbd,0x54,0xbd,0x54,0xbd,
    0x54,0xbd,0x74,0xbd,0x75,0xc5,0x95,0xc5,0x54,0xbd,0x54,0xbd,0xb2,0xa4,0x91,0x9c,
    0x74,0xbd,0xf6,0xcd,0x37,0xd6,0x74,0xbd,0xd1,0xb4,0x36,0xe6,0x36,0xe6,0x15,0xe6,
    0xb4,0xd5,0x73,0xcd,0xd5,0xcd,0xd5,0xcd,0xf6,0xd5,0x37,0xde,0x78,0xde,0x99,0xde,
    0x99,0xde,0x58,0xd6,0x17,0xd6,0x12,0xb5,0x91,0xa4,0x74,0xbd,0x54,0xbd,0x74,0xbd,
    0x74,0xbd,0x95,0xc5,0x95,0xc5,0x95,0xc5,0x95,0xc5,0x95,0xc5,0x75,0xbd,0x74,0xbd,
    0xb5,0xc5,0xf7,0xcd,0x17,0xd6,0x17,0xd6,0x17,0xd6,0x17,0xce,0xd7,0xc5,0xb6,0xbd,
    0xf7,0xc5,0x96,0xb5,0x37,0xd6,0x37,0xd6,0x17,0xd6,0xd3,0x9c,0xad,0x8b,0xb3,0xd5,
    0x52,0xc5,0x72,0xcd,0x97,0xee,0x93,0xcd,0x52,0xc5,0xd4,0xd5,0x15,0xde,0x35,0xde,
    0x35,0xde,0x35,0xde,0x36,0xde,0x35,0xde,0x15,0xde,0x15,0xde,0x15,0xde,0xd4,0xd5,
    0x15,0xde,0x36,0xde,0x35,0xde,0x15,0xde,0xf4,0xdd,0xf4,0xdd,0xf5,0xdd,0x15,0xde,
    0xf5,0xdd,0x15,0xde,0x15,0xde,0xf4,0xdd,0xf5,0xdd,0x36,0xde,0xd4,0xd5,0xf4,0xd5,
    0x3a,0xff,0x3a,0xff,0x5a,0xff,0x39,0xff,0x39,0xff,0x19,0xff,0x18,0xff,0x18,0xf7,
    0x19,0xf7,0x19,0xf7,0x3a,0xff,0x7b,0xff,0x7c,0xff,0x9d,0xff,0x7c,0xff,0x1a,0xef,
    0xfa,0xee,0x1a,0xef,0x1a,0xef,0x1a,0xef,0x1a,0xef,0x1a,0xef,0x1a,0xef,0x1a,0xef,
    0x1a,0xef,0x1a,0xef,0x1a,0xef,0x1a,0xef,0x1a,0xef,0x1a,0xef,0x1a,0xef,0x77,0xe6,
    0x1b,0xef,0x36,0xde,0x52,0xcd,0xd9,0xee,0xd9,0xee,0xb8,0xe6,0xd9,0xee,0xd9,0xee,
    0xd9,0xee,0xd9,0xee,0xd9,0xee,0x1a,0xef,0xfa,0xee,0x3b,0xef,0x57,0xde,0x72,0xcd,
    0x31,0xcd,0xcf,0xc4,0x11,0xc5,0xb4,0xcd,0xf5,0xd5,0xfa,0xee,0x1b,0xef,0x9d,0xff,
    0x3a,0xf7,0xb8,0xee,0x77,0xe6,0xde,0xff,0xbe,0xff,0x9d,0xff,0xdf,0xff,0x5b,0xf7,
    0x9d,0xf7,0x7c,0xff,0x76,0xee,0xd8,0xee,0x56,0xee,0x76,0xee,0x56,0xe6,0x56,0xe6,
    0x76,0xe6,0x56,0xe6,0x76,0xe6,0x36,0xe6,0x35,0xde,0x56,0xe6,0x36,0xe6,0x36,0xe6,
    0x15,0xde,0xf4,0xdd,0xf4,0xdd,0xd4,0xd5,0xb3,0xd5,0x52,0xcd,0xd4,0xdd,0x8f,0xac,
    0xed,0x93,0x6f,0xa4,0xb1,0xac,0x75,0xb5,0x75,0xbd,0xb5,0xc5,0x95,0xc5,0x95,0xc5,
    0x95,0xc5,0x74,0xbd,0x74,0xbd,0x74,0xbd,0x74,0xbd,0x95,0xc5,0x95,0xc5,0x95,0xc5,
    0x54,0xbd,0x74,0xbd,0xd2,0xa4,0x91,0x9c,0x75,0xbd,0xf6,0xcd,0xb5,0xc5,0xd5,0xcd,
    0xb5,0xcd,0xf1,0xbc,0xd4,0xd5,0xd5,0xd5,0x16,0xd6,0x98,0xe6,0x37,0xde,0xf6,0xd5,
    0xf6,0xd5,0x57,0xde,0x58,0xde,0x58,0xde,0x78,0xde,0x78,0xde,0x98,0xe6,0x33,0xb5,
    0x54,0xbd,0x75,0xbd,0x75,0xbd,0x75,0xbd,0x75,0xbd,0x95,0xbd,0x95,0xc5,0x75,0xbd,
    0x95,0xbd,0x95,0xc5,0xb6,0xc5,0xf7,0xcd,0x17,0xd6,0x37,0xd6,0x17,0xd6,0x17,0xce,
    0x17,0xd6,0x17,0xd6,0xf7,0xc5,0xf7,0xcd,0x96,0xb5,0xf7,0xc5,0x37,0xd6,0x37,0xd6,
    0x96,0xb5,0xee,0x8b,0xf0,0xbc,0x35,0xde,0x11,0xbd,0xf4,0xd5,0x56,0xe6,0x11,0xbd,
    0xb3,0xd5,0xf5,0xdd,0x36,0xde,0x36,0xde,0x35,0xde,0x15,0xde,0x15,0xde,0xf5,0xdd,
    0x15,0xde,0x35,0xde,0xf4,0xdd,0xf5,0xdd,0x36,0xe6,0x36,0xde,0x35,0xde,0x15,0xde,
    0xf4,0xdd,0xf4,0xdd,0x15,0xde,0x15,0xde,0x15,0xde,0x15,0xde,0x15,0xde,0xf4,0xd5,
    0x15,0xde,0x15,0xde,0xd4,0xd5,0xd4,0xd5,0x5a,0xff,0x5a,0xff,0x5a,0xff,0x39,0xff,
    0x39,0xff,0x39,0xff,0x18,0xff,0xf7,0xf6,0xb7,0xf6,0x96,0xf6,0xb7,0xf6,0xf8,0xf6,
    0x18,0xff,0x3a,0xff,0xd8,0xf6,0x77,0xe6,0xd9,0xee,0x1a,0xef,0x1a,0xef,0x1a,0xef,
    0x1a,0xef,0x1a,0xef,0x1a,0xef,0x1a,0xef,0x1a,0xef,0x1a,0xef,0x1a,0xef,0x1a,0xef,
    0x1a,0xef,0xfa,0xee,0x1a,0xef,0xd9,0xe6,0xd9,0xee,0xfa,0xee,0x72,0xcd,0x52,0xcd,
    0xb8,0xee,0xd9,0xee,0xd9,0xee,0xd9,0xe6,0xd9,0xee,0xd9,0xee,0xd9,0xee,0xd9,0xee,
    0xfa,0xee,0xfa,0xee,0x5c,0xf7,0xb9,0xe6,0xf5,0xd5,0x93,0xd5,0x73,0xcd,0xb4,0xcd,
    0x16,0xd6,0xda,0xee,0x7c,0xf7,0x5b,0xf7,0x7c,0xff,0xb8,0xee,0x7d,0xf7,0xdf,0xff,
    0xbe,0xff,0x9d,0xff,0xbd,0xff,0x3b,0xf7,0xde,0xff,0xb7,0xf6,0xd8,0xee,0xb7,0xee,
    0x76,0xee,0x76,0xee,0x56,0xe6,0x76,0xe6,0x76,0xe6,0x56,0xe6,0x56,0xe6,0x15,0xde,
    0x56,0xe6,0x36,0xde,0x36,0xde,0x36,0xde,0xf4,0xdd,0xf4,0xdd,0xd4,0xdd,0xb3,0xd5,
    0x93,0xcd,0x93,0xcd,0xd4,0xdd,0xd4,0xdd,0xd0,0xb4,0xcd,0x93,0xd1,0xb4,0x33,0xb5,
    0x55,0xb5,0x95,0xc5,0x95,0xc5,0x95,0xc5,0x95,0xc5,0x74,0xc5,0x74,0xc5,0x74,0xc5,
    0x74,0xc5,0x95,0xc5,0x95,0xc5,0x95,0xc5,0x74,0xbd,0x74,0xbd,0xf3,0xac,0x91,0x9c,
    0x74,0xbd,0xd6,0xcd,0xb5,0xc5,0xb5,0xc5,0x99,0xe6,0x37,0xde,0x17,0xd6,0x99,0xe6,
    0xb9,0xe6,0x78,0xde,0x17,0xd6,0x16,0xd6,0x37,0xde,0x78,0xde,0x58,0xde,0x58,0xde,
    0x58,0xde,0x78,0xe6,0xf6,0xcd,0x13,0xb5,0x95,0xbd,0x95,0xbd,0x75,0xbd,0x95,0xbd,
    0x75,0xbd,0x74,0xbd,0x75,0xbd,0x95,0xc5,0xd6,0xcd,0x17,0xd6,0x38,0xd6,0x38,0xd6,
    0x17,0xd6,0x17,0xd6,0x17,0xd6,0x17,0xd6,0x37,0xd6,0xf7,0xc5,0xf7,0xc5,0xb7,0xbd,
    0xb6,0xbd,0x37,0xd6,0x17,0xd6,0xf7,0xc5,0x71,0x8c,0x4e,0xa4,0xf4,0xdd,0xf5,0xd5,
    0x11,0xc5,0x56,0xe6,0xb4,0xcd,0x31,0xc5,0x35,0xde,0x56,0xe6,0x36,0xde,0x36,0xde,
    0x15,0xde,0x15,0xde,0xf4,0xdd,0x15,0xde,0x35,0xde,0x15,0xde,0xf4,0xdd,0x36,0xde,
    0x36,0xde,0x36,0xde,0x35,0xde,0x15,0xde,0xf5,0xdd,0x15,0xde,0x15,0xde,0x15,0xde,
    0x15,0xde,0x15,0xde,0x35,0xde,0x15,0xde,0x15,0xde,0xf5,0xdd,0xd4,0xd5,0xd4,0xd5,
    0x5a,0xff,0x5a,0xff,0x3a,0xff,0x59,0xff,0x39,0xff,0x39,0xff,0x39,0xff,0x39,0xff,
    0x18,0xff,0xd7,0xf6,0xd7,0xf6,0x18,0xf7,0x18,0xff,0xf8,0xf6,0x55,0xee,0xf4,0xdd,
    0xd9,0xee,0x1a,0xef,0x1a,0xef,0x1a,0xef,0x1a,0xef,0x1a,0xef,0x1a,0xef,0x1a,0xef,
    0x1a,0xef,0x1a,0xef,0x1a,0xef,0x1a,0xef,0xfa,0xee,0xfa,0xee,0xfa,0xee,0x1a,0xef,
    0x1b,0xef,0xfa,0xee,0xb9,0xe6,0x52,0xcd,0x92,0xd5,0x97,0xe6,0xd9,0xee,0xd9,0xee,
    0xd9,0xee,0x56,0xde,0xb9,0xe6,0xd9,0xee,0xd9,0xee,0xd9,0xee,0xd9,0xee,0x1b,0xef,
    0x3b,0xef,0x3b,0xef,0x5c,0xf7,0xda,0xe6,0xff,0xff,0xff,0xff,0xbd,0xff,0x5c,0xff,
    0x1a,0xf7,0x3b,0xef,0xdf,0xff,0xbe,0xff,0x9d,0xff,0xff,0xff,0x3b,0xf7,0x9d,0xf7,
    0x7c,0xff,0x56,0xee,0xf9,0xee,0x76,0xee,0x97,0xee,0x56,0xe6,0x76,0xe6,0x76,0xe6,
    0x56,0xe6,0x76,0xe6,0x35,0xe6,0x35,0xe6,0x56,0xe6,0x36,0xe6,0x36,0xe6,0x15,0xde,
    0xf4,0xdd,0xf4,0xdd,0xd4,0xd5,0xb3,0xd5,0x72,0xcd,0xd4,0xd5,0xf4,0xd5,0x93,0xcd,
    0xb3,0xd5,0xf1,0xb4,0x31,0xbd,0xf2,0xac,0x13,0xa5,0x95,0xc5,0x95,0xc5,0x95,0xc5,
    0x95,0xc5,0x95,0xc5,0x95,0xc5,0x75,0xc5,0x74,0xc5,0x95,0xc5,0xb5,0xc5,0xd6,0xcd,
    0x95,0xc5,0x74,0xbd,0x13,0xad,0xce,0x83,0x33,0xb5,0x95,0xc5,0xb5,0xcd,0xd5,0xcd,
    0x99,0xe6,0xb9,0xe6,0xb9,0xe6,0x99,0xe6,0x98,0xe6,0x37,0xd6,0x17,0xd6,0x17,0xd6,
    0x78,0xde,0x78,0xe6,0x78,0xde,0x57,0xde,0x16,0xd6,0x37,0xde,0x74,0xbd,0x75,0xbd,
    0x95,0xbd,0x95,0xbd,0x75,0xbd,0x95,0xbd,0x95,0xc5,0xb6,0xc5,0xf7,0xcd,0x37,0xd6,
    0x37,0xd6,0x37,0xd6,0x37,0xd6,0x37,0xd6,0x37,0xd6,0x37,0xd6,0x38,0xd6,0x37,0xd6,
    0xf7,0xcd,0xd6,0xc5,0xd7,0xc5,0x76,0xb5,0x17,0xd6,0x17,0xd6,0x17,0xce,0x14,0xa5,
    0xcd,0x8b,0x72,0xcd,0x36,0xde,0xd4,0xd5,0x11,0xc5,0x56,0xe6,0x72,0xc5,0xb3,0xd5,
    0x56,0xe6,0x36,0xde,0x36,0xde,0x35,0xde,0x15,0xde,0xf4,0xdd,0xf4,0xdd,0x15,0xde,
    0x35,0xde,0xf4,0xdd,0x15,0xde,0x36,0xde,0x36,0xde,0x36,0xde,0x35,0xde,0x15,0xde,
    0x15,0xde,0x15,0xde,0x15,0xde,0x15,0xde,0x15,0xde,0x15,0xde,0x35,0xde,0xf4,0xd5,
    0x15,0xde,0xf4,0xdd,0xd3,0xd5,0xd4,0xd5,0x5a,0xff,0x5a,0xff,0x3a,0xff,0x39,0xff,
    0x39,0xff,0x39,0xff,0x18,0xff,0x19,0xff,0x19,0xff,0xf8,0xf6,0xf8,0xf6,0x19,0xff,
    0x18,0xff,0xf8,0xf6,0x35,0xe6,0xd4,0xdd,0xb8,0xe6,0xfa,0xee,0xfa,0xee,0xfa,0xee,
    0x1a,0xef,0x1a,0xef,0x1a,0xef,0x1a,0xef,0x1a,0xef,0x1a,0xef,0x1a,0xef,0xfa,0xee,
    0xf9,0xee,0xd9,0xee,0xd9,0xee,0xb9,0xee,0xd9,0xee,0xd9,0xee,0xd9,0xee,0x98,0xe6,
    0xb4,0xd5,0x93,0xd5,0x72,0xcd,0xf5,0xd5,0x36,0xde,0x98,0xe6,0xd9,0xee,0xd9,0xe6,
    0xd9,0xee,0xd9,0xee,0xb9,0xe6,0xfa,0xee,0x1a,0xef,0x3b,0xef,0xb9,0xe6,0x5c,0xf7,
    0xff,0xff,0xdf,0xff,0xbd,0xff,0x1a,0xf7,0xd9,0xee,0xbe,0xff,0x9d,0xf7,0x7d,0xf7,
    0xbe,0xff,0x9d,0xff,0x5c,0xf7,0xff,0xff,0xb8,0xf6,0xd8,0xee,0xb7,0xee,0x77,0xee,
    0x76,0xee,0x56,0xe6,0x77,0xe6,0x56,0xe6,0x56,0xe6,0x56,0xe6,0x15,0xde,0x56,0xe6,
    0x36,0xe6,0x36,0xe6,0x35,0xe6,0xf4,0xdd,0xf4,0xdd,0xd4,0xdd,0xd4,0xd5,0x93,0xcd,
    0x93,0xd5,0xf4,0xdd,0xd4,0xd5,0x52,0xcd,0x93,0xcd,0xd4,0xd5,0xb4,0xcd,0x11,0xbd,
    0xd2,0xa4,0xb5,0xc5,0x95,0xc5,0x95,0xc5,0x95,0xc5,0x95,0xc5,0x95,0xc5,0x95,0xc5,
    0x95,0xc5,0xb5,0xc5,0xb5,0xc5,0xf6,0xcd,0xb5,0xc5,0x74,0xbd,0xf3,0xac,0xee,0x8b,
    0x13,0xb5,0x74,0xbd,0xb5,0xc5,0xb5,0xcd,0xb9,0xe6,0xb9,0xe6,0x99,0xe6,0x99,0xe6,
    0x78,0xde,0x17,0xd6,0x17,0xd6,0x37,0xd6,0x78,0xde,0x58,0xde,0x78,0xde,0x17,0xd6,
    0x94,0xcd,0x74,0xc5,0x34,0xb5,0xb6,0xc5,0xd6,0xc5,0xb6,0xc5,0xd6,0xc5,0xf7,0xcd,
    0x17,0xd6,0x38,0xd6,0x38,0xd6,0x37,0xd6,0x17,0xd6,0x37,0xd6,0x38,0xd6,0x37,0xd6,
    0x38,0xd6,0x38,0xd6,0xd7,0xc5,0xb6,0xbd,0xf7,0xc5,0xf7,0xc5,0x76,0xad,0xf7,0xcd,
    0x17,0xd6,0x17,0xd6,0xb6,0xbd,0xce,0x83,0xaf,0xb4,0x15,0xde,0x36,0xde,0xb4,0xd5,
    0x11,0xc5,0xb3,0xd5,0x72,0xcd,0x35,0xde,0x56,0xe6,0x36,0xde,0x36,0xde,0x35,0xde,
    0x15,0xde,0xf4,0xdd,0x15,0xde,0x35,0xde,0xf4,0xdd,0x15,0xde,0x36,0xe6,0x36,0xde,
    0x36,0xe6,0x36,0xe6,0x15,0xde,0x15,0xde,0x15,0xde,0x15,0xde,0x15,0xde,0x15,0xde,
    0x36,0xde,0x15,0xde,0x15,0xde,0xf4,0xd5,0x35,0xde,0xf4,0xdd,0xd3,0xd5,0xd4,0xd5,
    0xf9,0xf6,0x19,0xf7,0x39,0xff,0x39,0xff,0x39,0xff,0x39,0xff,0x39,0xff,0x19,0xff,
    0x19,0xff,0xf8,0xf6,0xf8,0xf6,0x18,0xff,0xf8,0xf6,0xd7,0xf6,0x34,0xe6,0xd3,0xd5,
    0x97,0xe6,0xd9,0xee,0xd9,0xe6,0xd9,0xe6,0xd9,0xee,0xd9,0xee,0xd9,0xee,0xd9,0xee,
    0xd9,0xee,0xd9,0xee,0xd9,0xee,0xd9,0xe6,0xb8,0xe6,0xb8,0xe6,0x98,0xe6,0x98,0xe6,
    0x98,0xe6,0x98,0xe6,0x98,0xe6,0xb8,0xe6,0xd9,0xe6,0xd9,0xee,0x98,0xe6,0x77,0xde,
    0xb8,0xe6,0xb9,0xe6,0xb9,0xe6,0xb9,0xe6,0xb9,0xe6,0xb9,0xe6,0xfa,0xee,0x3b,0xef,
    0x1b,0xef,0x98,0xe6,0x77,0xde,0x3b,0xef,0x5c,0xf7,0x1b,0xef,0xb9,0xee,0x77,0xe6,
    0x9d,0xf7,0x7d,0xf7,0x9d,0xff,0x7d,0xff,0xde,0xff,0x5b,0xf7,0xdf,0xff,0x9d,0xff,
    0xb8,0xee,0xf9,0xee,0x76,0xee,0x97,0xee,0x55,0xe6,0x76,0xe6,0x56,0xe6,0x56,0xe6,
    0x56,0xe6,0x15,0xde,0x35,0xe6,0x56,0xe6,0x36,0xe6,0x36,0xe6,0x15,0xde,0xf4,0xdd,
    0xf4,0xdd,0xd4,0xd5,0xd4,0xd5,0x93,0xcd,0xf4,0xdd,0xf4,0xdd,0x93,0xcd,0x93,0xcd,
    0xb4,0xd5,0x52,0xc5,0x93,0xcd,0x12,0xbd,0x13,0xad,0x95,0xbd,0x94,0xc5,0x74,0xc5,
    0x95,0xc5,0x95,0xc5,0x95,0xc5,0x95,0xc5,0xb6,0xc5,0xb5,0xc5,0xb5,0xc5,0xd6,0xcd,
    0xb5,0xc5,0x54,0xbd,0xf3,0xac,0x30,0x94,0x33,0xb5,0xb5,0xc5,0x17,0xd6,0xb5,0xcd,
    0x78,0xde,0x99,0xe6,0x99,0xe6,0x99,0xe6,0x37,0xde,0x37,0xd6,0x17,0xd6,0x37,0xde,
    0x78,0xde,0x78,0xde,0x58,0xde,0xf6,0xd5,0x16,0xd6,0x13,0xb5,0x54,0xbd,0xf7,0xcd,
    0x38,0xd6,0x38,0xd6,0x38,0xd6,0x38,0xd6,0x38,0xd6,0x38,0xd6,0x37,0xd6,0x38,0xd6,
    0x37,0xd6,0x38,0xd6,0x38,0xd6,0x38,0xd6,0x38,0xd6,0x38,0xd6,0xb6,0xbd,0xb6,0xbd,
    0x17,0xce,0x55,0xad,0xd7,0xbd,0x17,0xd6,0x17,0xce,0x38,0xd6,0x50,0x8c,0x0d,0x94,
    0xd3,0xd5,0x36,0xde,0x36,0xde,0x72,0xcd,0x51,0xcd,0x52,0xc5,0x93,0xcd,0x56,0xe6,
    0x36,0xe6,0x36,0xe6,0x36,0xde,0x35,0xde,0xf5,0xdd,0x15,0xde,0x35,0xde,0xf5,0xdd,
    0x15,0xde,0x56,0xe6,0x36,0xe6,0x36,0xde,0x36,0xde,0x35,0xde,0x35,0xde,0x15,0xde,
    0x15,0xde,0x15,0xde,0x15,0xde,0x36,0xde,0x35,0xde,0x15,0xde,0x15,0xde,0xf4,0xd5,
    0x15,0xde,0xd4,0xd5,0xd4,0xd5,0xd4,0xd5,0x55,0xe6,0x55,0xee,0x75,0xee,0x96,0xee,
    0xb7,0xf6,0xf8,0xf6,0x19,0xf7,0x19,0xff,0x19,0xff,0x18,0xf7,0xf8,0xf6,0xd7,0xf6,
    0xf7,0xf6,0xd7,0xf6,0x35,0xe6,0xd4,0xdd,0x77,0xde,0x98,0xe6,0x98,0xe6,0x98,0xe6,
    0x98,0xe6,0xb8,0xe6,0x98,0xe6,0xb8,0xe6,0xb8,0xe6,0xb8,0xe6,0xb8,0xe6,0x98,0xe6,
    0x98,0xe6,0x97,0xe6,0x97,0xe6,0x97,0xe6,0x97,0xe6,0x97,0xe6,0x98,0xe6,0x98,0xe6,
    0x98,0xe6,0x98,0xe6,0xd9,0xe6,0xb9,0xe6,0xb8,0xe6,0xb8,0xe6,0xb9,0xe6,0xb9,0xe6,
    0xb9,0xe6,0xd9,0xe6,0x3b,0xef,0x1a,0xef,0xb9,0xe6,0xfa,0xe6,0x7c,0xf7,0x9d,0xf7,
    0x9d,0xf7,0x3a,0xf7,0xf9,0xee,0xd9,0xee,0x9d,0xff,0x9d,0xf7,0x9d,0xff,0xbe,0xff,
    0x7c,0xf7,0x9d,0xff,0xff,0xff,0xf9,0xf6,0x1a,0xf7,0xb7,0xee,0x97,0xee,0x56,0xe6,
    0x56,0xe6,0x56,0xe6,0x56,0xe6,0x56,0xe6,0x36,0xe6,0x15,0xde,0x56,0xe6,0x36,0xe6,
    0x56,0xe6,0x36,0xe6,0xf4,0xdd,0xf4,0xdd,0xd4,0xd5,0xf4,0xdd,0xb3,0xd5,0xd4,0xd5,
    0x15,0xde,0xd4,0xd5,0x93,0xcd,0xd4,0xd5,0xb4,0xd5,0x73,0xcd,0x73,0xcd,0xd1,0xac,
    0x34,0xad,0x54,0xbd,0x74,0xc5,0x74,0xbd,0x95,0xc5,0x95,0xc5,0x95,0xc5,0xb5,0xc5,
    0xf7,0xcd,0x17,0xd6,0xb6,0xc5,0xb5,0xc5,0xb5,0xc5,0x74,0xbd,0x13,0xb5,0x71,0x9c,
    0x34,0xb5,0xf6,0xcd,0x37,0xd6,0xf6,0xd5,0x57,0xde,0x98,0xe6,0x98,0xe6,0x78,0xe6,
    0x37,0xde,0x17,0xd6,0x17,0xd6,0x58,0xde,0x78,0xde,0x78,0xde,0x78,0xde,0x37,0xde,
    0x74,0xc5,0x13,0xb5,0xd6,0xcd,0x38,0xd6,0x37,0xd6,0x38,0xd6,0x37,0xd6,0x38,0xd6,
    0x38,0xd6,0x38,0xd6,0x38,0xd6,0x38,0xd6,0x38,0xd6,0x38,0xd6,0x17,0xd6,0x17,0xd6,
    0x17,0xd6,0x37,0xd6,0xf7,0xc5,0x17,0xce,0x76,0xad,0x96,0xb5,0x17,0xd6,0x17,0xce,
    0x17,0xd6,0x54,0xad,0x2b,0x73,0x52,0xcd,0x15,0xde,0x36,0xde,0x36,0xde,0x11,0xc5,
    0x52,0xcd,0x72,0xcd,0x15,0xde,0x36,0xde,0x36,0xde,0x36,0xde,0x36,0xde,0x15,0xde,
    0x15,0xde,0x56,0xe6,0x15,0xde,0xf4,0xdd,0x56,0xe6,0x36,0xe6,0x36,0xde,0x36,0xe6,
    0x35,0xde,0x15,0xde,0x15,0xde,0x35,0xde,0x35,0xde,0x35,0xde,0x15,0xde,0x35,0xde,
    0x15,0xde,0x15,0xde,0xf4,0xd5,0xf4,0xdd,0x15,0xde,0xf4,0xdd,0xd4,0xd5,0xd4,0xd5,
    0x14,0xe6,0x14,0xe6,0x14,0xe6,0x14,0xe6,0x34,0xe6,0x35,0xe6,0x55,0xe6,0x76,0xee,
    0x96,0xee,0x76,0xee,0x55,0xee,0x55,0xe6,0x55,0xee,0x55,0xe6,0x14,0xde,0xf4,0xdd,
    0x77,0xde,0x97,0xe6,0x77,0xe6,0x97,0xe6,0x98,0xe6,0x98,0xe6,0x98,0xe6,0xb8,0xe6,
    0xb8,0xe6,0xb8,0xe6,0x98,0xe6,0x98,0xe6,0x97,0xe6,0x98,0xe6,0x98,0xe6,0x98,0xe6,
    0x98,0xe6,0x98,0xe6,0x98,0xe6,0x98,0xe6,0x98,0xe6,0x98,0xe6,0x98,0xe6,0xb9,0xe6,
    0xb9,0xe6,0xd9,0xe6,0xb8,0xe6,0xb8,0xe6,0xb9,0xe6,0xd9,0xee,0xfa,0xee,0x3c,0xef,
    0xbe,0xff,0xff,0xff,0x7b,0xff,0x1a,0xf7,0xf9,0xf6,0x55,0xee,0x14,0xee,0xb7,0xee,
    0x7c,0xf7,0xdf,0xff,0x9d,0xff,0x9d,0xff,0x3b,0xf7,0xff,0xff,0x5b,0xf7,0xd9,0xee,
    0xf9,0xee,0x77,0xee,0x77,0xee,0x56,0xe6,0x76,0xe6,0x56,0xe6,0x56,0xe6,0x56,0xe6,
    0x15,0xde,0x35,0xe6,0x56,0xe6,0x36,0xe6,0x56,0xe6,0x15,0xde,0x14,0xde,0xf4,0xdd,
    0xf4,0xdd,0xd4,0xd5,0x93,0xd5,0xf4,0xdd,0xf4,0xdd,0x93,0xd5,0xb3,0xd5,0xd4,0xd5,
    0x93,0xcd,0xb3,0xd5,0xf2,0xb4,0x34,0xb5,0x34,0xad,0x54,0xbd,0x95,0xc5,0x95,0xc5,
    0x95,0xc5,0x95,0xc5,0x95,0xc5,0xf6,0xcd,0x38,0xd6,0x38,0xd6,0x17,0xd6,0xd6,0xc5,
    0xd6,0xcd,0x95,0xc5,0x34,0xb5,0x91,0xa4,0x33,0xb5,0x37,0xd6,0x17,0xd6,0xf6,0xcd,
    0x78,0xde,0xb9,0xe6,0x99,0xe6,0x98,0xe6,0x17,0xd6,0x17,0xd6,0x17,0xd6,0x78,0xde,
    0x78,0xde,0x78,0xde,0x58,0xde,0x16,0xd6,0x13,0xb5,0xb6,0xc5,0x58,0xd6,0x37,0xd6,
    0x38,0xd6,0x38,0xd6,0x38,0xd6,0x38,0xd6,0x38,0xd6,0x38,0xd6,0x38,0xd6,0x38,0xd6,
    0x37,0xd6,0x37,0xd6,0x17,0xd6,0x37,0xd6,0x17,0xd6,0xd6,0xc5,0x17,0xce,0x96,0xb5,
    0x96,0xb5,0x37,0xd6,0x17,0xd6,0x17,0xce,0x96,0xbd,0x2c,0x6b,0x0d,0x9c,0xf4,0xdd,
    0x36,0xde,0x36,0xde,0x15,0xde,0x11,0xbd,0x31,0xc5,0xf4,0xd5,0x56,0xe6,0x36,0xde,
    0x35,0xde,0x36,0xe6,0x35,0xde,0x15,0xde,0x36,0xe6,0x36,0xde,0xf4,0xdd,0x36,0xe6,
    0x56,0xe6,0x36,0xe6,0x36,0xe6,0x36,0xe6,0x35,0xde,0x15,0xde,0x35,0xde,0x35,0xde,
    0x15,0xde,0x15,0xde,0x15,0xde,0x15,0xde,0x15,0xde,0x15,0xde,0xd4,0xd5,0xf4,0xdd,
    0xf4,0xd5,0xf4,0xd5,0xf4,0xd5,0xd4,0xd5,0x34,0xe6,0x34,0xe6,0x34,0xe6,0x34,0xe6,
    0x35,0xe6,0x34,0xe6,0x34,0xe6,0x14,0xe6,0x14,0xe6,0xf3,0xdd,0xd3,0xdd,0xf3,0xdd,
    0xf4,0xdd,0xf4,0xdd,0xd3,0xdd,0xf4,0xdd,0x77,0xde,0x98,0xe6,0x77,0xe6,0x97,0xe6,
    0x97,0xe6,0x98,0xe6,0x98,0xe6,0x98,0xe6,0x98,0xe6,0x98,0xe6,0x98,0xe6,0x98,0xe6,
    0x98,0xe6,0x98,0xe6,0x98,0xe6,0x98,0xe6,0x98,0xe6,0x98,0xe6,0x98,0xe6,0x98,0xe6,
    0x98,0xe6,0x98,0xe6,0x98,0xe6,0x98,0xe6,0xb8,0xe6,0xb8,0xe6,0xb8,0xe6,0xd9,0xe6,
    0x97,0xe6,0x98,0xe6,0x9e,0xf7,0xff,0xff,0xdf,0xff,0x5b,0xf7,0xb7,0xf6,0xd7,0xf6,
    0xb7,0xf6,0xb7,0xf6,0x9d,0xf7,0x7c,0xf7,0xd8,0xf6,0x5b,0xf7,0x9d,0xff,0x5b,0xf7,
    0xbe,0xff,0xbe,0xff,0x97,0xee,0x1a,0xf7,0x76,0xee,0x77,0xee,0x55,0xe6,0x56,0xe6,
    0x76,0xe6,0x56,0xe6,0x56,0xe6,0x36,0xe6,0x15,0xde,0x56,0xe6,0x36,0xe6,0x36,0xe6,
    0x35,0xe6,0xf4,0xdd,0x15,0xde,0xf4,0xdd,0xf4,0xdd,0xd3,0xd5,0xd4,0xd5,0xf4,0xdd,
    0xb3,0xd5,0xb3,0xd5,0xb3,0xd5,0x93,0xcd,0xb3,0xd5,0xf1,0xbc,0xd2,0xa4,0x54,0xbd,
    0x34,0xb5,0x75,0xbd,0x75,0xbd,0x54,0xb5,0x95,0xc5,0x95,0xc5,0xd6,0xcd,0x38,0xd6,
    0x58,0xd6,0x37,0xd6,0x58,0xd6,0x17,0xd6,0x17,0xd6,0xb5,0xc5,0x54,0xb5,0x50,0x9c,
    0x13,0xb5,0x58,0xde,0x37,0xde,0xf6,0xcd,0x58,0xde,0xb9,0xe6,0xb9,0xe6,0x58,0xde,
    0x17,0xd6,0x17,0xd6,0x57,0xde,0x78,0xde,0x78,0xde,0x78,0xde,0x37,0xde,0x74,0xc5,
    0x54,0xbd,0x58,0xd6,0x38,0xd6,0x38,0xd6,0x38,0xd6,0x38,0xd6,0x38,0xd6,0x38,0xd6,
    0x38,0xd6,0x37,0xd6,0x37,0xd6,0x37,0xd6,0x17,0xd6,0x17,0xd6,0x37,0xd6,0x17,0xce,
    0xd6,0xc5,0x17,0xce,0x96,0xb5,0x96,0xb5,0x58,0xd6,0x38,0xd6,0x38,0xd6,0xd7,0xc5,
    0x50,0x8c,0xcc,0x93,0x52,0xcd,0xf4,0xd5,0x36,0xde,0x56,0xe6,0xf4,0xd5,0xf0,0xbc,
    0x52,0xc5,0x15,0xde,0x36,0xde,0x36,0xde,0x36,0xde,0x36,0xde,0x15,0xde,0x36,0xde,
    0x56,0xe6,0xf5,0xdd,0x36,0xe6,0x56,0xe6,0x36,0xe6,0x36,0xe6,0x36,0xe6,0x35,0xde,
    0x15,0xde,0x35,0xde,0x35,0xde,0x35,0xde,0x35,0xde,0x15,0xde,0x15,0xde,0x15,0xde,
    0x35,0xde,0x36,0xde,0xd4,0xd5,0x15,0xde,0xd4,0xd5,0xd4,0xd5,0xd4,0xd5,0xd4,0xd5,
    0x14,0xe6,0x34,0xe6,0x35,0xe6,0x35,0xe6,0x35,0xe6,0x35,0xe6,0x34,0xe6,0x14,0xe6,
    0x14,0xe6,0xf4,0xdd,0xd3,0xdd,0x14,0xde,0x14,0xde,0x14,0xde,0xd3,0xdd,0xb3,0xd5,
    0x57,0xde,0x98,0xe6,0x98,0xe6,0x98,0xe6,0x98,0xe6,0x98,0xe6,0x98,0xe6,0x98,0xe6,
    0x98,0xe6,0x98,0xe6,0x98,0xe6,0x98,0xe6,0xb8,0xe6,0x98,0xe6,0xb8,0xe6,0xb8,0xe6,
    0xb8,0xe6,0xb8,0xe6,0xb8,0xe6,0xb8,0xe6,0xb8,0xe6,0xb8,0xe6,0x98,0xe6,0xb8,0xe6,
    0x98,0xe6,0x98,0xe6,0xb9,0xe6,0x77,0xde,0xb9,0xe6,0xbe,0xf7,0xdf,0xff,0xbe,0xff,
    0x9d,0xff,0xb7,0xf6,0x96,0xf6,0x35,0xee,0xf4,0xe5,0xb7,0xf6,0x19,0xf7,0xd8,0xf6,
    0xb7,0xee,0xb8,0xee,0xfa,0xee,0x7c,0xf7,0xff,0xff,0xd8,0xee,0x1a,0xef,0xb8,0xee,
    0x56,0xee,0x56,0xee,0x35,0xe6,0x76,0xe6,0x56,0xe6,0x76,0xe6,0x76,0xe6,0x14,0xde,
    0x35,0xe6,0x56,0xe6,0x36,0xe6,0x56,0xe6,0xf4,0xdd,0x35,0xde,0x15,0xde,0xf4,0xdd,
    0xd4,0xdd,0xd4,0xd5,0xf4,0xdd,0xd4,0xd5,0xb3,0xd5,0xb3,0xd5,0xb3,0xd5,0x93,0xcd,
    0xb4,0xd5,0x0d,0x9c,0x91,0xa4,0x54,0xbd,0x54,0xbd,0x55,0xb5,0x75,0xbd,0xf4,0xa4,
    0x74,0xbd,0xb5,0xc5,0x17,0xd6,0x58,0xde,0x37,0xd6,0x37,0xd6,0x38,0xd6,0x58,0xd6,
    0x58,0xde,0xd6,0xcd,0x54,0xb5,0x91,0x9c,0x13,0xb5,0x58,0xde,0x58,0xde,0x37,0xd6,
    0x57,0xde,0xb9,0xe6,0xb9,0xe6,0x37,0xde,0x17,0xd6,0x37,0xd6,0x78,0xde,0x78,0xde,
    0x78,0xde,0x37,0xde,0xd6,0xcd,0x34,0xbd,0x17,0xd6,0x38,0xd6,0x38,0xd6,0x38,0xd6,
    0x38,0xd6,0x38,0xd6,0x38,0xd6,0x37,0xd6,0x38,0xd6,0x37,0xd6,0x37,0xd6,0x37,0xd6,
    0x17,0xd6,0x37,0xd6,0xf7,0xcd,0xd7,0xc5,0x17,0xd6,0x96,0xb5,0x96,0xb5,0x58,0xd6,
    0x38,0xd6,0x58,0xd6,0x38,0xd6,0xd2,0x9c,0xcd,0x93,0xd0,0xbc,0xb3,0xd5,0x36,0xde,
    0x15,0xde,0x56,0xe6,0x93,0xcd,0xaf,0xb4,0x93,0xcd,0x36,0xde,0x35,0xde,0x36,0xde,
    0x36,0xde,0x15,0xde,0x15,0xde,0x56,0xe6,0xf4,0xdd,0x35,0xde,0x56,0xe6,0x36,0xe6,
    0x36,0xe6,0x36,0xe6,0x36,0xe6,0x35,0xde,0x35,0xde,0x36,0xde,0x35,0xde,0x35,0xde,
    0x35,0xde,0x15,0xde,0x15,0xde,0x35,0xde,0x36,0xde,0x36,0xde,0xf4,0xdd,0x15,0xde,
    0xd4,0xd5,0xd4,0xd5,0xd4,0xd5,0xd4,0xd5,0xb2,0xdd,0xf4,0xdd,0x14,0xe6,0x34,0xe6,
    0x35,0xe6,0x34,0xe6,0x14,0xe6,0x14,0xe6,0x14,0xe6,0xf4,0xdd,0xf3,0xdd,0x14,0xde,
    0x14,0xde,0x14,0xde,0xd3,0xdd,0xb3,0xd5,0x57,0xde,0x98,0xe6,0x98,0xe6,0x98,0xe6,
    0x98,0xe6,0x98,0xe6,0x98,0xe6,0x98,0xe6,0x98,0xe6,0x98,0xe6,0x98,0xe6,0xb8,0xe6,
    0xb8,0xe6,0xb8,0xe6,0xb8,0xe6,0xb8,0xe6,0xb8,0xe6,0xb8,0xe6,0xb8,0xe6,0xb8,0xe6,
    0xb8,0xe6,0xb8,0xe6,0xb8,0xe6,0xb8,0xe6,0xb8,0xe6,0xb8,0xe6,0x98,0xe6,0x37,0xde,
    0xdf,0xff,0xff,0xff,0xde,0xff,0xbe,0xff,0xbe,0xff,0x19,0xf7,0x96,0xf6,0x76,0xee,
    0x76,0xee,0xb7,0xf6,0xd8,0xf6,0x1a,0xf7,0x7c,0xf7,0xbd,0xff,0x9d,0xff,0x56,0xe6,
    0x15,0xde,0x97,0xee,0x3a,0xf7,0x76,0xee,0x77,0xee,0x35,0xe6,0x56,0xe6,0x76,0xe6,
    0x56,0xe6,0x56,0xe6,0x35,0xe6,0x15,0xde,0x56,0xe6,0x56,0xe6,0x56,0xe6,0x15,0xde,
    0xf4,0xdd,0x56,0xe6,0xf4,0xdd,0xd4,0xd5,0xb3,0xd5,0xf4,0xdd,0xf4,0xdd,0xb3,0xd5,
    0xb3,0xd5,0xb3,0xd5,0x93,0xd5,0xd4,0xd5,0x32,0xbd,0xf0,0xbc,0x70,0x9c,0x54,0xb5,
    0x54,0xbd,0x54,0xb5,0x54,0xb5,0x54,0xb5,0x95,0xbd,0xd6,0xcd,0x38,0xd6,0x58,0xd6,
    0x37,0xd6,0x37,0xd6,0x37,0xd6,0x38,0xd6,0x78,0xde,0x17,0xd6,0x54,0xbd,0xb2,0xa4,
    0x13,0xb5,0x78,0xde,0x78,0xde,0x78,0xde,0x58,0xde,0xb9,0xe6,0x98,0xe6,0x17,0xd6,
    0x16,0xd6,0x58,0xde,0x78,0xde,0x78,0xde,0x78,0xde,0xf6,0xd5,0x95,0xc5,0xd6,0xcd,
    0x58,0xd6,0x38,0xd6,0x38,0xd6,0x38,0xd6,0x38,0xd6,0x38,0xd6,0x38,0xd6,0x38,0xd6,
    0x38,0xd6,0x37,0xd6,0x37,0xd6,0x17,0xd6,0xb6,0xbd,0xd7,0xc5,0xf7,0xc5,0x17,0xce,
    0x76,0xb5,0xb6,0xb5,0x38,0xd6,0x38,0xd6,0x58,0xd6,0x58,0xd6,0xf3,0xa4,0xed,0x93,
    0x6e,0xac,0x31,0xc5,0xf4,0xd5,0x36,0xe6,0xf5,0xdd,0x56,0xe6,0x31,0xc5,0x8e,0xac,
    0xf4,0xd5,0x36,0xde,0x35,0xde,0x36,0xde,0x36,0xde,0xf4,0xdd,0x56,0xe6,0xf5,0xdd,
    0xf5,0xdd,0x56,0xe6,0x36,0xe6,0x36,0xe6,0x36,0xe6,0x36,0xe6,0x35,0xe6,0x35,0xde,
    0x35,0xde,0x35,0xde,0x35,0xde,0x35,0xde,0x35,0xde,0x35,0xde,0x35,0xde,0x36,0xde,
    0x36,0xde,0x15,0xde,0xf5,0xdd,0x15,0xde,0xd4,0xd5,0xd4,0xd5,0xd4,0xd5,0xd4,0xd5,
    0x91,0xd5,0xb2,0xd5,0xd3,0xdd,0xd3,0xdd,0xd3,0xdd,0xd3,0xdd,0xf4,0xdd,0xf4,0xdd,
    0xf4,0xdd,0xf3,0xdd,0xd3,0xdd,0xf4,0xdd,0x14,0xde,0xf4,0xdd,0xd3,0xdd,0xf4,0xd5,
    0x77,0xde,0x98,0xe6,0x98,0xe6,0x98,0xe6,0x98,0xe6,0x98,0xe6,0x98,0xe6,0x98,0xe6,
    0x98,0xe6,0x98,0xe6,0x98,0xe6,0xb8,0xe6,0xb8,0xe6,0xb8,0xe6,0xb8,0xe6,0xb8,0xe6,
    0xb8,0xe6,0xb8,0xe6,0xb8,0xe6,0xb8,0xe6,0xb8,0xe6,0xb8,0xe6,0xb8,0xe6,0xb8,0xe6,
    0xb8,0xe6,0xb8,0xe6,0x98,0xe6,0x9e,0xf7,0xdf,0xff,0xdf,0xff,0xdf,0xff,0xde,0xff,
    0xde,0xff,0xdf,0xff,0x9d,0xff,0x5b,0xf7,0x9d,0xff,0xdf,0xff,0xff,0xff,0xbd,0xff,
    0x3a,0xf7,0xb7,0xf6,0x75,0xee,0x75,0xee,0xb2,0xdd,0xb3,0xdd,0x97,0xee,0x97,0xee,
    0x56,0xe6,0x14,0xe6,0x76,0xe6,0x56,0xe6,0x56,0xe6,0x56,0xe6,0xf4,0xdd,0x35,0xe6,
    0x56,0xe6,0x56,0xe6,0x76,0xe6,0x15,0xde,0x36,0xde,0x15,0xde,0xf4,0xdd,0xb3,0xd5,
    0xd3,0xd5,0xf4,0xdd,0xd3,0xd5,0x93,0xd5,0x93,0xd5,0x93,0xd5,0x93,0xcd,0x52,0xc5,
    0xf1,0xbc,0x52,0xc5,0x90,0xa4,0x34,0xad,0x54,0xbd,0x75,0xbd,0x34,0xad,0x95,0xc5,
    0xd6,0xc5,0x37,0xd6,0x37,0xd6,0x37,0xd6,0x37,0xd6,0x37,0xd6,0x37,0xd6,0x38,0xd6,
    0x78,0xde,0x58,0xd6,0x95,0xbd,0xd2,0xa4,0xd2,0xac,0x78,0xde,0x78,0xde,0x78,0xde,
    0x78,0xde,0xb9,0xe6,0x78,0xe6,0xf6,0xd5,0x37,0xde,0x78,0xde,0x78,0xde,0x78,0xde,
    0x17,0xd6,0xd6,0xcd,0xb5,0xc5,0x37,0xd6,0x38,0xd6,0x38,0xd6,0x38,0xd6,0x38,0xd6,
    0x38,0xd6,0x38,0xd6,0x37,0xd6,0x37,0xd6,0x38,0xd6,0x37,0xd6,0x38,0xd6,0x17,0xd6,
    0xb6,0xb5,0xf7,0xc5,0x17,0xce,0x55,0xad,0xb6,0xb5,0x58,0xd6,0x38,0xd6,0x38,0xd6,
    0x38,0xd6,0x14,0xa5,0xee,0x8b,0x8f,0xac,0xf0,0xb4,0xb4,0xd5,0xf5,0xdd,0x36,0xde,
    0x15,0xde,0x56,0xe6,0xf0,0xbc,0xd0,0xb4,0x36,0xde,0x35,0xde,0x36,0xde,0x36,0xde,
    0x15,0xde,0xf4,0xdd,0xf4,0xdd,0xd4,0xd5,0x36,0xe6,0x36,0xe6,0x36,0xe6,0x36,0xe6,
    0x36,0xe6,0x36,0xe6,0x35,0xde,0x15,0xde,0x35,0xde,0x35,0xde,0x15,0xde,0x35,0xe6,
    0x35,0xe6,0x35,0xde,0x35,0xde,0x36,0xde,0x56,0xe6,0xf4,0xd5,0xf4,0xd5,0xf4,0xdd,
    0xd4,0xd5,0xf4,0xd5,0xd4,0xd5,0xd4,0xd5,0xd2,0xdd,0xb2,0xdd,0xd2,0xdd,0xb2,0xdd,
    0x91,0xdd,0x91,0xd5,0xb2,0xdd,0xb2,0xdd,0x91,0xd5,0x30,0xcd,0x51,0xcd,0xd3,0xd5,
    0xd3,0xdd,0xd3,0xdd,0xb3,0xd5,0x15,0xde,0x77,0xde,0x98,0xe6,0x98,0xe6,0x98,0xe6,
    0x98,0xe6,0x98,0xe6,0x98,0xe6,0x98,0xe6,0x98,0xe6,0x98,0xe6,0x98,0xe6,0xb8,0xe6,
    0xb8,0xe6,0xb8,0xe6,0xb8,0xe6,0xb8,0xe6,0xb8,0xe6,0xb8,0xe6,0xb8,0xe6,0xb8,0xe6,
    0xb8,0xe6,0xb8,0xe6,0xb8,0xe6,0xb8,0xe6,0xb8,0xe6,0xb8,0xe6,0x5c,0xf7,0xdf,0xff,
    0xde,0xff,0xdf,0xff,0xdf,0xff,0xdf,0xff,0xdf,0xff,0xbe,0xff,0x19,0xf7,0xb7,0xf6,
    0x9c,0xff,0xdf,0xff,0x7b,0xff,0xd8,0xf6,0x96,0xf6,0x75,0xee,0x1a,0xf7,0x5b,0xf7,
    0x76,0xee,0xf4,0xe5,0x56,0xee,0x55,0xe6,0x14,0xe6,0x35,0xe6,0x56,0xe6,0x56,0xe6,
    0x56,0xe6,0x35,0xe6,0xf4,0xdd,0x56,0xe6,0x36,0xe6,0x56,0xe6,0x35,0xe6,0xf4,0xdd,
    0x56,0xe6,0x15,0xde,0xf4,0xd5,0x93,0xd5,0xf4,0xdd,0xf4,0xd5,0x93,0xd5,0x92,0xcd,
    0xb3,0xd5,0x93,0xcd,0x72,0xcd,0xd0,0xb4,0x31,0xbd,0x11,0xbd,0x90,0xac,0xd2,0xa4,
    0x95,0xbd,0xb5,0xcd,0x75,0xb5,0x95,0xbd,0xb6,0xc5,0x17,0xd6,0x37,0xd6,0x38,0xd6,
    0x37,0xd6,0x38,0xd6,0x37,0xd6,0x58,0xd6,0x58,0xde,0x58,0xde,0xd6,0xc5,0x14,0xad,
    0xd2,0xac,0x37,0xde,0x78,0xde,0x78,0xde,0x78,0xde,0x99,0xe6,0x58,0xde,0x17,0xd6,
    0x78,0xde,0x78,0xde,0x78,0xde,0x58,0xde,0xf6,0xd5,0x95,0xc5,0xf6,0xd5,0x58,0xde,
    0x38,0xd6,0x38,0xd6,0x58,0xd6,0x38,0xd6,0x38,0xd6,0x38,0xd6,0x37,0xd6,0x37,0xd6,
    0x37,0xd6,0x38,0xd6,0x37,0xd6,0xf7,0xcd,0x17,0xce,0xf7,0xcd,0x55,0xa5,0xd7,0xbd,
    0x58,0xd6,0x38,0xd6,0x58,0xd6,0x38,0xd6,0xf3,0xa4,0xee,0x8b,0x8f,0xac,0x2e,0xa4,
    0x11,0xbd,0xb3,0xd5,0x35,0xde,0x15,0xde,0x15,0xde,0x35,0xde,0x4e,0xa4,0x93,0xcd,
    0x56,0xe6,0x35,0xde,0x36,0xde,0x36,0xde,0xf4,0xdd,0xf4,0xdd,0xb3,0xd5,0x36,0xde,
    0x36,0xe6,0x36,0xde,0x36,0xe6,0x36,0xe6,0x36,0xe6,0x36,0xe6,0x35,0xde,0x35,0xde,
    0x35,0xde,0x35,0xde,0x35,0xde,0x35,0xde,0x35,0xde,0x35,0xde,0x36,0xe6,0x56,0xe6,
    0x15,0xde,0xd4,0xd5,0x15,0xde,0xf4,0xd5,0xd4,0xd5,0xf4,0xd5,0xd4,0xd5,0xd4,0xd5,
    0xd2,0xdd,0xd2,0xdd,0xb2,0xdd,0xb2,0xdd,0xb2,0xdd,0xb2,0xdd,0xd2,0xdd,0xb2,0xdd,
    0x71,0xd5,0xce,0xbc,0xef,0xc4,0xb2,0xd5,0xf3,0xdd,0xf3,0xdd,0xb3,0xd5,0x36,0xde,
    0x98,0xe6,0x77,0xde,0x98,0xe6,0x98,0xde,0x98,0xe6,0x98,0xe6,0x98,0xe6,0x98,0xe6,
    0x98,0xe6,0x98,0xe6,0xb8,0xe6,0xb8,0xe6,0xb8,0xe6,0xb8,0xe6,0xb8,0xe6,0xb8,0xe6,
    0xb8,0xe6,0xb8,0xe6,0xb8,0xe6,0xb8,0xe6,0xb8,0xe6,0xb8,0xe6,0xb8,0xe6,0xb8,0xe6,
    0xb9,0xe6,0x98,0xe6,0x7d,0xf7,0xdf,0xff,0xde,0xff,0xde,0xff,0xde,0xff,0xdf,0xff,
    0xff,0xff,0x7c,0xff,0xb7,0xf6,0x7c,0xff,0xbe,0xff,0x3a,0xf7,0xd8,0xf6,0xd8,0xf6,
    0x96,0xf6,0x96,0xf6,0xf9,0xf6,0x9c,0xff,0x1a,0xf7,0xd8,0xf6,0x3a,0xf7,0x76,0xee,
    0x92,0xdd,0xf4,0xdd,0x35,0xe6,0x76,0xe6,0x56,0xe6,0xd3,0xd5,0x35,0xe6,0x56,0xe6,
    0x36,0xe6,0x36,0xe6,0xf4,0xdd,0x15,0xde,0x15,0xde,0xf4,0xdd,0xb3,0xd5,0xd4,0xd5,
    0x15,0xde,0xf4,0xdd,0x93,0xd5,0xb3,0xd5,0xb3,0xd5,0x93,0xd5,0xf0,0xbc,0xd0,0xbc,
    0x11,0xbd,0xf1,0xbc,0x6e,0xa4,0x2f,0x94,0x96,0xbd,0xd6,0xcd,0xb6,0xc5,0x96,0xb5,
    0x17,0xce,0x17,0xce,0x58,0xde,0x58,0xde,0x58,0xd6,0x38,0xd6,0x37,0xd6,0x58,0xde,
    0x58,0xde,0x58,0xd6,0xf7,0xcd,0x34,0xb5,0x91,0x9c,0x17,0xd6,0x99,0xe6,0x78,0xde,
    0x78,0xde,0x78,0xde,0x78,0xde,0x58,0xde,0x78,0xde,0x78,0xde,0x98,0xe6,0x37,0xd6,
    0xb5,0xcd,0xb5,0xcd,0x58,0xde,0x38,0xd6,0x38,0xd6,0x38,0xd6,0x58,0xd6,0x58,0xd6,
    0x38,0xd6,0x38,0xd6,0x38,0xd6,0x37,0xd6,0x38,0xd6,0x17,0xd6,0xd7,0xc5,0x17,0xce,
    0xd7,0xc5,0x55,0xad,0xd7,0xc5,0x58,0xde,0x38,0xd6,0x58,0xde,0x38,0xd6,0xd2,0xa4,
    0xed,0x8b,0x6e,0xac,0x6e,0xac,0x8f,0xac,0x72,0xcd,0xb3,0xd5,0x35,0xe6,0xb3,0xd5,
    0xf4,0xdd,0xd4,0xd5,0x2d,0xa4,0x36,0xde,0x36,0xde,0x36,0xde,0x36,0xde,0x35,0xde,
    0xf4,0xdd,0xd4,0xd5,0x35,0xde,0x56,0xe6,0x36,0xe6,0x36,0xde,0x36,0xe6,0x36,0xe6,
    0x36,0xe6,0x35,0xde,0x35,0xde,0x36,0xde,0x36,0xde,0x36,0xe6,0x36,0xe6,0x35,0xde,
    0x36,0xde,0x36,0xe6,0x36,0xe6,0x15,0xde,0xd4,0xd5,0xd4,0xd5,0x35,0xde,0xf4,0xdd,
    0xf4,0xd5,0xd4,0xd5,0xd4,0xd5,0xd4,0xd5,0xd2,0xdd,0xb2,0xdd,0xb2,0xdd,0xb2,0xdd,
    0xb2,0xdd,0xb2,0xdd,0xb2,0xdd,0xb2,0xdd,0x91,0xd5,0x0f,0xcd,0x30,0xcd,0xd3,0xdd,
    0xd3,0xdd,0xd3,0xdd,0xd3,0xd5,0x56,0xde,0x98,0xe6,0x77,0xde,0x98,0xe6,0x98,0xe6,
    0x98,0xe6,0x98,0xe6,0x98,0xe6,0x98,0xe6,0x98,0xe6,0x98,0xe6,0xb8,0xe6,0xb8,0xe6,
    0xb8,0xe6,0xb8,0xe6,0xb8,0xe6,0xb8,0xe6,0xb8,0xe6,0xb8,0xe6,0xb8,0xe6,0xb8,0xe6,
    0xb8,0xe6,0xb8,0xe6,0xb8,0xe6,0xb9,0xe6,0xb9,0xe6,0x78,0xe6,0xbe,0xff,0xdf,0xff,
    0xde,0xff,0xde,0xff,0xde,0xff,0xde,0xff,0xdf,0xff,0x9d,0xff,0x19,0xf7,0x9d,0xff,
    0x1a,0xf7,0xf8,0xf6,0xf9,0xf6,0xd8,0xf6,0x96,0xee,0xb8,0xf6,0xb7,0xf6,0xb7,0xf6,
    0xb7,0xf6,0x55,0xee,0x97,0xee,0xf9,0xee,0x3a,0xf7,0x97,0xee,0xf4,0xdd,0x56,0xe6,
    0xd3,0xdd,0xf4,0xdd,0x56,0xe6,0x35,0xde,0x35,0xde,0xf4,0xdd,0xd3,0xd5,0x15,0xde,
    0xf4,0xdd,0xd4,0xd5,0x93,0xd5,0x15,0xde,0x35,0xde,0xf4,0xd5,0xb3,0xcd,0xd4,0xd5,
    0xb4,0xd5,0x73,0xcd,0xed,0x9b,0x11,0xbd,0x11,0xbd,0x11,0xbd,0x6f,0xac,0x2e,0x9c,
    0xf3,0xac,0x95,0xc5,0xb5,0xc5,0xd7,0xc5,0xd7,0xc5,0xf7,0xcd,0x38,0xd6,0x58,0xde,
    0x58,0xd6,0x58,0xd6,0x38,0xd6,0x58,0xde,0x58,0xde,0x58,0xd6,0x17,0xd6,0x54,0xbd,
    0x71,0x9c,0xd6,0xcd,0x99,0xe6,0x78,0xde,0x78,0xde,0x78,0xde,0x57,0xde,0x78,0xde,
    0x98,0xde,0x98,0xe6,0x98,0xde,0xf6,0xd5,0x95,0xc5,0x17,0xd6,0x58,0xde,0x37,0xd6,
    0x38,0xd6,0x38,0xd6,0x38,0xd6,0x58,0xd6,0x58,0xd6,0x58,0xd6,0x38,0xd6,0x58,0xd6,
    0x17,0xce,0xf7,0xc5,0x17,0xd6,0xb6,0xbd,0x76,0xad,0xf7,0xc5,0x37,0xd6,0x17,0xd6,
    0x58,0xd6,0x17,0xce,0x71,0x94,0xed,0x93,0xaf,0xb4,0x8f,0xac,0x31,0xc5,0x93,0xd5,
    0x93,0xcd,0xf4,0xd5,0x15,0xde,0x52,0xcd,0xf4,0xdd,0x31,0xc5,0xb0,0xb4,0x56,0xe6,
    0x15,0xde,0x36,0xde,0x36,0xde,0x15,0xde,0xd4,0xd5,0x15,0xde,0x56,0xe6,0x36,0xde,
    0x36,0xe6,0x36,0xe6,0x36,0xe6,0x36,0xe6,0x36,0xe6,0x35,0xe6,0x36,0xe6,0x36,0xe6,
    0x36,0xe6,0x36,0xe6,0x36,0xe6,0x56,0xe6,0x36,0xde,0x56,0xe6,0x35,0xde,0xd4,0xd5,
    0xf4,0xd5,0xf5,0xd5,0x35,0xde,0xd4,0xd5,0xf4,0xd5,0xf4,0xd5,0xd4,0xd5,0xd4,0xd5,
    0xb2,0xdd,0xb2,0xdd,0xb2,0xdd,0xb2,0xdd,0xb2,0xdd,0xb2,0xdd,0xb2,0xdd,0xb2,0xdd,
    0x91,0xd5,0x50,0xd5,0x51,0xd5,0xb2,0xd5,0xd3,0xdd,0xb3,0xd5,0xd3,0xd5,0x56,0xde,
    0x98,0xe6,0x98,0xe6,0x98,0xe6,0x98,0xe6,0x98,0xe6,0x98,0xe6,0x98,0xe6,0x98,0xe6,
    0x98,0xe6,0xb8,0xe6,0xb8,0xe6,0xb8,0xe6,0xb8,0xe6,0xb8,0xe6,0xb8,0xe6,0xb8,0xe6,
    0xb8,0xe6,0xb8,0xe6,0xb8,0xe6,0xb8,0xe6,0xb8,0xe6,0xb8,0xe6,0xb9,0xe6,0xd9,0xe6,
    0xb8,0xe6,0xfa,0xee,0xff,0xff,0xbe,0xff,0xbe,0xff,0xde,0xff,0xde,0xff,0xbe,0xff,
    0xbe,0xff,0xde,0xff,0x9d,0xff,0x19,0xf7,0xf9,0xf6,0xf9,0xf6,0xf8,0xf6,0xd8,0xf6,
    0x97,0xee,0xb7,0xf6,0xb7,0xf6,0xb8,0xf6,0xb7,0xee,0xd9,0xee,0x7c,0xf7,0x9c,0xff,
    0x3a,0xf7,0x56,0xee,0x76,0xe6,0x35,0xe6,0x72,0xcd,0xb3,0xd5,0x76,0xe6,0x35,0xe6,
    0x15,0xde,0xb3,0xd5,0xf4,0xdd,0xf4,0xdd,0xd4,0xd5,0xb3,0xd5,0xb3,0xd5,0x15,0xde,
    0x15,0xde,0xb3,0xd5,0xd4,0xd5,0xd4,0xd5,0xd4,0xd5,0xaf,0xac,0x4e,0xa4,0x31,0xbd,
    0x32,0xc5,0x31,0xbd,0x4e,0xa4,0x6e,0xac,0x4f,0x9c,0x54,0xb5,0xf6,0xd5,0x17,0xd6,
    0x96,0xbd,0x17,0xce,0x17,0xce,0x78,0xde,0x58,0xde,0x58,0xd6,0x58,0xde,0x78,0xde,
    0x58,0xde,0x58,0xde,0x17,0xd6,0x75,0xbd,0x50,0x9c,0x74,0xbd,0x78,0xde,0x78,0xde,
    0x78,0xde,0x99,0xe6,0x17,0xd6,0x57,0xde,0x99,0xe6,0x99,0xe6,0x37,0xde,0xb5,0xcd,
    0xb5,0xcd,0x58,0xde,0x38,0xd6,0x38,0xd6,0x38,0xd6,0x38,0xd6,0x38,0xd6,0x38,0xd6,
    0x37,0xd6,0xd7,0xc5,0x37,0xd6,0xf7,0xc5,0x17,0xce,0x17,0xd6,0x96,0xb5,0xb6,0xb5,
    0x17,0xd6,0x17,0xd6,0xf7,0xd5,0x37,0xd6,0xd6,0xc5,0x70,0x9c,0x0d,0x9c,0x8e,0xb4,
    0xaf,0xb4,0xb3,0xd5,0xd4,0xdd,0xb3,0xd5,0xb3,0xd5,0x56,0xe6,0xf4,0xd5,0x51,0xcd,
    0xd4,0xd5,0x11,0xbd,0xb3,0xd5,0x36,0xe6,0x36,0xde,0x36,0xde,0x36,0xde,0xf4,0xdd,
    0xf4,0xdd,0x56,0xe6,0x36,0xde,0x36,0xe6,0x36,0xe6,0x36,0xe6,0x36,0xe6,0x56,0xe6,
    0x36,0xe6,0x36,0xe6,0x36,0xe6,0x36,0xe6,0x35,0xe6,0x56,0xe6,0x36,0xde,0x36,0xe6,
    0x56,0xe6,0x35,0xde,0xf5,0xdd,0x15,0xde,0x15,0xde,0x15,0xde,0x15,0xde,0xd4,0xd5,
    0xf4,0xdd,0xf4,0xd5,0xd4,0xd5,0xd4,0xd5,0xb2,0xdd,0xb2,0xdd,0xb2,0xdd,0xb2,0xdd,
    0x91,0xdd,0x91,0xdd,0xb2,0xdd,0xb2,0xdd,0x91,0xdd,0x91,0xd5,0x71,0xd5,0xb2,0xd5,
    0xb2,0xd5,0xb2,0xd5,0xd3,0xd5,0x57,0xde,0x98,0xe6,0x98,0xe6,0x98,0xe6,0x98,0xe6,
    0x98,0xe6,0x98,0xe6,0x98,0xe6,0x98,0xe6,0x98,0xe6,0xb8,0xe6,0xb8,0xe6,0xb8,0xe6,
    0xb8,0xe6,0xb8,0xe6,0xb8,0xe6,0xb8,0xe6,0xb8,0xe6,0xb8,0xe6,0xb8,0xe6,0xb8,0xe6,
    0xb9,0xe6,0xb9,0xe6,0xb9,0xe6,0xd9,0xe6,0x98,0xe6,0x5c,0xef,0xff,0xff,0xbe,0xff,
    0xbe,0xff,0xbe,0xff,0xbe,0xff,0xde,0xff,0xde,0xff,0xdf,0xff,0xbe,0xff,0x1a,0xff,
    0x19,0xff,0xf8,0xf6,0xd8,0xf6,0xd8,0xf6,0x97,0xee,0xf9,0xf6,0x5c,0xf7,0x9e,0xff,
    0xff,0xff,0xde,0xff,0xf9,0xf6,0x55,0xf6,0x14,0xe6,0x76,0xee,0x15,0xde,0xf4,0xdd,
    0xf4,0xdd,0x93,0xd5,0x72,0xcd,0xf5,0xdd,0xf4,0xd5,0x93,0xd5,0x15,0xde,0xf5,0xdd,
    0xd4,0xd5,0xb3,0xd5,0xf5,0xdd,0xf5,0xdd,0xf4,0xdd,0xb3,0xd5,0xd4,0xd5,0xb3,0xcd,
    0x73,0xcd,0x8f,0xac,0x6e,0xa4,0x31,0xbd,0x52,0xc5,0x11,0xbd,0x2e,0x9c,0x11,0xbd,
    0x6f,0xa4,0xb2,0xa4,0x17,0xd6,0x37,0xde,0xf7,0xcd,0xb6,0xbd,0x37,0xd6,0x17,0xce,
    0x58,0xde,0x58,0xde,0x58,0xd6,0x58,0xde,0x58,0xde,0x58,0xde,0x37,0xd6,0x95,0xc5,
    0x91,0xa4,0x33,0xb5,0x37,0xd6,0x78,0xde,0x78,0xde,0x99,0xe6,0x17,0xd6,0x37,0xde,
    0x99,0xe6,0x78,0xde,0xf6,0xcd,0x95,0xc5,0x37,0xd6,0x58,0xde,0x58,0xde,0x37,0xd6,
    0x37,0xd6,0x37,0xd6,0x37,0xd6,0x58,0xd6,0xf7,0xcd,0xf7,0xc5,0xf7,0xcd,0x38,0xd6,
    0xf7,0xc5,0x76,0xb5,0xf7,0xc5,0x58,0xde,0x37,0xd6,0x17,0xd6,0x38,0xd6,0x74,0xb5,
    0x2f,0x94,0x0d,0x9c,0xec,0x9b,0x8e,0xb4,0x72,0xcd,0xd4,0xdd,0x72,0xd5,0xb3,0xd5,
    0xd4,0xd5,0x77,0xe6,0xf5,0xd5,0x72,0xcd,0x92,0xcd,0x31,0xc5,0x15,0xde,0x35,0xde,
    0x35,0xde,0x36,0xe6,0x35,0xde,0xf4,0xd5,0x36,0xe6,0x36,0xe6,0x36,0xe6,0x36,0xe6,
    0x36,0xe6,0x56,0xe6,0x56,0xe6,0x36,0xe6,0x56,0xe6,0x56,0xe6,0x36,0xe6,0x36,0xe6,
    0x36,0xe6,0x36,0xe6,0x36,0xe6,0x36,0xe6,0x36,0xe6,0x35,0xde,0x36,0xde,0x56,0xe6,
    0xf5,0xdd,0x15,0xde,0x15,0xde,0xf4,0xd5,0xf4,0xdd,0xd4,0xd5,0xd4,0xd5,0xf4,0xdd,
    0xb2,0xdd,0xb2,0xdd,0xb2,0xdd,0xb2,0xdd,0x91,0xdd,0x91,0xdd,0xb2,0xdd,0xb2,0xdd,
    0xb2,0xdd,0x91,0xdd,0x91,0xd5,0xb2,0xd5,0xd3,0xdd,0xb2,0xd5,0xb3,0xd5,0x57,0xde,
    0x98,0xe6,0x98,0xe6,0x98,0xe6,0x98,0xe6,0x98,0xe6,0x98,0xe6,0x98,0xe6,0x98,0xe6,
    0xb8,0xe6,0xb8,0xe6,0xb8,0xe6,0xb8,0xe6,0xb8,0xe6,0xb8,0xe6,0xb8,0xe6,0xb8,0xe6,
    0xb8,0xe6,0xb8,0xe6,0xb9,0xe6,0xb9,0xe6,0xb9,0xe6,0xb9,0xe6,0xb9,0xe6,0xd9,0xe6,
    0xb8,0xe6,0x9d,0xf7,0xdf,0xff,0xbe,0xff,0xbe,0xff,0xbe,0xff,0xbe,0xff,0xbe,0xff,
    0xde,0xff,0xdf,0xff,0xbe,0xff,0x3b,0xf7,0x5b,0xf7,0x7c,0xf7,0x7c,0xf7,0x5b,0xf7,
    0x9d,0xff,0xdf,0xff,0xff,0xff,0xff,0xff,0x7c,0xff,0xb7,0xf6,0x75,0xf6,0x55,0xee,
    0x35,0xe6,0x56,0xe6,0xf4,0xdd,0xd3,0xdd,0xf4,0xdd,0xd3,0xd5,0x10,0xc5,0xb3,0xd5,
    0x72,0xcd,0xd4,0xd5,0x56,0xe6,0xf4,0xdd,0xb3,0xd5,0xd4,0xd5,0x15,0xde,0xf4,0xdd,
    0xd4,0xd5,0xb3,0xd5,0x93,0xcd,0x93,0xcd,0xaf,0xb4,0xd0,0xbc,0x0d,0x9c,0xf0,0xbc,
    0x72,0xcd,0x11,0xbd,0xb0,0xb4,0x73,0xcd,0x11,0xbd,0x91,0xa4,0xb6,0xbd,0x58,0xde,
    0x58,0xde,0xf7,0xc5,0xd7,0xbd,0x17,0xce,0xd6,0xc5,0x37,0xd6,0x58,0xde,0x58,0xde,
    0x58,0xde,0x78,0xde,0x58,0xde,0xf6,0xcd,0xb2,0xa4,0x13,0xb5,0x17,0xd6,0x98,0xde,
    0x78,0xde,0x78,0xde,0xf6,0xd5,0x58,0xde,0x78,0xde,0x16,0xd6,0x74,0xc5,0x95,0xc5,
    0x78,0xde,0x58,0xde,0x58,0xde,0x58,0xde,0x58,0xde,0x38,0xd6,0x58,0xd6,0x37,0xd6,
    0xd6,0xc5,0xf7,0xd5,0xf7,0xcd,0x96,0xb5,0x76,0xb5,0x17,0xce,0x78,0xde,0x58,0xd6,
    0x58,0xd6,0x38,0xd6,0xf3,0xac,0xee,0x93,0x8f,0xb4,0xd0,0xbc,0x32,0xc5,0xf4,0xdd,
    0xd4,0xdd,0xb3,0xd5,0x72,0xcd,0x72,0xcd,0xd4,0xd5,0x77,0xe6,0xf4,0xd5,0x93,0xcd,
    0x52,0xc5,0x52,0xc5,0x35,0xde,0x15,0xde,0x35,0xde,0x35,0xde,0xf4,0xdd,0x15,0xde,
    0x56,0xe6,0x36,0xe6,0x36,0xe6,0x36,0xe6,0x56,0xe6,0x56,0xe6,0x56,0xe6,0x56,0xe6,
    0x56,0xe6,0x56,0xe6,0x56,0xe6,0x56,0xe6,0x56,0xe6,0x36,0xe6,0x36,0xe6,0x36,0xe6,
    0x36,0xe6,0x36,0xde,0x15,0xde,0xf5,0xdd,0xb4,0xd5,0x35,0xde,0x15,0xde,0xd4,0xd5,
    0xf4,0xdd,0xf4,0xdd,0xf4,0xdd,0xf4,0xdd,0xd2,0xdd,0xb2,0xdd,0xb2,0xdd,0xb2,0xdd,
    0xb2,0xdd,0xb2,0xdd,0xb2,0xdd,0xb2,0xdd,0xb2,0xdd,0x91,0xdd,0x91,0xd5,0xb2,0xd5,
    0xd3,0xdd,0xb2,0xd5,0xd3,0xd5,0x57,0xde,0x98,0xe6,0x97,0xe6,0x98,0xe6,0x98,0xe6,
    0x98,0xe6,0x98,0xe6,0x98,0xe6,0x98,0xe6,0x98,0xe6,0xb8,0xe6,0xb8,0xe6,0xb8,0xe6,
    0xb8,0xe6,0xb8,0xe6,0xb8,0xe6,0xb8,0xe6,0xb8,0xe6,0xb9,0xe6,0xb9,0xe6,0xb9,0xe6,
    0xb9,0xe6,0xb9,0xe6,0xb9,0xe6,0xb9,0xe6,0xfa,0xee,0xde,0xff,0xbe,0xff,0xbe,0xff,
    0xbe,0xff,0xbe,0xff,0xbe,0xff,0xbe,0xff,0xde,0xff,0xde,0xff,0xdf,0xff,0xde,0xff,
    0xdf,0xff,0xdf,0xff,0xde,0xff,0xde,0xff,0xde,0xff,0xbe,0xff,0xde,0xff,0x7c,0xff,
    0xb7,0xf6,0x96,0xf6,0x55,0xee,0x14,0xe6,0x56,0xe6,0x55,0xe6,0x35,0xe6,0xd3,0xdd,
    0xd3,0xd5,0xb3,0xd5,0xf4,0xdd,0x15,0xde,0x15,0xde,0xb3,0xd5,0xd4,0xd5,0xf4,0xd5,
    0x92,0xcd,0xf4,0xd5,0x15,0xde,0xd4,0xd5,0xb3,0xd5,0xd4,0xd5,0x93,0xcd,0x11,0xbd,
    0x2e,0xa4,0xf0,0xbc,0xac,0x93,0x8f,0xb4,0x52,0xc5,0xf0,0xbc,0x31,0xbd,0x15,0xde,
    0xd4,0xd5,0xf1,0xbc,0xf3,0xac,0x37,0xd6,0x78,0xde,0x58,0xde,0xb6,0xbd,0x76,0xb5,
    0xf7,0xcd,0xb6,0xc5,0x37,0xd6,0x17,0xd6,0x58,0xd6,0x79,0xde,0x79,0xde,0x17,0xd6,
    0x13,0xad,0x13,0xad,0xd6,0xcd,0x78,0xde,0x78,0xde,0x57,0xde,0x74,0xc5,0x57,0xde,
    0x17,0xd6,0xb5,0xcd,0x54,0xbd,0x37,0xd6,0x78,0xde,0x58,0xde,0x58,0xde,0x58,0xd6,
    0x58,0xd6,0x58,0xd6,0x17,0xce,0x17,0xd6,0xf7,0xcd,0xd6,0xc5,0x76,0xad,0xd7,0xbd,
    0x37,0xd6,0x57,0xde,0x37,0xd6,0x37,0xd6,0x17,0xce,0x70,0x9c,0xcd,0x93,0xd0,0xbc,
    0xf0,0xbc,0xb3,0xd5,0x56,0xe6,0x56,0xe6,0x36,0xe6,0xf4,0xdd,0xb3,0xd5,0x52,0xcd,
    0xd4,0xd5,0x35,0xde,0xb3,0xd5,0x72,0xcd,0xf0,0xbc,0xb4,0xcd,0x56,0xe6,0x36,0xde,
    0x15,0xde,0xb3,0xd5,0x15,0xde,0x56,0xe6,0x36,0xe6,0x56,0xe6,0x36,0xe6,0x56,0xe6,
    0x56,0xe6,0x56,0xe6,0x56,0xe6,0x56,0xe6,0x56,0xe6,0x56,0xe6,0x56,0xe6,0x56,0xe6,
    0x36,0xde,0x15,0xde,0x36,0xde,0x15,0xde,0x35,0xde,0xf4,0xdd,0xf4,0xdd,0xf4,0xd5,
    0x93,0xcd,0x35,0xde,0xf4,0xdd,0xf4,0xd5,0xf4,0xdd,0xf4,0xdd,0x15,0xde,0x15,0xde,
    0xd2,0xdd,0xb2,0xdd,0xb2,0xdd,0xb2,0xdd,0xb2,0xdd,0xb2,0xdd,0xb2,0xdd,0xb2,0xdd,
    0xb2,0xdd,0xb1,0xdd,0x91,0xd5,0xb2,0xdd,0xd3,0xdd,0xb2,0xd5,0xd3,0xd5,0x56,0xde,
    0x98,0xe6,0x78,0xe6,0x98,0xe6,0x98,0xe6,0x98,0xe6,0x98,0xe6,0x98,0xe6,0x98,0xe6,
    0x98,0xe6,0x98,0xe6,0x98,0xe6,0xb8,0xe6,0xb8,0xe6,0xb8,0xe6,0xb8,0xe6,0xb8,0xe6,
    0xb9,0xe6,0xb9,0xe6,0xb9,0xe6,0xb9,0xe6,0xb9,0xe6,0xb9,0xe6,0xb9,0xe6,0xb9,0xe6,
    0xb9,0xe6,0xff,0xff,0xbe,0xff,0xbd,0xff,0xbd,0xff,0xbe,0xff,0xbd,0xff,0x9d,0xff,
    0x9d,0xff,0xde,0xff,0xde,0xff,0xde,0xff,0xbe,0xff,0xbe,0xff,0xbe,0xff,0xbe,0xff,
    0xbe,0xff,0xbe,0xff,0xbe,0xff,0xd8,0xf6,0x96,0xf6,0x76,0xee,0x15,0xe6,0x35,0xe6,
    0x56,0xe6,0x56,0xe6,0x56,0xe6,0x35,0xe6,0x14,0xde,0xf4,0xdd,0xd4,0xd5,0xd4,0xd5,
    0x15,0xde,0xf4,0xdd,0x31,0xc5,0x10,0xbd,0x92,0xcd,0xf5,0xdd,0xf4,0xdd,0xb3,0xd5,
    0xb4,0xd5,0xb3,0xcd,0xd4,0xd5,0xd0,0xb4,0xaf,0xb4,0xf0,0xbc,0xab,0x8b,0x6e,0xac,
    0x31,0xc5,0xaf,0xb4,0x52,0xc5,0x56,0xe6,0x57,0xe6,0x73,0xcd,0xd1,0xac,0x75,0xbd,
    0x99,0xde,0x37,0xd6,0x37,0xd6,0xb6,0xbd,0x76,0xb5,0xf7,0xc5,0x96,0xbd,0x96,0xb5,
    0xf7,0xc5,0x99,0xde,0x79,0xde,0x38,0xd6,0x54,0xbd,0xf2,0xac,0x74,0xc5,0x37,0xd6,
    0x78,0xde,0x37,0xd6,0x74,0xc5,0x17,0xd6,0xd5,0xcd,0x33,0xbd,0xb5,0xc5,0x78,0xde,
    0x58,0xde,0x58,0xde,0x78,0xde,0xf7,0xbd,0xf7,0xbd,0x17,0xce,0x58,0xd6,0x17,0xce,
    0xb6,0xbd,0xb7,0xbd,0x17,0xce,0x58,0xde,0x58,0xde,0x38,0xd6,0x37,0xd6,0x95,0xbd,
    0x2f,0x94,0xa8,0x62,0x8f,0xb4,0x51,0xc5,0x15,0xde,0x56,0xe6,0x56,0xe6,0x56,0xe6,
    0x56,0xe6,0xd4,0xd5,0xd4,0xd5,0x93,0xd5,0xf4,0xdd,0xf4,0xdd,0x72,0xcd,0x31,0xc5,
    0xd0,0xb4,0x36,0xde,0x56,0xe6,0x36,0xde,0xb3,0xd5,0xd4,0xd5,0x36,0xe6,0x36,0xde,
    0x36,0xe6,0x56,0xe6,0x56,0xe6,0x56,0xe6,0x56,0xe6,0x56,0xe6,0x56,0xe6,0x56,0xe6,
    0x56,0xe6,0x56,0xe6,0x36,0xe6,0x35,0xe6,0x15,0xde,0x36,0xde,0x56,0xe6,0x36,0xde,
    0xf4,0xd5,0x15,0xde,0x15,0xde,0xb3,0xd5,0x93,0xcd,0x36,0xe6,0xf4,0xdd,0xd4,0xdd,
    0xf4,0xdd,0xf4,0xdd,0x15,0xde,0x15,0xde,0xd2,0xdd,0xb2,0xdd,0xb2,0xdd,0xb2,0xdd,
    0xb2,0xdd,0xb2,0xdd,0xb2,0xdd,0xb2,0xdd,0xb2,0xdd,0xb2,0xdd,0x91,0xd5,0xb2,0xd5,
    0xb2,0xdd,0xb2,0xd5,0xb3,0xd5,0x57,0xde,0x98,0xe6,0x98,0xe6,0x98,0xe6,0x98,0xe6,
    0x98,0xe6,0x98,0xe6,0x98,0xe6,0x98,0xe6,0x98,0xe6,0x98,0xe6,0x98,0xe6,0xb8,0xe6,
    0xb8,0xe6,0xb8,0xe6,0x98,0xe6,0xb8,0xe6,0xb9,0xe6,0xb9,0xe6,0xb9,0xe6,0xb9,0xe6,
    0xb9,0xe6,0xb9,0xe6,0xd9,0xe6,0x36,0xde,0x98,0xe6,0xff,0xff,0xbe,0xff,0xbd,0xff,
    0xbd,0xff,0xbd,0xff,0x5b,0xff,0x19,0xff,0x19,0xff,0x19,0xff,0x7b,0xff,0xbe,0xff,
    0xbe,0xff,0xbe,0xff,0xbe,0xff,0xbe,0xff,0xbe,0xff,0xbd,0xff,0x9d,0xff,0xb8,0xf6,
    0x76,0xee,0x35,0xe6,0x14,0xe6,0x35,0xe6,0x56,0xe6,0x56,0xe6,0x56,0xe6,0x35,0xe6,
    0xf4,0xdd,0xd4,0xd5,0xd4,0xd5,0xd4,0xd5,0x15,0xde,0xf4,0xdd,0x51,0xc5,0x10,0xbd,
    0x31,0xc5,0x72,0xcd,0x93,0xd5,0x72,0xcd,0xf4,0xd5,0xb3,0xcd,0xd4,0xd5,0xf1,0xbc,
    0xf1,0xbc,0xf1,0xbc,0x0d,0x9c,0x6e,0xac,0xf1,0xbc,0x8f,0xb4,0x52,0xcd,0x36,0xde,
    0x56,0xe6,0x15,0xd6,0x72,0xcd,0x2f,0x94,0x75,0xbd,0x58,0xde,0x37,0xd6,0x58,0xde,
    0xf7,0xc5,0x96,0xb5,0xd7,0xbd,0x18,0xce,0x18,0xce,0x79,0xde,0x58,0xde,0x37,0xd6,
    0x74,0xbd,0x91,0x9c,0x33,0xbd,0xf6,0xcd,0x98,0xe6,0x17,0xd6,0x95,0xc5,0xb5,0xcd,
    0xb5,0xcd,0x54,0xb5,0x58,0xde,0x78,0xde,0x58,0xde,0x17,0xd6,0xf7,0xcd,0xf7,0xc5,
    0x17,0xd6,0xf7,0xcd,0xd7,0xbd,0xd7,0xbd,0x18,0xce,0x58,0xde,0x58,0xde,0x58,0xd6,
    0x58,0xde,0x17,0xce,0x13,0xad,0x2d,0x94,0xeb,0x93,0xab,0x8b,0x52,0xcd,0x56,0xe6,
    0x77,0xe6,0x56,0xe6,0x56,0xe6,0x56,0xe6,0x15,0xde,0x52,0xc5,0xf0,0xb4,0x72,0xcd,
    0x15,0xde,0xf5,0xdd,0x72,0xcd,0x11,0xbd,0x52,0xc5,0x77,0xe6,0x56,0xe6,0x15,0xde,
    0xd4,0xd5,0x36,0xde,0x36,0xde,0x36,0xde,0x56,0xe6,0x56,0xe6,0x56,0xe6,0x56,0xe6,
    0x56,0xe6,0x56,0xe6,0x56,0xe6,0x36,0xe6,0x15,0xde,0xf4,0xdd,0xf4,0xdd,0x15,0xde,
    0x15,0xde,0x15,0xde,0x36,0xe6,0x35,0xde,0xf4,0xd5,0xf4,0xd5,0x36,0xde,0x72,0xcd,
    0xd4,0xd5,0x56,0xe6,0xf4,0xdd,0xd4,0xd5,0xf4,0xdd,0xf4,0xdd,0x15,0xde,0x15,0xde,
    0xb2,0xdd,0xb2,0xdd,0xb2,0xdd,0xd2,0xdd,0xb2,0xdd,0xb2,0xdd,0xb2,0xdd,0xb2,0xdd,
    0xb2,0xdd,0xb2,0xdd,0x91,0xd5,0xb2,0xd5,0xb2,0xd5,0xb2,0xd5,0xd3,0xd5,0x56,0xde,
    0x98,0xe6,0x97,0xe6,0x97,0xe6,0x98,0xe6,0x98,0xe6,0x98,0xe6,0x98,0xe6,0x98,0xe6,
    0x98,0xe6,0x98,0xe6,0x98,0xe6,0xb8,0xe6,0xb8,0xe6,0xb8,0xe6,0xb8,0xe6,0xb8,0xe6,
    0xb9,0xe6,0xb9,0xe6,0xb9,0xe6,0xb9,0xe6,0xb8,0xe6,0xb9,0xe6,0xb8,0xe6,0x78,0xde,
    0x5c,0xf7,0xdf,0xff,0xbe,0xff,0x9d,0xff,0xbd,0xff,0x5b,0xff,0x19,0xff,0xf8,0xfe,
    0xf8,0xfe,0xd8,0xfe,0xd8,0xfe,0x7b,0xff,0xbd,0xff,0xbe,0xff,0xbe,0xff,0xbe,0xff,
    0xbe,0xff,0xbd,0xff,0xbe,0xff,0x1a,0xf7,0x76,0xee,0x15,0xe6,0x14,0xe6,0x35,0xe6,
    0x35,0xe6,0x35,0xe6,0x14,0xde,0xf4,0xdd,0xd4,0xdd,0xd4,0xd5,0xd4,0xd5,0xd4,0xd5,
    0xf4,0xdd,0x15,0xde,0x72,0xcd,0x51,0xc5,0x11,0xbd,0x72,0xcd,0x11,0xbd,0xd0,0xb4,
    0x93,0xcd,0xd4,0xd5,0x73,0xcd,0xb0,0xb4,0x31,0xc5,0x31,0xbd,0x4e,0xa4,0x8f,0xac,
    0xf0,0xbc,0x8f,0xb4,0xb3,0xd5,0x35,0xde,0xf5,0xdd,0x77,0xe6,0xf5,0xdd,0xcc,0x8b,
    0xcd,0x83,0xd6,0xc5,0x78,0xde,0x58,0xd6,0x99,0xde,0xf7,0xc5,0x76,0xad,0xf7,0xc5,
    0x38,0xd6,0xf7,0xcd,0x17,0xd6,0x37,0xd6,0xb5,0xc5,0x50,0x9c,0x13,0xb5,0x74,0xc5,
    0x98,0xe6,0x17,0xd6,0x95,0xc5,0xd5,0xcd,0x54,0xbd,0xd6,0xcd,0x78,0xde,0x37,0xd6,
    0x17,0xd6,0x17,0xd6,0xf7,0xd5,0xd6,0xc5,0x96,0xb5,0x96,0xbd,0xf7,0xcd,0x37,0xd6,
    0x37,0xde,0x37,0xd6,0x58,0xd6,0x78,0xde,0xf7,0xc5,0x90,0x9c,0xec,0x8b,0x6d,0xa4,
    0x0c,0x9c,0xf1,0xbc,0x56,0xe6,0x35,0xe6,0x35,0xe6,0x56,0xe6,0x56,0xe6,0x56,0xe6,
    0x35,0xe6,0xcf,0xb4,0x4d,0x9c,0x71,0xc5,0x36,0xe6,0x15,0xde,0x72,0xcd,0x11,0xbd,
    0xf4,0xd5,0x77,0xe6,0x56,0xe6,0xd4,0xd5,0x15,0xde,0x36,0xe6,0x35,0xde,0x36,0xe6,
    0x56,0xe6,0x56,0xe6,0x56,0xe6,0x56,0xe6,0x56,0xe6,0x36,0xe6,0x35,0xde,0xf4,0xdd,
    0xd4,0xd5,0xb3,0xd5,0x15,0xde,0x15,0xde,0x15,0xde,0xf4,0xdd,0x35,0xde,0xf4,0xdd,
    0xd4,0xd5,0xb3,0xd5,0xf5,0xdd,0xf4,0xd5,0x36,0xde,0x15,0xde,0xf4,0xdd,0xd4,0xd5,
    0xd4,0xd5,0xf4,0xdd,0x15,0xde,0x15,0xde,0xd2,0xe5,0xd2,0xdd,0xd2,0xdd,0xd2,0xdd,
    0xd2,0xdd,0xb2,0xdd,0xb2,0xdd,0xb2,0xdd,0xb2,0xdd,0xb2,0xdd,0x91,0xd5,0x92,0xd5,
    0xb2,0xdd,0xb2,0xd5,0xb3,0xd5,0x56,0xde,0x77,0xe6,0x77,0xe6,0x77,0xe6,0x98,0xe6,
    0x97,0xe6,0x98,0xe6,0x98,0xe6,0x98,0xe6,0x98,0xe6,0x98,0xe6,0x98,0xe6,0xb8,0xe6,
    0xb8,0xe6,0xb8,0xe6,0xb8,0xe6,0xb8,0xe6,0xb8,0xe6,0xb9,0xe6,0xb9,0xe6,0xb9,0xe6,
    0xb8,0xe6,0x98,0xe6,0xda,0xe6,0xfb,0xee,0x7d,0xf7,0xff,0xff,0xbd,0xff,0x9d,0xff,
    0x9d,0xff,0x19,0xff,0xf8,0xfe,0xf8,0xf6,0xd8,0xf6,0xd8,0xf6,0xd7,0xf6,0x19,0xff,
    0x7b,0xff,0xbd,0xff,0xbe,0xff,0xbe,0xff,0xbe,0xff,0xbe,0xff,0xbe,0xff,0x1a,0xf7,
    0x76,0xee,0x35,0xe6,0x14,0xe6,0x14,0xe6,0xf4,0xdd,0x35,0xe6,0x15,0xde,0xf4,0xdd,
    0xf4,0xdd,0xd4,0xd5,0xd4,0xdd,0xd4,0xd5,0xf4,0xdd,0xf4,0xd5,0x93,0xd5,0x31,0xc5,
    0xb4,0xd5,0x56,0xe6,0xf4,0xdd,0x11,0xbd,0x93,0xcd,0x72,0xcd,0xd0,0xb4,0x8f,0xb4,
    0x31,0xc5,0x32,0xc5,0x8f,0xac,0x6e,0xac,0xd0,0xb4,0x0d,0xa4,0xd4,0xd5,0x15,0xde,
    0x35,0xde,0x36,0xe6,0x76,0xee,0xaf,0xb4,0x4d,0x9c,0x6f,0x94,0xd6,0xc5,0x79,0xde,
    0x99,0xde,0x18,0xce,0xf7,0xcd,0x96,0xb5,0x76,0xb5,0xf7,0xcd,0xf6,0xcd,0xf7,0xcd,
    0xd6,0xcd,0xd2,0xa4,0x12,0xb5,0x74,0xbd,0x17,0xd6,0xf6,0xcd,0x74,0xbd,0x95,0xc5,
    0x13,0xb5,0x17,0xd6,0x37,0xd6,0x37,0xd6,0x17,0xd6,0xd7,0xc5,0xb6,0xbd,0x96,0xb5,
    0xf7,0xcd,0x37,0xd6,0x37,0xde,0x17,0xd6,0x17,0xd6,0x37,0xde,0x58,0xde,0x54,0xb5,
    0xee,0x8b,0x2c,0x94,0x8e,0xa4,0x10,0xb5,0x6e,0xa4,0x15,0xde,0x35,0xe6,0x35,0xe6,
    0x15,0xde,0x35,0xe6,0x35,0xe6,0x35,0xe6,0xf4,0xdd,0x92,0xcd,0x8e,0xa4,0xb3,0xcd,
    0x56,0xe6,0x56,0xde,0x72,0xcd,0x31,0xbd,0x36,0xde,0x56,0xe6,0xf5,0xdd,0xd4,0xd5,
    0x36,0xde,0x35,0xde,0x36,0xe6,0x35,0xde,0x36,0xe6,0x56,0xe6,0x56,0xe6,0x36,0xde,
    0x36,0xde,0x36,0xde,0x56,0xe6,0x57,0xe6,0x36,0xe6,0x15,0xde,0xf5,0xdd,0xd3,0xd5,
    0x15,0xde,0xf5,0xdd,0xf5,0xdd,0xf4,0xdd,0xd4,0xd5,0x31,0xc5,0x72,0xcd,0x93,0xcd,
    0x36,0xde,0xf5,0xdd,0xd4,0xd5,0xf4,0xdd,0xd4,0xd5,0xf4,0xdd,0x15,0xde,0x15,0xde,
    0xd2,0xe5,0xd2,0xdd,0xb2,0xdd,0xb2,0xdd,0xd2,0xdd,0xb2,0xdd,0xb2,0xdd,0xb2,0xdd,
    0xb2,0xdd,0xb1,0xdd,0x91,0xd5,0x92,0xd5,0xb2,0xdd,0xb2,0xd5,0xd3,0xd5,0x56,0xde,
    0x77,0xe6,0x98,0xe6,0x98,0xe6,0x98,0xe6,0x98,0xde,0x98,0xe6,0x98,0xe6,0x98,0xe6,
    0x98,0xe6,0x98,0xe6,0x98,0xe6,0xb8,0xe6,0xb8,0xe6,0xb8,0xe6,0xb8,0xe6,0xb8,0xe6,
    0xb8,0xe6,0xb9,0xe6,0xb9,0xe6,0xb9,0xe6,0xb9,0xe6,0x98,0xe6,0x9d,0xf7,0xb9,0xee,
    0x9d,0xf7,0xdf,0xff,0xbe,0xff,0xbd,0xff,0x5b,0xff,0xf8,0xfe,0xf8,0xf6,0xd8,0xf6,
    0xd8,0xf6,0xd7,0xf6,0xd8,0xf6,0xd8,0xf6,0xf9,0xfe,0x5b,0xff,0xbd,0xff,0xbe,0xff,
    0xbe,0xff,0xbe,0xff,0xde,0xff,0x3a,0xf7,0x96,0xee,0x76,0xee,0x35,0xe6,0x14,0xe6,
    0x35,0xde,0x36,0xe6,0x15,0xde,0xf5,0xdd,0xf4,0xdd,0xf4,0xdd,0xf4,0xdd,0xf5,0xdd,
    0xf4,0xdd,0xd4,0xd5,0xd4,0xd5,0xb3,0xd5,0x35,0xde,0x35,0xe6,0xd4,0xd5,0x72,0xcd,
    0x11,0xbd,0xf0,0xbc,0xf0,0xbc,0x52,0xcd,0xf0,0xbc,0x31,0xc5,0x8f,0xb4,0x6e,0xac,
    0xd0,0xb4,0xaf,0xb4,0xf4,0xdd,0x36,0xde,0x77,0xe6,0x56,0xe6,0x76,0xee,0x52,0xc5,
    0xaf,0xac,0x10,0xad,0x6f,0x94,0xb5,0xbd,0x59,0xd6,0x58,0xde,0x58,0xde,0x38,0xde,
    0xd6,0xbd,0x55,0xad,0xb6,0xc5,0xf7,0xcd,0x95,0xbd,0x34,0xb5,0x13,0xb5,0x95,0xc5,
    0xb5,0xc5,0x95,0xbd,0x74,0xc5,0xd2,0xac,0x13,0xb5,0x17,0xd6,0xf6,0xcd,0xb6,0xc5,
    0xd7,0xc5,0x17,0xce,0x58,0xde,0x58,0xd6,0x58,0xde,0x37,0xd6,0x37,0xd6,0x37,0xde,
    0x37,0xde,0x74,0xbd,0x2f,0x8c,0xec,0x8b,0x4d,0x9c,0xf0,0xb4,0xd3,0xcd,0x71,0xc5,
    0x6e,0xac,0x56,0xe6,0x35,0xde,0x56,0xe6,0x35,0xde,0x35,0xe6,0x35,0xde,0x35,0xe6,
    0xd4,0xd5,0x10,0xbd,0x72,0xc5,0x15,0xde,0x56,0xde,0x56,0xe6,0x52,0xc5,0x31,0xbd,
    0x35,0xe6,0xf5,0xdd,0xb3,0xd5,0x15,0xde,0x15,0xde,0x35,0xde,0x36,0xe6,0x56,0xe6,
    0x56,0xe6,0x35,0xde,0x15,0xde,0x15,0xde,0xb3,0xcd,0xd3,0xcd,0xf5,0xd5,0x15,0xde,
    0x35,0xde,0xf5,0xdd,0xd4,0xd5,0xd3,0xd5,0x36,0xe6,0x15,0xde,0x15,0xde,0xf4,0xdd,
    0xd4,0xd5,0xd4,0xd5,0xb3,0xd5,0xd4,0xd5,0x36,0xde,0x15,0xde,0xf4,0xdd,0xd4,0xd5,
    0xf4,0xd5,0x15,0xde,0x15,0xde,0x15,0xde,0xd2,0xe5,0xd2,0xdd,0xb2,0xdd,0xb2,0xdd,
    0xb2,0xdd,0xb2,0xdd,0xb2,0xdd,0xb2,0xdd,0xb2,0xdd,0xb1,0xdd,0x91,0xd5,0x92,0xd5,
    0xb2,0xdd,0xb2,0xd5,0xb3,0xd5,0x56,0xde,0x77,0xe6,0x77,0xe6,0x98,0xe6,0x98,0xe6,
    0x98,0xe6,0x98,0xe6,0x98,0xe6,0x98,0xe6,0x98,0xe6,0x98,0xe6,0x98,0xe6,0xb8,0xe6,
    0xb8,0xe6,0xb8,0xe6,0xb8,0xe6,0xb8,0xe6,0xb8,0xe6,0xb9,0xe6,0xb9,0xe6,0xb9,0xe6,
    0xb8,0xe6,0x1b,0xef,0x9d,0xff,0xb9,0xee,0xde,0xff,0xde,0xff,0xbd,0xff,0x9d,0xff,
    0x19,0xff,0xd7,0xf6,0xd8,0xf6,0xd7,0xf6,0xd8,0xf6,0xd8,0xf6,0xd8,0xf6,0xd8,0xf6,
    0xd7,0xf6,0xf8,0xf6,0x19,0xff,0x9d,0xff,0xbe,0xff,0xbd,0xff,0xde,0xff,0x3b,0xff,
    0x96,0xf6,0x76,0xee,0x35,0xe6,0x15,0xe6,0xf4,0xdd,0xf4,0xdd,0x15,0xde,0x15,0xde,
    0x15,0xde,0x15,0xde,0x15,0xde,0x15,0xde,0xd4,0xd5,0xd4,0xd5,0xf4,0xd5,0x93,0xcd,
    0x93,0xd5,0xd3,0xd5,0x93,0xd5,0x93,0xcd,0x51,0xc5,0x93,0xd5,0x31,0xc5,0x93,0xcd,
    0xf0,0xbc,0x31,0xc5,0xb0,0xb4,0x6e,0xa4,0xaf,0xb4,0x72,0xcd,0x36,0xe6,0x77,0xe6,
    0x77,0xe6,0x56,0xe6,0x77,0xee,0xb4,0xd5,0x31,0xbd,0x35,0xde,0xf0,0xac,0x8f,0x9c,
    0x33,0xb5,0x17,0xd6,0x38,0xd6,0x37,0xd6,0x58,0xde,0x17,0xce,0x96,0xb5,0x96,0xb5,
    0xd7,0xbd,0x14,0xad,0xb2,0xa4,0x95,0xc5,0xb5,0xc5,0x54,0xbd,0x33,0xb5,0xb2,0xa4,
    0x95,0xbd,0x95,0xbd,0xb6,0xbd,0x17,0xce,0x58,0xde,0x78,0xde,0x78,0xde,0x58,0xde,
    0x37,0xde,0x58,0xde,0x37,0xde,0x74,0xbd,0x4f,0x94,0x4b,0x6b,0xab,0x83,0x6d,0xa4,
    0x31,0xbd,0x14,0xd6,0x75,0xe6,0x6e,0xa4,0x52,0xc5,0x97,0xee,0x36,0xe6,0x56,0xe6,
    0x56,0xe6,0x36,0xe6,0x35,0xde,0x36,0xde,0x11,0xbd,0x10,0xb5,0xd4,0xd5,0x15,0xde,
    0x56,0xe6,0x56,0xe6,0x11,0xbd,0x72,0xcd,0x35,0xde,0xb3,0xd5,0xf4,0xdd,0x35,0xde,
    0x35,0xde,0x36,0xe6,0x56,0xe6,0x35,0xde,0x35,0xde,0x15,0xde,0x15,0xde,0x35,0xde,
    0x93,0xcd,0xb2,0xcd,0xd3,0xcd,0xf4,0xd5,0xf4,0xd5,0xd4,0xcd,0x72,0xc5,0xb3,0xd5,
    0x15,0xde,0xb3,0xd5,0xb3,0xd5,0xf5,0xdd,0xf4,0xdd,0xf5,0xdd,0x93,0xd5,0x92,0xcd,
    0x72,0xcd,0xf4,0xd5,0x15,0xde,0xf4,0xd5,0xf4,0xd5,0xf5,0xdd,0x15,0xde,0x15,0xde,
    0xd2,0xe5,0xd2,0xe5,0xb2,0xdd,0xb2,0xdd,0xb2,0xdd,0xb2,0xdd,0xb2,0xdd,0xb2,0xdd,
    0xb2,0xdd,0x91,0xdd,0x71,0xd5,0x92,0xd5,0xb2,0xdd,0xb2,0xdd,0xb3,0xd5,0x36,0xde,
    0x77,0xde,0x77,0xde,0x77,0xe6,0x98,0xe6,0x98,0xe6,0x98,0xe6,0x98,0xe6,0x98,0xe6,
    0x98,0xe6,0x98,0xe6,0x98,0xe6,0x98,0xe6,0xb8,0xe6,0xb8,0xe6,0xb8,0xe6,0xb8,0xe6,
    0xb9,0xe6,0xb9,0xe6,0xd9,0xe6,0xd9,0xe6,0x98,0xe6,0x9d,0xf7,0x3b,0xf7,0xfa,0xee,
    0xdf,0xff,0xbe,0xff,0x9d,0xff,0x7b,0xff,0xd7,0xf6,0xb7,0xf6,0xb7,0xf6,0xd7,0xf6,
    0xd7,0xf6,0xd7,0xf6,0xd7,0xf6,0xd8,0xf6,0xb7,0xf6,0xb7,0xf6,0xb7,0xf6,0xd8,0xf6,
    0x7c,0xff,0x9d,0xff,0xbe,0xff,0x1a,0xf7,0x96,0xee,0x76,0xee,0x35,0xe6,0x14,0xe6,
    0xf4,0xdd,0xf4,0xdd,0xf4,0xdd,0xf5,0xdd,0x35,0xde,0x15,0xde,0x15,0xde,0xf4,0xdd,
    0xf4,0xd5,0xd4,0xd5,0xf4,0xd5,0xd4,0xd5,0x93,0xcd,0x93,0xcd,0x93,0xcd,0xd4,0xd5,
    0x31,0xc5,0x72,0xcd,0x52,0xcd,0x93,0xcd,0x31,0xc5,0x11,0xbd,0xb0,0xb4,0x2d,0xa4,
    0xd0,0xb4,0xf4,0xd5,0x35,0xde,0x76,0xe6,0x77,0xe6,0x56,0xe6,0x97,0xee,0x52,0xc5,
    0x4e,0x9c,0x76,0xe6,0xf4,0xd5,0xef,0xac,0x4d,0x94,0x70,0x94,0xd6,0xcd,0x38,0xde,
    0x58,0xd6,0x58,0xde,0x78,0xde,0xf7,0xc5,0x56,0xa5,0x14,0xa5,0x30,0x94,0x33,0xb5,
    0x95,0xbd,0xf2,0xb4,0x71,0xa4,0xf3,0xa4,0x76,0xb5,0xf7,0xcd,0x58,0xde,0x58,0xde,
    0x58,0xde,0x58,0xde,0x58,0xde,0x78,0xde,0x37,0xd6,0x33,0xb5,0xee,0x8b,0x6b,0x73,
    0x6a,0x6b,0xeb,0x83,0xef,0xb4,0x91,0xc5,0x14,0xde,0x55,0xe6,0x71,0xc5,0xcd,0x93,
    0x15,0xde,0x97,0xe6,0x56,0xe6,0x56,0xe6,0x56,0xe6,0x56,0xe6,0x56,0xe6,0x36,0xde,
    0xf0,0xb4,0x10,0xb5,0x72,0xc5,0x15,0xde,0x36,0xde,0x35,0xde,0xcf,0xb4,0xb3,0xd5,
    0xf4,0xd5,0xb3,0xd5,0x15,0xde,0x15,0xde,0x56,0xe6,0x56,0xe6,0x15,0xde,0x15,0xde,
    0x36,0xe6,0x36,0xe6,0xd4,0xd5,0x72,0xcd,0xf4,0xdd,0x35,0xe6,0xf4,0xd5,0xf4,0xd5,
    0xb3,0xcd,0x10,0xb5,0x8e,0xa4,0x93,0xcd,0x36,0xe6,0xae,0xb4,0x0f,0xb5,0xf4,0xd5,
    0xd3,0xd5,0xb3,0xd5,0x51,0xc5,0x92,0xcd,0xf0,0xb4,0x52,0xc5,0xd3,0xd5,0xb3,0xd5,
    0xf4,0xd5,0x15,0xde,0x15,0xde,0x15,0xde,0xd2,0xe5,0xd2,0xe5,0xb2,0xdd,0xb2,0xdd,
    0xb2,0xdd,0xb2,0xdd,0xb1,0xdd,0xb1,0xdd,0xb1,0xdd,0xb1,0xdd,0x71,0xd5,0x92,0xd5,
    0xb2,0xdd,0xb2,0xdd,0xb3,0xd5,0x36,0xde,0x77,0xe6,0x77,0xde,0x77,0xe6,0x97,0xe6,
    0x98,0xe6,0x98,0xe6,0x98,0xe6,0x98,0xe6,0x98,0xe6,0x98,0xe6,0x98,0xe6,0x98,0xe6,
    0xb8,0xe6,0xb8,0xe6,0xb8,0xe6,0xb8,0xe6,0xb9,0xe6,0xb9,0xe6,0xd9,0xe6,0xb8,0xe6,
    0x7c,0xf7,0xbe,0xff,0xf9,0xee,0x3c,0xf7,0xdf,0xff,0xbe,0xff,0x9d,0xff,0x19,0xf7,
    0xb7,0xf6,0xb7,0xf6,0xb7,0xf6,0xb7,0xf6,0xd8,0xf6,0xd7,0xf6,0xd7,0xf6,0xd7,0xf6,
    0xb7,0xf6,0xb7,0xf6,0xb7,0xf6,0xb7,0xf6,0xb7,0xf6,0xf9,0xf6,0x3a,0xf7,0x3a,0xf7,
    0xb7,0xee,0x76,0xee,0x55,0xee,0x14,0xe6,0xf4,0xdd,0xf4,0xdd,0x15,0xde,0x15,0xde,
    0xf5,0xdd,0xf4,0xdd,0xf4,0xdd,0xf4,0xd5,0xf4,0xdd,0xf4,0xdd,0xf4,0xdd,0xf4,0xd5,
    0x93,0xd5,0x93,0xcd,0x93,0xcd,0xd4,0xd5,0x72,0xcd,0x93,0xcd,0x93,0xcd,0x93,0xcd,
    0x32,0xc5,0xf0,0xbc,0xaf,0xb4,0xab,0x93,0xf1,0xbc,0x15,0xde,0x15,0xde,0x35,0xde,
    0x76,0xe6,0x56,0xe6,0x97,0xee,0x32,0xbd,0xb0,0xac,0xf5,0xd5,0x76,0xe6,0x92,0xc5,
    0x30,0xb5,0x4a,0x6b,0xad,0x7b,0x54,0xbd,0x37,0xd6,0x78,0xde,0x58,0xde,0x79,0xde,
    0x17,0xce,0x34,0xa5,0xcf,0x83,0x91,0xa4,0xd2,0xac,0x71,0xa4,0xef,0x83,0x75,0xb5,
    0x58,0xde,0x78,0xe6,0x58,0xde,0x58,0xde,0x78,0xe6,0x58,0xde,0xf6,0xcd,0x33,0xb5,
    0x2e,0x8c,0xac,0x7b,0xcc,0x7b,0xcb,0x7b,0xeb,0x83,0x71,0xbd,0xd2,0xd5,0xf3,0xd5,
    0x14,0xd6,0xf4,0xd5,0xf1,0xb4,0x33,0xbd,0x97,0xe6,0x77,0xe6,0x56,0xe6,0x56,0xe6,
    0x56,0xe6,0x36,0xe6,0x56,0xe6,0xf4,0xdd,0x92,0xc5,0xae,0xac,0x31,0xbd,0x15,0xde,
    0x36,0xde,0xf4,0xdd,0x31,0xc5,0xf4,0xdd,0xb3,0xd5,0x15,0xde,0x35,0xe6,0x56,0xe6,
    0x35,0xde,0xf4,0xdd,0x56,0xe6,0x77,0xe6,0x56,0xe6,0x15,0xde,0x14,0xde,0x15,0xde,
    0xf5,0xdd,0xf4,0xd5,0x15,0xde,0x15,0xde,0x15,0xde,0x93,0xcd,0xcf,0xb4,0xae,0xac,
    0x52,0xcd,0x51,0xc5,0x0f,0xbd,0xb3,0xcd,0x93,0xd5,0xb3,0xcd,0x31,0xbd,0x51,0xbd,
    0x30,0xbd,0xb3,0xd5,0xb3,0xd5,0xb3,0xd5,0x15,0xde,0xf5,0xdd,0x15,0xde,0x15,0xde,
    0xd2,0xe5,0xd2,0xe5,0xb2,0xdd,0xb2,0xdd,0xb2,0xdd,0xb2,0xdd,0xb2,0xdd,0x91,0xdd,
    0xb1,0xdd,0xb1,0xdd,0x71,0xd5,0x92,0xd5,0xd2,0xdd,0xd2,0xdd,0xb2,0xd5,0x36,0xde,
    0x77,0xde,0x77,0xde,0x77,0xde,0x77,0xe6,0x98,0xe6,0x98,0xe6,0x98,0xe6,0x98,0xe6,
    0x98,0xe6,0x98,0xe6,0x98,0xe6,0x98,0xe6,0xb8,0xe6,0xb8,0xe6,0xb8,0xe6,0xb9,0xe6,
    0xb9,0xe6,0xd9,0xe6,0xb8,0xe6,0x3c,0xef,0xff,0xff,0xbd,0xff,0xd9,0xee,0x5d,0xf7,
    0xdf,0xff,0xbe,0xff,0x9c,0xff,0xd8,0xf6,0x97,0xf6,0xb7,0xf6,0xb7,0xf6,0xb7,0xf6,
    0xd7,0xf6,0xd7,0xf6,0xd8,0xf6,0xb7,0xf6,0xb7,0xf6,0xb7,0xf6,0xb7,0xf6,0xb7,0xf6,
    0xd8,0xf6,0xf8,0xf6,0x1a,0xf7,0x7b,0xff,0xb7,0xee,0x77,0xee,0x76,0xee,0x14,0xe6,
    0xf4,0xdd,0xf4,0xdd,0xf4,0xdd,0xf4,0xdd,0xf4,0xd5,0xf4,0xd5,0xf4,0xdd,0xf4,0xd5,
    0xf4,0xd5,0x15,0xde,0x15,0xde,0xf4,0xd5,0x93,0xd5,0x93,0xd5,0xb3,0xd5,0xb3,0xd5,
    0x93,0xcd,0xd4,0xd5,0xb4,0xd5,0xb3,0xd5,0x31,0xc5,0xf0,0xbc,0xaf,0xb4,0xab,0x8b,
    0x93,0xcd,0x36,0xe6,0x15,0xde,0x35,0xde,0x76,0xe6,0x56,0xe6,0x77,0xee,0x12,0xb5,
    0x94,0xc5,0xf5,0xd5,0x56,0xe6,0x92,0xc5,0x50,0xbd,0x8e,0x9c,0x6a,0x6b,0xac,0x7b,
    0x4f,0x94,0x17,0xd6,0xb9,0xe6,0x58,0xd6,0x58,0xde,0xf7,0xcd,0xae,0x7b,0xef,0x8b,
    0xd2,0xac,0xae,0x83,0x71,0x94,0x99,0xe6,0x78,0xde,0x78,0xde,0x99,0xe6,0x58,0xde,
    0x95,0xbd,0x2f,0x8c,0xea,0x62,0xab,0x7b,0x0c,0x84,0x4d,0x8c,0x0c,0x84,0x0c,0x84,
    0xf4,0xcd,0x34,0xde,0xd3,0xd5,0xf3,0xd5,0x13,0xd6,0x11,0xb5,0x54,0xbd,0xd4,0xd5,
    0x77,0xee,0x76,0xe6,0x76,0xe6,0x56,0xe6,0x56,0xe6,0x35,0xe6,0x35,0xe6,0xb3,0xd5,
    0x92,0xcd,0xae,0xac,0x92,0xcd,0x15,0xde,0x36,0xe6,0xd4,0xd5,0x72,0xcd,0xd4,0xd5,
    0xf4,0xdd,0x76,0xe6,0x56,0xe6,0x15,0xde,0x35,0xde,0x56,0xe6,0x77,0xe6,0x56,0xe6,
    0x35,0xe6,0x35,0xe6,0x36,0xde,0x15,0xde,0xf4,0xd5,0x35,0xde,0x56,0xe6,0x56,0xe6,
    0x77,0xe6,0xd4,0xd5,0x72,0xcd,0x93,0xcd,0x10,0xc5,0x72,0xcd,0xcf,0xb4,0x72,0xc5,
    0x15,0xde,0x15,0xde,0x31,0xbd,0x31,0xbd,0x92,0xcd,0x72,0xc5,0xb3,0xcd,0xf5,0xdd,
    0x35,0xde,0x15,0xde,0xf5,0xdd,0x15,0xde,0xd2,0xe5,0xd2,0xdd,0xb2,0xdd,0xb2,0xdd,
    0xb2,0xdd,0x91,0xdd,0xb1,0xdd,0x91,0xdd,0xb2,0xdd,0x91,0xdd,0x71,0xd5,0x92,0xd5,
    0xb2,0xdd,0xb2,0xdd,0xb3,0xd5,0x36,0xde,0x77,0xde,0x77,0xde,0x77,0xe6,0x98,0xe6,
    0x77,0xe6,0x77,0xe6,0x98,0xe6,0x98,0xe6,0x98,0xe6,0x98,0xe6,0x98,0xe6,0xb8,0xe6,
    0xb8,0xe6,0xb8,0xe6,0xb8,0xe6,0xb9,0xe6,0xd9,0xe6,0xb9,0xe6,0x5c,0xef,0xff,0xff,
    0xbe,0xff,0xbe,0xff,0xfa,0xee,0xbe,0xf7,0xdf,0xff,0xbe,0xff,0x7c,0xff,0xb7,0xf6,
    0x97,0xf6,0x97,0xf6,0xb7,0xf6,0xb7,0xf6,0xb7,0xf6,0xb7,0xf6,0xb7,0xf6,0xb7,0xf6,
    0xb7,0xf6,0xb7,0xf6,0xb7,0xf6,0xb7,0xf6,0xd8,0xf6,0x97,0xee,0xd8,0xee,0xd8,0xf6,
    0x97,0xee,0x77,0xee,0x76,0xee,0x35,0xe6,0xf4,0xdd,0xf4,0xdd,0xf4,0xdd,0xf4,0xdd,
    0xf4,0xdd,0xf4,0xdd,0xf4,0xd5,0xf4,0xd5,0xf4,0xd5,0xf4,0xd5,0xf4,0xdd,0xf4,0xd5,
    0xb3,0xd5,0xb3,0xd5,0xb3,0xd5,0x93,0xcd,0xb3,0xd5,0xb4,0xd5,0xd4,0xd5,0xb4,0xd5,
    0x52,0xc5,0xf0,0xbc,0xaf,0xb4,0xcc,0x93,0x72,0xc5,0x56,0xe6,0xf4,0xdd,0x36,0xe6,
    0x56,0xe6,0x56,0xe6,0x56,0xe6,0xf1,0xb4,0x17,0xd6,0xf5,0xd5,0xf4,0xd5,0x55,0xde,
    0x30,0xb5,0xef,0xa4,0xab,0x7b,0xcc,0x7b,0xab,0x7b,0x2b,0x6b,0x34,0xb5,0x99,0xde,
    0x58,0xd6,0x58,0xde,0x91,0x9c,0x6d,0x7b,0xb1,0xa4,0xae,0x83,0x17,0xd6,0x78,0xde,
    0x58,0xd6,0xb5,0xc5,0xb2,0xa4,0x6c,0x73,0xea,0x62,0xa8,0x52,0xeb,0x7b,0x6d,0x94,
    0x4d,0x8c,0x4d,0x8c,0x6e,0x94,0xf4,0xcd,0x75,0xe6,0xf3,0xd5,0xf3,0xd5,0x33,0xde,
    0x51,0xbd,0x12,0xb5,0x94,0xcd,0xf5,0xdd,0x76,0xe6,0x56,0xe6,0x56,0xe6,0x56,0xe6,
    0x56,0xe6,0x56,0xe6,0x35,0xe6,0xd4,0xd5,0xb3,0xcd,0x30,0xbd,0x93,0xcd,0x15,0xde,
    0x36,0xe6,0xd4,0xd5,0x93,0xcd,0xb3,0xd5,0x36,0xe6,0x56,0xe6,0xf4,0xd5,0x15,0xde,
    0x56,0xe6,0x36,0xe6,0x36,0xe6,0x35,0xe6,0x36,0xe6,0x36,0xe6,0x36,0xe6,0x15,0xde,
    0x56,0xe6,0x36,0xe6,0x36,0xe6,0x35,0xe6,0xf4,0xdd,0x15,0xde,0x36,0xde,0xb4,0xd5,
    0xd4,0xd5,0x51,0xc5,0x51,0xc5,0x52,0xc5,0xd4,0xd5,0x15,0xde,0xd4,0xd5,0x31,0xbd,
    0xb3,0xcd,0xb2,0xcd,0x30,0xbd,0xd4,0xd5,0x36,0xde,0x15,0xde,0x15,0xde,0x15,0xde,
    0xf2,0xe5,0xd2,0xe5,0xb2,0xdd,0xb2,0xdd,0xb2,0xdd,0xb2,0xdd,0xb2,0xdd,0xb1,0xdd,
    0xb2,0xdd,0xb1,0xdd,0x71,0xd5,0x92,0xd5,0xb2,0xdd,0xb2,0xdd,0xb2,0xd5,0x36,0xde,
    0x77,0xde,0x77,0xde,0x77,0xe6,0x97,0xde,0x98,0xe6,0x98,0xe6,0x98,0xe6,0x98,0xe6,
    0x98,0xe6,0x98,0xe6,0x98,0xe6,0xb8,0xe6,0xb8,0xe6,0xb8,0xe6,0xb8,0xe6,0xd9,0xe6,
    0x98,0xe6,0x1b,0xef,0xff,0xff,0xbe,0xff,0xbe,0xff,0x7c,0xf7,0xfa,0xee,0xff,0xff,
    0xde,0xff,0xbe,0xff,0x5b,0xff,0x97,0xf6,0x97,0xf6,0x97,0xf6,0xb7,0xf6,0xb7,0xf6,
    0xb7,0xf6,0xb7,0xf6,0xb7,0xf6,0xb7,0xf6,0x96,0xee,0x97,0xee,0x97,0xee,0xb7,0xee,
    0x97,0xee,0x76,0xee,0x76,0xee,0x76,0xee,0x76,0xee,0x76,0xe6,0x76,0xee,0x34,0xe6,
    0xf4,0xdd,0xf4,0xdd,0xf4,0xdd,0xf4,0xdd,0xf4,0xdd,0xf4,0xdd,0xf4,0xdd,0xf4,0xd5,
    0xf4,0xd5,0xd4,0xd5,0xf4,0xdd,0x15,0xde,0xb3,0xd5,0x92,0xd5,0xb3,0xd5,0x92,0xcd,
    0xb3,0xd5,0xb4,0xd5,0xb3,0xd5,0xb3,0xd5,0x31,0xc5,0xf0,0xbc,0x6f,0xac,0xab,0x8b,
    0x93,0xcd,0x35,0xe6,0xd4,0xd5,0x35,0xe6,0x36,0xe6,0x36,0xe6,0x35,0xe6,0x32,0xbd,
    0x58,0xde,0x37,0xde,0x52,0xc5,0x76,0xe6,0x35,0xd6,0x92,0xbd,0x6e,0x94,0xcb,0x7b,
    0x6d,0x8c,0x6a,0x6b,0x2b,0x73,0x33,0xbd,0x17,0xd6,0x79,0xde,0x95,0xc5,0xee,0x8b,
    0x2f,0x94,0x13,0xb5,0x58,0xde,0x54,0xbd,0x91,0xa4,0x50,0x9c,0xea,0x62,0x47,0x4a,
    0x4a,0x6b,0x6d,0x8c,0x8e,0x94,0x4d,0x8c,0xaf,0x94,0x30,0xad,0xf4,0xcd,0x56,0xe6,
    0x14,0xde,0xf3,0xd5,0x34,0xde,0xb2,0xcd,0xd1,0xac,0x17,0xd6,0x94,0xcd,0xf5,0xdd,
    0x77,0xe6,0x56,0xe6,0x77,0xe6,0x56,0xe6,0x56,0xe6,0x56,0xe6,0x15,0xde,0x15,0xde,
    0x15,0xde,0x51,0xcd,0x51,0xcd,0x15,0xde,0x35,0xde,0x93,0xcd,0x72,0xcd,0xf4,0xdd,
    0x35,0xde,0xd4,0xd5,0x36,0xde,0x56,0xe6,0x35,0xe6,0x35,0xde,0x15,0xde,0x35,0xe6,
    0x36,0xe6,0x35,0xe6,0x15,0xde,0x36,0xe6,0x35,0xe6,0x15,0xe6,0xf4,0xdd,0xd3,0xd5,
    0x35,0xde,0x15,0xde,0xd4,0xd5,0xb3,0xcd,0xd4,0xd5,0x72,0xc5,0x31,0xbd,0x93,0xcd,
    0xf5,0xdd,0x15,0xde,0x77,0xe6,0x15,0xde,0x15,0xde,0xf4,0xd5,0xf4,0xd5,0x15,0xde,
    0x35,0xde,0x15,0xde,0x15,0xde,0xf4,0xdd,0xf3,0xe5,0xd2,0xe5,0xb2,0xdd,0xb2,0xdd,
    0xb2,0xdd,0xb2,0xdd,0xb2,0xdd,0x91,0xdd,0xb1,0xdd,0x91,0xdd,0x71,0xd5,0xb2,0xd5,
    0xd2,0xdd,0xb2,0xdd,0xb2,0xd5,0x36,0xde,0x77,0xe6,0x77,0xe6,0x77,0xe6,0x98,0xe6,
    0x98,0xe6,0x98,0xe6,0x98,0xe6,0x98,0xe6,0x98,0xe6,0x98,0xe6,0xb8,0xe6,0xb8,0xe6,
    0xb8,0xe6,0xb9,0xe6,0xb9,0xe6,0xb8,0xe6,0xfa,0xee,0xdf,0xff,0xbe,0xff,0xbe,0xff,
    0xff,0xff,0x5c,0xef,0x5c,0xef,0xff,0xff,0xdf,0xff,0xbe,0xff,0x19,0xf7,0x97,0xf6,
    0x97,0xf6,0x97,0xf6,0x97,0xf6,0xb7,0xf6,0x97,0xee,0x97,0xee,0x97,0xee,0x96,0xee,
    0x76,0xee,0x76,0xee,0x76,0xee,0x76,0xee,0x76,0xee,0x76,0xee,0x76,0xee,0x76,0xee,
    0x76,0xee,0x76,0xee,0x56,0xe6,0x56,0xe6,0xf4,0xdd,0xd4,0xd5,0xf4,0xdd,0xf4,0xdd,
    0xf4,0xd5,0xf4,0xd5,0xd4,0xd5,0xd4,0xd5,0xf4,0xdd,0x15,0xde,0x35,0xde,0x15,0xde,
    0xd4,0xd5,0x72,0xcd,0x92,0xd5,0x93,0xd5,0xd4,0xd5,0xd4,0xd5,0xb3,0xd5,0xd4,0xd5,
    0x52,0xc5,0xf0,0xbc,0x8f,0xac,0xcc,0x93,0x15,0xde,0xd4,0xd5,0x15,0xde,0x56,0xe6,
    0x36,0xe6,0x56,0xe6,0x15,0xde,0x74,0xc5,0x99,0xe6,0x78,0xe6,0x73,0xc5,0x72,0xc5,
    0x35,0xde,0x35,0xd6,0xf3,0xcd,0xef,0xa4,0x2d,0x8c,0x2c,0x8c,0x8b,0x73,0xb1,0xac,
    0x70,0xa4,0x74,0xbd,0xf6,0xcd,0xae,0x83,0x8d,0x7b,0xd5,0xcd,0x0f,0x94,0xad,0x83,
    0x70,0x9c,0x0f,0x94,0xc9,0x5a,0x8b,0x73,0x6e,0x94,0xae,0x94,0xcf,0x9c,0x51,0xb5,
    0xf4,0xc5,0xf4,0xcd,0x55,0xde,0x35,0xde,0x14,0xd6,0x54,0xe6,0xf3,0xd5,0xd1,0xac,
    0xd6,0xd5,0x98,0xe6,0x94,0xcd,0x36,0xe6,0x56,0xe6,0x77,0xe6,0x76,0xe6,0x76,0xe6,
    0x56,0xe6,0x56,0xe6,0x15,0xde,0x36,0xe6,0xf5,0xdd,0x31,0xc5,0x31,0xc5,0xd3,0xd5,
    0x15,0xde,0xf0,0xbc,0x93,0xd5,0xf4,0xdd,0xf4,0xd5,0x35,0xde,0x36,0xe6,0x36,0xe6,
    0x35,0xde,0x92,0xcd,0x92,0xcd,0xb3,0xcd,0x56,0xe6,0x15,0xde,0x15,0xde,0x56,0xe6,
    0x56,0xe6,0xf4,0xdd,0xf4,0xdd,0x15,0xde,0x36,0xde,0x56,0xe6,0x15,0xd6,0x10,0xb5,
    0x31,0xbd,0x15,0xde,0xf4,0xdd,0x15,0xde,0x15,0xde,0xf4,0xdd,0xf4,0xd5,0xf5,0xdd,
    0x15,0xde,0x15,0xde,0x15,0xde,0x15,0xde,0x35,0xde,0x15,0xde,0x15,0xde,0xd4,0xd5,
    0xf2,0xe5,0xd2,0xdd,0xb2,0xdd,0xb2,0xdd,0xb2,0xdd,0xb2,0xdd,0xb2,0xdd,0x91,0xdd,
    0xb1,0xdd,0x91,0xdd,0x71,0xd5,0xb2,0xd5,0xd2,0xdd,0xb2,0xdd,0xb2,0xd5,0x36,0xde,
    0x77,0xde,0x77,0xde,0x77,0xe6,0x98,0xe6,0x98,0xe6,0x98,0xe6,0x98,0xe6,0x98,0xe6,
    0x98,0xe6,0x98,0xe6,0xb8,0xe6,0xb8,0xe6,0xb8,0xe6,0xd9,0xe6,0xb8,0xe6,0x1b,0xef,
    0xff,0xff,0xdf,0xff,0xde,0xff,0xdf,0xff,0xdf,0xff,0x5c,0xf7,0xbe,0xff,0xdf,0xff,
    0xdf,0xff,0xbe,0xff,0xf9,0xfe,0x97,0xf6,0x97,0xee,0x97,0xf6,0x97,0xf6,0x97,0xee,
    0x97,0xee,0x96,0xee,0x96,0xee,0x76,0xee,0x76,0xee,0x76,0xee,0x96,0xee,0x76,0xee,
    0x76,0xee,0x76,0xee,0x76,0xee,0x76,0xee,0x76,0xee,0x76,0xee,0x76,0xe6,0x56,0xe6,
    0x35,0xe6,0xf4,0xd5,0xd4,0xd5,0xf4,0xdd,0xf4,0xdd,0xf4,0xdd,0xd4,0xd5,0x15,0xde,
    0x35,0xde,0x35,0xde,0x15,0xde,0x15,0xde,0xf5,0xdd,0xd4,0xd5,0xb3,0xd5,0xd4,0xd5,
    0xf4,0xd5,0xd4,0xd5,0xd4,0xd5,0xd4,0xd5,0x72,0xcd,0xf0,0xbc,0x8f,0xac,0xaf,0xb4,
    0x36,0xe6,0xd4,0xd5,0x36,0xe6,0x56,0xe6,0x36,0xe6,0x77,0xe6,0xd4,0xd5,0xd5,0xcd,
    0xda,0xee,0x78,0xe6,0x78,0xde,0x11,0xb5,0x71,0xbd,0xb3,0xcd,0xf4,0xd5,0xd3,0xcd,
    0x51,0xb5,0x30,0xad,0xeb,0x7b,0xad,0x83,0xf2,0xb4,0xcd,0x93,0x94,0xc5,0xf3,0xd5,
    0x4e,0xa4,0xae,0x83,0x6c,0x7b,0xd1,0xac,0x12,0xb5,0x0a,0x6b,0x4a,0x6b,0x8e,0x9c,
    0x10,0xa5,0x92,0xbd,0xf4,0xcd,0xd3,0xc5,0x72,0xbd,0xd3,0xc5,0x35,0xde,0x35,0xde,
    0x54,0xe6,0xd3,0xcd,0x74,0xc5,0xd6,0xcd,0x78,0xe6,0x37,0xde,0xb4,0xd5,0x56,0xe6,
    0x56,0xe6,0x56,0xe6,0x56,0xe6,0x76,0xe6,0x56,0xe6,0x56,0xe6,0x15,0xde,0x35,0xde,
    0x15,0xde,0x31,0xc5,0x31,0xc5,0x92,0xcd,0xd4,0xd5,0x6e,0xb4,0xf4,0xdd,0xd4,0xd5,
    0x36,0xde,0x15,0xde,0x15,0xde,0x36,0xe6,0xd4,0xd5,0x71,0xc5,0xb3,0xcd,0xb3,0xcd,
    0xf4,0xd5,0x36,0xe6,0x77,0xe6,0x77,0xe6,0xf4,0xdd,0xf4,0xdd,0x15,0xde,0x35,0xde,
    0x36,0xe6,0x36,0xde,0x36,0xe6,0x72,0xc5,0xd4,0xcd,0x56,0xe6,0x36,0xe6,0x35,0xe6,
    0x35,0xe6,0xf4,0xdd,0xf4,0xdd,0xb3,0xcd,0x15,0xde,0x15,0xde,0xf4,0xdd,0x15,0xde,
    0x15,0xde,0x15,0xde,0xf5,0xdd,0xd4,0xd5,0xd2,0xe5,0xb2,0xdd,0xb2,0xdd,0xb2,0xdd,
    0xb2,0xdd,0xb2,0xdd,0xb2,0xdd,0xb1,0xdd,0xb1,0xdd,0x91,0xdd,0x71,0xd5,0xb2,0xdd,
    0xd2,0xdd,0xb2,0xdd,0xb2,0xd5,0x36,0xde,0x77,0xde,0x77,0xde,0x97,0xe6,0x97,0xe6,
    0x77,0xe6,0x98,0xe6,0x98,0xe6,0x98,0xe6,0x98,0xe6,0x98,0xe6,0xb8,0xe6,0xb8,0xe6,
    0xb9,0xe6,0xb9,0xe6,0xfa,0xee,0xdf,0xff,0xdf,0xff,0xdf,0xff,0xdf,0xff,0xdf,0xff,
    0xbe,0xff,0x3b,0xef,0xdf,0xff,0xde,0xff,0xdf,0xff,0x9d,0xff,0xf8,0xf6,0x96,0xf6,
    0x97,0xee,0x97,0xee,0x97,0xee,0x96,0xee,0x97,0xee,0x76,0xee,0x76,0xee,0x76,0xee,
    0x76,0xee,0x76,0xee,0x76,0xee,0x76,0xee,0x76,0xee,0x76,0xee,0x76,0xee,0x76,0xee,
    0x56,0xee,0x76,0xee,0x76,0xee,0x76,0xe6,0x56,0xe6,0x56,0xe6,0x35,0xe6,0x15,0xde,
    0x15,0xde,0x35,0xe6,0x35,0xe6,0x15,0xde,0x15,0xde,0x15,0xde,0x15,0xde,0x36,0xe6,
    0x35,0xde,0xf4,0xd5,0xd4,0xd5,0xf4,0xd5,0xf4,0xd5,0xd4,0xd5,0xd4,0xd5,0xd4,0xd5,
    0x73,0xcd,0xaf,0xb4,0x6e,0xac,0x11,0xbd,0x35,0xe6,0xd4,0xd5,0x35,0xe6,0x35,0xe6,
    0x56,0xe6,0x56,0xe6,0x52,0xc5,0xf1,0xb4,0xd5,0xc5,0x32,0xb5,0x11,0xad,0xf0,0xa4,
    0x4e,0x94,0xf0,0xa4,0xaf,0xa4,0xaf,0xa4,0xaf,0xa4,0x10,0xad,0x30,0xb5,0x2d,0x94,
    0xd1,0xac,0x90,0xa4,0xd4,0xcd,0x50,0xcd,0xea,0xa3,0xec,0x93,0xb1,0xac,0x33,0xb5,
    0x2f,0x8c,0xec,0x83,0x71,0xbd,0xd3,0xc5,0xd3,0xc5,0x72,0xbd,0xcf,0xa4,0x8e,0x94,
    0x10,0xa5,0x92,0xbd,0x92,0xbd,0xf3,0xcd,0x51,0xbd,0x74,0xbd,0x78,0xde,0x78,0xe6,
    0x58,0xde,0xb4,0xcd,0xd4,0xd5,0x76,0xe6,0x56,0xe6,0x56,0xe6,0x56,0xe6,0x56,0xe6,
    0x56,0xe6,0x36,0xe6,0x15,0xde,0xf5,0xdd,0x15,0xde,0x51,0xc5,0x31,0xcd,0x92,0xcd,
    0x72,0xcd,0x31,0xc5,0xf5,0xdd,0x35,0xde,0x15,0xde,0x35,0xde,0x15,0xde,0x36,0xe6,
    0xb3,0xcd,0x30,0xbd,0x72,0xc5,0x72,0xc5,0xb3,0xcd,0x56,0xe6,0x35,0xde,0x72,0xc5,
    0x52,0xc5,0x15,0xde,0x15,0xde,0x36,0xe6,0x36,0xe6,0x15,0xde,0x15,0xde,0x56,0xe6,
    0x77,0xe6,0x56,0xe6,0x56,0xe6,0x36,0xde,0x35,0xe6,0xf4,0xdd,0x15,0xde,0x15,0xde,
    0x15,0xde,0x15,0xde,0xf5,0xdd,0x15,0xde,0x15,0xde,0x15,0xde,0xf5,0xdd,0xd4,0xd5,
    0x54,0xee,0xd2,0xe5,0xd2,0xdd,0xb2,0xdd,0xb2,0xdd,0xb2,0xdd,0xb1,0xdd,0xb1,0xdd,
    0x91,0xdd,0x91,0xdd,0x91,0xd5,0xb2,0xdd,0xd2,0xdd,0xd2,0xdd,0xb2,0xd5,0x15,0xde,
    0x77,0xde,0x77,0xde,0x77,0xe6,0x97,0xe6,0x97,0xe6,0x98,0xe6,0x98,0xe6,0x98,0xe6,
    0x98,0xe6,0x98,0xe6,0xb8,0xe6,0xb8,0xe6,0xb9,0xe6,0xfa,0xee,0xdf,0xff,0xdf,0xff,
    0xdf,0xff,0xdf,0xff,0xdf,0xff,0xff,0xff,0x5c,0xf7,0x7d,0xf7,0xdf,0xff,0xde,0xff,
    0xdf,0xff,0x7c,0xff,0xd7,0xf6,0x96,0xf6,0x96,0xee,0x96,0xee,0x97,0xee,0x97,0xee,
    0x96,0xee,0x76,0xee,0x76,0xee,0x76,0xee,0x76,0xee,0x76,0xee,0x76,0xee,0x76,0xee,
    0x76,0xee,0x76,0xee,0x76,0xee,0x76,0xee,0x76,0xee,0x76,0xee,0x76,0xe6,0x76,0xe6,
    0x76,0xe6,0x56,0xe6,0x56,0xe6,0x56,0xe6,0x56,0xe6,0x56,0xe6,0x56,0xe6,0x56,0xe6,
    0x55,0xe6,0x35,0xe6,0x36,0xe6,0x36,0xe6,0x36,0xe6,0xf4,0xdd,0xd4,0xd5,0xd4,0xd5,
    0xd4,0xd5,0xd4,0xd5,0xb4,0xd5,0xd4,0xd5,0x11,0xbd,0x6e,0xac,0x8f,0xb4,0x72,0xcd,
    0x14,0xde,0xb3,0xd5,0x15,0xe6,0x36,0xe6,0xb3,0xcd,0x52,0xbd,0xf0,0xac,0xcf,0xa4,
    0x72,0xb5,0xf0,0xa4,0xcf,0xa4,0xf0,0xa4,0x31,0xa5,0x10,0xa5,0x6e,0x94,0xec,0x7b,
    0x6a,0x73,0x2a,0x6b,0x0c,0x8c,0xb2,0xd5,0xef,0xc4,0x6e,0xb4,0xaf,0xbc,0x2c,0xa4,
    0xcb,0x9b,0x2f,0xcd,0x15,0xde,0x33,0xb5,0x6f,0x9c,0x34,0xd6,0xf4,0xcd,0xf0,0xa4,
    0x2d,0x8c,0xec,0x83,0x0c,0x84,0xcf,0xa4,0x71,0xb5,0x30,0xad,0xcf,0x9c,0x6e,0x94,
    0x12,0xb5,0x78,0xe6,0x78,0xde,0x78,0xde,0x37,0xd6,0xb4,0xcd,0x36,0xde,0x76,0xe6,
    0x56,0xe6,0x56,0xe6,0x56,0xe6,0x36,0xe6,0x56,0xe6,0x35,0xde,0x36,0xde,0x15,0xde,
    0x36,0xde,0x52,0xcd,0x51,0xcd,0x92,0xd5,0xf0,0xbc,0x93,0xcd,0x36,0xe6,0x35,0xde,
    0x36,0xe6,0xd3,0xd5,0x71,0xc5,0xb3,0xd5,0xf4,0xd5,0xef,0xbc,0xef,0xb4,0x4d,0x9c,
    0x6d,0xa4,0xb3,0xd5,0x15,0xde,0x72,0xc5,0xd4,0xd5,0x15,0xde,0x56,0xe6,0x35,0xde,
    0x15,0xde,0x14,0xde,0xf4,0xdd,0x35,0xde,0x56,0xe6,0x56,0xe6,0x36,0xe6,0x36,0xe6,
    0x56,0xe6,0xd3,0xd5,0x93,0xcd,0x56,0xe6,0xf5,0xdd,0x15,0xde,0x15,0xde,0x15,0xde,
    0x15,0xde,0x15,0xde,0xf5,0xdd,0xd4,0xd5,0x75,0xf6,0xd2,0xe5,0xd2,0xdd,0xb2,0xdd,
    0xb2,0xdd,0xb2,0xdd,0xb1,0xdd,0x91,0xdd,0x91,0xdd,0x91,0xdd,0x91,0xd5,0xb2,0xdd,
    0xd2,0xdd,0xd2,0xdd,0x92,0xd5,0x15,0xde,0x77,0xde,0x77,0xde,0x77,0xde,0x77,0xe6,
    0x97,0xe6,0x98,0xe6,0x98,0xe6,0x98,0xe6,0x98,0xe6,0xb8,0xe6,0xb8,0xe6,0xb8,0xe6,
    0xb8,0xe6,0x98,0xe6,0xdf,0xff,0xdf,0xff,0xde,0xff,0xbe,0xff,0xde,0xff,0xdf,0xff,
    0x1b,0xef,0xbe,0xff,0xde,0xff,0xde,0xff,0xdf,0xff,0x5b,0xff,0xb7,0xf6,0x96,0xee,
    0x96,0xee,0x76,0xee,0x96,0xee,0x97,0xee,0x76,0xee,0x76,0xee,0x76,0xee,0x76,0xee,
    0x76,0xee,0x76,0xee,0x76,0xee,0x76,0xee,0x76,0xee,0x76,0xee,0x76,0xee,0x76,0xee,
    0x76,0xee,0x76,0xee,0x76,0xe6,0x76,0xe6,0x56,0xe6,0x56,0xe6,0x56,0xe6,0x56,0xe6,
    0x56,0xe6,0x56,0xe6,0x56,0xe6,0x56,0xe6,0x56,0xe6,0x56,0xe6,0x56,0xe6,0x56,0xe6,
    0x56,0xe6,0x15,0xde,0xf4,0xd5,0xd4,0xd5,0xd4,0xd5,0xd4,0xd5,0xb3,0xd5,0xb3,0xd5,
    0x8f,0xb4,0xaf,0xb4,0x8f,0xb4,0x93,0xd5,0xf4,0xdd,0xd4,0xd5,0x56,0xe6,0x76,0xe6,
    0x8f,0xa4,0xf0,0xa4,0x10,0xad,0x10,0xa5,0x31,0xad,0x10,0xa5,0x10,0xa5,0x10,0xa5,
    0x10,0xa5,0x31,0xad,0xf0,0xa4,0x4e,0x8c,0xec,0x7b,0x4b,0x6b,0x09,0x63,0x0c,0x9c,
    0x69,0x8b,0x11,0xb5,0xb1,0x9c,0x2e,0x8c,0x6e,0xa4,0x4b,0xac,0xf3,0xdd,0xd4,0xc5,
    0xeb,0x83,0xec,0x83,0xec,0x7b,0xec,0x7b,0xec,0x7b,0x0c,0x84,0x6e,0x94,0xaf,0x9c,
    0x8f,0x9c,0x4e,0x94,0x70,0xa4,0xf2,0xb4,0x37,0xde,0x57,0xde,0x78,0xde,0x78,0xde,
    0xb9,0xe6,0xd5,0xcd,0x56,0xe6,0x77,0xe6,0x56,0xe6,0x56,0xe6,0x56,0xe6,0x56,0xe6,
    0x56,0xe6,0x15,0xde,0x35,0xde,0xf5,0xdd,0x56,0xe6,0x72,0xcd,0x51,0xcd,0x51,0xc5,
    0xd0,0xb4,0x15,0xde,0x35,0xde,0x15,0xde,0x15,0xde,0x72,0xc5,0x92,0xc5,0x51,0xbd,
    0x92,0xcd,0x93,0xd5,0x51,0xc5,0xf0,0xb4,0xd4,0xd5,0x56,0xe6,0x15,0xde,0xf4,0xd5,
    0x15,0xde,0x56,0xe6,0x56,0xe6,0x35,0xe6,0xf4,0xdd,0xf4,0xdd,0xf4,0xdd,0x15,0xde,
    0x56,0xe6,0x56,0xe6,0x36,0xe6,0x36,0xe6,0x56,0xe6,0xb3,0xd5,0x52,0xc5,0x36,0xe6,
    0xf4,0xd5,0x35,0xde,0x35,0xde,0x15,0xde,0x15,0xde,0x35,0xde,0x15,0xde,0xd4,0xd5,
    0x54,0xee,0xd2,0xdd,0xd2,0xdd,0xb2,0xdd,0xb1,0xdd,0xb1,0xdd,0xb1,0xdd,0x91,0xdd,
    0x91,0xdd,0x91,0xdd,0x91,0xd5,0xb2,0xdd,0xb2,0xdd,0xb2,0xdd,0x92,0xd5,0x15,0xde,
    0x77,0xde,0x77,0xe6,0x77,0xe6,0x77,0xe6,0x77,0xe6,0x98,0xe6,0x97,0xe6,0x98,0xe6,
    0x98,0xe6,0x98,0xe6,0x98,0xe6,0xb8,0xe6,0x98,0xe6,0xb9,0xe6,0xff,0xff,0x7c,0xf7,
    0x3a,0xf7,0x1a,0xf7,0x3a,0xf7,0xf9,0xf6,0x3c,0xef,0xde,0xff,0xbe,0xff,0xde,0xff,
    0xdf,0xff,0x3a,0xff,0x96,0xf6,0x97,0xf6,0x76,0xee,0x76,0xee,0x96,0xee,0x97,0xee,
    0x76,0xee,0x76,0xee,0x76,0xee,0x56,0xee,0x56,0xee,0x76,0xee,0x76,0xee,0x76,0xee,
    0x76,0xee,0x76,0xee,0x76,0xee,0x56,0xe6,0x76,0xe6,0x76,0xe6,0x76,0xe6,0x56,0xe6,
    0x76,0xe6,0x56,0xe6,0x56,0xe6,0x56,0xe6,0x56,0xe6,0x56,0xe6,0x56,0xe6,0x56,0xe6,
    0x56,0xe6,0x56,0xe6,0x56,0xe6,0x56,0xe6,0x35,0xe6,0x15,0xde,0xf4,0xd5,0xd4,0xd5,
    0xd4,0xd5,0xd4,0xd5,0xd4,0xd5,0x72,0xcd,0x6e,0xac,0xf0,0xbc,0xaf,0xb4,0xf4,0xdd,
    0x15,0xde,0x15,0xde,0x56,0xe6,0x77,0xee,0x11,0xad,0xaf,0x9c,0x10,0xad,0x10,0xa5,
    0xf0,0xa4,0x10,0xa5,0x10,0xa5,0x10,0xa5,0x31,0xad,0x10,0xa5,0xaf,0x9c,0x8f,0x94,
    0x4e,0x8c,0x0d,0x84,0x4e,0x94,0x0c,0x9c,0x6e,0x9c,0x14,0x9d,0x34,0xa5,0x4c,0x63,
    0xad,0x73,0x8a,0x83,0x0f,0xbd,0x8b,0x7b,0xe8,0x5a,0x4a,0x63,0xab,0x73,0xcc,0x7b,
    0x2d,0x84,0x8e,0x94,0x6e,0x8c,0x8b,0x73,0xee,0x8b,0x91,0xac,0xd2,0xac,0xf6,0xcd,
    0x37,0xd6,0x57,0xde,0x78,0xde,0x98,0xe6,0xb9,0xe6,0x16,0xde,0x77,0xee,0x76,0xe6,
    0x76,0xe6,0x56,0xe6,0x56,0xe6,0x56,0xe6,0x36,0xe6,0x35,0xde,0xf5,0xdd,0xf4,0xdd,
    0x77,0xe6,0x72,0xcd,0x51,0xcd,0x31,0xc5,0xb3,0xd5,0x36,0xe6,0xf5,0xdd,0x36,0xe6,
    0xf4,0xd5,0xd4,0xd5,0xd4,0xd5,0xd4,0xd5,0xd4,0xd5,0x72,0xcd,0xb3,0xd5,0x51,0xc5,
    0x92,0xcd,0x15,0xde,0xf4,0xdd,0x35,0xde,0x56,0xe6,0x56,0xe6,0x56,0xe6,0x35,0xe6,
    0x14,0xde,0xf4,0xdd,0x35,0xde,0x36,0xe6,0x36,0xe6,0x56,0xe6,0x36,0xde,0x36,0xde,
    0x35,0xe6,0xb3,0xd5,0xef,0xb4,0xf4,0xd5,0xf4,0xd5,0x15,0xde,0xb4,0xcd,0x72,0xc5,
    0xf4,0xd5,0xf4,0xd5,0x72,0xcd,0xd4,0xd5,0xf3,0xe5,0xd2,0xdd,0xd2,0xdd,0xb1,0xdd,
    0xb1,0xdd,0x91,0xdd,0x91,0xdd,0x91,0xdd,0x91,0xdd,0x91,0xd5,0x71,0xd5,0xb2,0xdd,
    0xb2,0xdd,0xb2,0xdd,0x92,0xd5,0x15,0xde,0x77,0xde,0x77,0xe6,0x77,0xde,0x77,0xe6,
    0x77,0xe6,0x97,0xde,0x97,0xde,0x98,0xe6,0x98,0xe6,0x98,0xe6,0xb8,0xe6,0xb8,0xe6,
    0x77,0xde,0xfa,0xee,0xde,0xff,0x1a,0xf7,0x1a,0xf7,0x1a,0xf7,0x1a,0xf7,0xb9,0xee,
    0xbe,0xf7,0xbd,0xff,0xbe,0xff,0xde,0xff,0xde,0xff,0x3a,0xff,0x96,0xf6,0x97,0xee,
    0x76,0xee,0x76,0xee,0x96,0xee,0x76,0xee,0x76,0xee,0x76,0xee,0x76,0xee,0x56,0xee,
    0x56,0xe6,0x56,0xee,0x76,0xee,0x56,0xee,0x56,0xee,0x76,0xee,0x56,0xe6,0x76,0xee,
    0x76,0xee,0x56,0xe6,0x76,0xe6,0x56,0xe6,0x56,0xe6,0x56,0xe6,0x56,0xe6,0x56,0xe6,
    0x56,0xe6,0x56,0xe6,0x56,0xe6,0x56,0xe6,0x56,0xe6,0x56,0xe6,0x36,0xe6,0x15,0xde,
    0x15,0xde,0xf4,0xdd,0xf4,0xd5,0xf4,0xd5,0xd4,0xd5,0xd3,0xd5,0xf4,0xd5,0xaf,0xb4,
    0xaf,0xb4,0xd0,0xbc,0xf0,0xbc,0x56,0xe6,0x15,0xde,0x15,0xde,0x56,0xe6,0x77,0xee,
    0xf1,0xac,0xec,0x83,0xcf,0x9c,0x10,0xa5,0x10,0xa5,0x10,0xa5,0x10,0xa5,0x31,0xad,
    0xaf,0x9c,0xcb,0x73,0x4a,0x6b,0x6a,0x6b,0x8b,0x6b,0x8e,0x94,0x50,0xcd,0x8a,0x93,
    0xcd,0x83,0x71,0x8c,0x13,0x9d,0x4c,0x63,0x4c,0x63,0xec,0x8b,0x30,0xc5,0x31,0xbd,
    0x4d,0x8c,0xaf,0x94,0x8f,0x94,0x6e,0x94,0xaf,0x94,0xd0,0x9c,0xcf,0x9c,0xaf,0x9c,
    0xec,0x83,0x90,0xa4,0x12,0xb5,0x16,0xd6,0x98,0xe6,0x78,0xde,0x78,0xde,0xb9,0xe6,
    0x78,0xde,0x16,0xde,0x77,0xee,0x76,0xe6,0x56,0xe6,0x56,0xe6,0x56,0xe6,0x56,0xe6,
    0x35,0xe6,0x15,0xde,0xf5,0xdd,0xf5,0xdd,0x77,0xe6,0x92,0xcd,0x31,0xc5,0x11,0xc5,
    0x15,0xde,0x35,0xde,0x15,0xde,0x56,0xe6,0x36,0xde,0xf5,0xdd,0x15,0xde,0x36,0xe6,
    0xf4,0xdd,0x92,0xcd,0xb3,0xcd,0x30,0xb5,0x30,0xb5,0xd3,0xd5,0x36,0xe6,0x36,0xde,
    0x56,0xe6,0x56,0xe6,0x56,0xe6,0x36,0xe6,0x35,0xde,0x35,0xe6,0x56,0xe6,0x36,0xe6,
    0x36,0xe6,0x36,0xe6,0x36,0xe6,0x36,0xe6,0x15,0xde,0x35,0xde,0x92,0xc5,0x92,0xcd,
    0x72,0xc5,0xd4,0xd5,0x72,0xc5,0x31,0xbd,0x30,0xbd,0x72,0xcd,0x92,0xcd,0xd4,0xd5,
    0xf2,0xe5,0xd2,0xdd,0xb2,0xdd,0xb1,0xdd,0xb1,0xdd,0x91,0xdd,0x91,0xdd,0x91,0xdd,
    0x91,0xdd,0x91,0xd5,0x71,0xd5,0xb2,0xdd,0xb2,0xdd,0xb2,0xdd,0xb2,0xd5,0x15,0xde,
    0x77,0xe6,0x77,0xe6,0x77,0xde,0x77,0xe6,0x77,0xe6,0x77,0xe6,0x97,0xe6,0x98,0xe6,
    0x98,0xe6,0x98,0xe6,0x98,0xe6,0xb8,0xe6,0x77,0xde,0x1b,0xef,0xbe,0xff,0x19,0xf7,
    0x1a,0xf7,0x3a,0xf7,0xf9,0xf6,0xfa,0xee,0xde,0xff,0x7d,0xff,0xbe,0xff,0xdf,0xff,
    0xbe,0xff,0x19,0xf7,0x96,0xf6,0x76,0xee,0x76,0xee,0x76,0xee,0x76,0xee,0x76,0xee,
    0x76,0xee,0x76,0xee,0x56,0xee,0x56,0xee,0x76,0xee,0x76,0xee,0x56,0xe6,0x76,0xee,
    0x56,0xee,0x76,0xee,0x76,0xe6,0x76,0xe6,0x76,0xee,0x76,0xe6,0x56,0xe6,0x56,0xe6,
    0x76,0xe6,0x56,0xe6,0x56,0xe6,0x56,0xe6,0x56,0xe6,0x56,0xe6,0x56,0xe6,0x56,0xe6,
    0x56,0xe6,0x35,0xe6,0x14,0xde,0xf4,0xdd,0x15,0xde,0x15,0xde,0xd4,0xd5,0xd4,0xd5,
    0xb3,0xd5,0xd4,0xd5,0x52,0xc5,0x6e,0xac,0x11,0xc5,0xaf,0xb4,0x52,0xcd,0x56,0xe6,
    0xf4,0xdd,0x35,0xe6,0x36,0xe6,0x56,0xee,0x31,0xb5,0xab,0x7b,0x2d,0x8c,0xcf,0x9c,
    0xf0,0xa4,0x10,0xa5,0x10,0xa5,0xf0,0xa4,0xcb,0x7b,0xab,0x73,0x6a,0x6b,0x87,0x4a,
    0x67,0x42,0x8b,0x73,0x8e,0xb4,0xcb,0x93,0xad,0x7b,0x6d,0x63,0x89,0x52,0x2b,0x5b,
    0x8d,0x6b,0xab,0x8b,0x4c,0xac,0x33,0xee,0x51,0xbd,0xaf,0x94,0xcf,0x9c,0xaf,0x94,
    0xcf,0x9c,0xaf,0x9c,0xaf,0x94,0xaf,0x9c,0xae,0x94,0xaf,0x9c,0xb3,0xc5,0xd0,0xa4,
    0xd1,0xa4,0x98,0xe6,0xb9,0xe6,0xb9,0xe6,0x77,0xde,0x36,0xde,0x77,0xe6,0x76,0xe6,
    0x56,0xe6,0x56,0xe6,0x36,0xe6,0x56,0xe6,0x36,0xe6,0x35,0xde,0x15,0xde,0x36,0xe6,
    0x76,0xe6,0x93,0xcd,0x30,0xc5,0x72,0xcd,0x36,0xde,0x15,0xde,0x35,0xde,0x56,0xe6,
    0xf4,0xd5,0xd4,0xd5,0x36,0xe6,0x36,0xe6,0xd4,0xd5,0x51,0xc5,0x71,0xbd,0x72,0xbd,
    0x30,0xbd,0xf4,0xd5,0x36,0xe6,0x35,0xde,0x56,0xe6,0x56,0xe6,0x36,0xe6,0x35,0xe6,
    0x56,0xe6,0x36,0xe6,0x36,0xe6,0x36,0xe6,0x36,0xe6,0x36,0xe6,0x36,0xe6,0x36,0xe6,
    0x36,0xde,0x36,0xde,0xb3,0xd5,0xb3,0xd5,0x31,0xbd,0x51,0xbd,0x8e,0xac,0xae,0xac,
    0x30,0xbd,0xb3,0xd5,0x92,0xcd,0xd4,0xd5,0xd2,0xe5,0xd2,0xe5,0xb1,0xdd,0xb1,0xdd,
    0xb1,0xdd,0xb1,0xdd,0x91,0xdd,0x91,0xd5,0x91,0xd5,0x71,0xd5,0x71,0xd5,0xb2,0xdd,
    0xb2,0xdd,0xd2,0xdd,0xb2,0xd5,0x15,0xde,0x77,0xde,0x77,0xe6,0x77,0xe6,0x77,0xde,
    0x77,0xde,0x77,0xe6,0x98,0xe6,0x98,0xe6,0x98,0xe6,0x98,0xe6,0x98,0xe6,0xb9,0xe6,
    0x57,0xde,0x3c,0xef,0x9d,0xff,0xf9,0xf6,0x19,0xf7,0x3a,0xff,0xb8,0xee,0x7d,0xf7,
    0x9d,0xff,0x7c,0xff,0xbe,0xff,0xdf,0xff,0xbe,0xff,0xf9,0xf6,0x96,0xf6,0x76,0xee,
    0x76,0xee,0x76,0xee,0x76,0xee,0x76,0xee,0x76,0xee,0x76,0xee,0x76,0xee,0x56,0xe6,
    0x76,0xee,0x76,0xee,0x56,0xee,0x76,0xee,0x76,0xee,0x76,0xee,0x76,0xee,0x76,0xee,
    0x76,0xee,0x76,0xee,0x76,0xee,0x56,0xe6,0x56,0xe6,0x56,0xe6,0x56,0xe6,0x56,0xe6,
    0x56,0xe6,0x76,0xe6,0x56,0xe6,0x35,0xe6,0x14,0xde,0xf4,0xdd,0x14,0xde,0x15,0xde,
    0x15,0xde,0xf4,0xdd,0xd4,0xd5,0xd4,0xd5,0xd3,0xd5,0xd4,0xd5,0x6e,0xac,0xf0,0xbc,
    0xf0,0xbc,0x8e,0xb4,0x72,0xcd,0x56,0xe6,0xf4,0xdd,0x36,0xe6,0x35,0xe6,0x56,0xe6,
    0x73,0xc5,0xcb,0x7b,0xec,0x7b,0x8e,0x94,0xcf,0x9c,0xcf,0x9c,0x31,0xad,0xcf,0x9c,
    0x0c,0x84,0x4d,0x8c,0x2d,0x8c,0x2e,0x8c,0x8f,0x94,0xac,0x7b,0xab,0x8b,0x8b,0x8b,
    0x4c,0x63,0xcf,0x73,0x6c,0x63,0x30,0x7c,0xce,0x7b,0xcb,0x93,0x6d,0xac,0xd0,0xac,
    0x6b,0x73,0xab,0x73,0xec,0x7b,0xab,0x73,0xec,0x7b,0xaf,0x9c,0xcf,0x9c,0xcf,0x9c,
    0xcf,0x9c,0xd0,0x9c,0xef,0x9c,0x4d,0x8c,0x09,0x63,0xed,0x83,0x37,0xd6,0xfa,0xee,
    0x16,0xd6,0x36,0xde,0x56,0xe6,0x56,0xe6,0x56,0xe6,0x56,0xe6,0x56,0xe6,0x56,0xe6,
    0x35,0xde,0x36,0xe6,0xf4,0xdd,0x56,0xe6,0x77,0xe6,0xb3,0xd5,0x10,0xc5,0xf4,0xd5,
    0x15,0xde,0xd4,0xd5,0x35,0xde,0xf4,0xdd,0xf4,0xdd,0xf4,0xdd,0x36,0xe6,0x15,0xde,
    0xb3,0xd5,0x72,0xc5,0xd3,0xcd,0x51,0xbd,0x72,0xbd,0x36,0xe6,0x56,0xe6,0x36,0xe6,
    0x56,0xe6,0x56,0xe6,0x35,0xe6,0x56,0xe6,0x56,0xe6,0x36,0xe6,0x36,0xe6,0x36,0xe6,
    0x35,0xde,0x36,0xe6,0x36,0xe6,0x36,0xe6,0xf4,0xd5,0x31,0xc5,0x72,0xcd,0x31,0xc5,
    0x72,0xcd,0xb3,0xd5,0x93,0xcd,0xcf,0xb4,0x10,0xbd,0x72,0xcd,0xb3,0xd5,0xd4,0xd5,
    0xf3,0xe5,0x34,0xee,0xd2,0xdd,0xb1,0xdd,0xb1,0xdd,0x91,0xdd,0x91,0xd5,0x71,0xd5,
    0x71,0xd5,0x71,0xd5,0x71,0xd5,0xb2,0xdd,0xb2,0xdd,0xd2,0xdd,0xb2,0xd5,0x15,0xde,
    0x77,0xde,0x77,0xde,0x77,0xe6,0x77,0xe6,0x77,0xde,0x77,0xe6,0x97,0xe6,0x98,0xe6,
    0x98,0xe6,0xb8,0xe6,0x98,0xe6,0xb9,0xe6,0x36,0xde,0x3b,0xef,0x5b,0xff,0x1a,0xf7,
    0x3a,0xf7,0xd8,0xf6,0x77,0xe6,0xdf,0xff,0x5b,0xff,0x7c,0xff,0xbd,0xff,0xdf,0xff,
    0xbd,0xff,0xd8,0xf6,0x96,0xee,0x76,0xee,0x76,0xee,0x76,0xee,0x76,0xee,0x76,0xee,
    0x56,0xee,0x76,0xee,0x56,0xee,0x56,0xee,0x76,0xee,0x76,0xe6,0x56,0xee,0x56,0xee,
    0x76,0xee,0x76,0xee,0x76,0xee,0x76,0xee,0x76,0xee,0x76,0xee,0x76,0xee,0x76,0xee,
    0x56,0xe6,0x56,0xe6,0x35,0xe6,0x56,0xe6,0x56,0xe6,0x56,0xe6,0x35,0xe6,0x14,0xde,
    0xf4,0xdd,0xf4,0xdd,0x15,0xde,0x15,0xde,0xf4,0xdd,0xf4,0xd5,0xd4,0xd5,0xd4,0xd5,
    0xf4,0xdd,0x52,0xc5,0xaf,0xb4,0x11,0xbd,0xd0,0xbc,0xaf,0xb4,0xb3,0xd5,0x36,0xe6,
    0x15,0xde,0x56,0xe6,0x36,0xe6,0x56,0xe6,0xd4,0xd5,0xcc,0x83,0xec,0x7b,0x6e,0x94,
    0x31,0xb5,0xb3,0xc5,0xf4,0xcd,0x93,0xc5,0x8e,0x9c,0x6e,0x94,0x10,0xa5,0xd4,0xc5,
    0x31,0xad,0x0d,0x84,0x8e,0xac,0x28,0x83,0x6a,0x7b,0x0f,0x74,0x50,0x7c,0x70,0x8c,
    0xe9,0x72,0x6d,0xb4,0x4e,0xa4,0xe6,0x41,0x06,0x42,0x46,0x42,0x6a,0x6b,0xcb,0x7b,
    0x6a,0x6b,0x0c,0x84,0xf0,0xa4,0xcf,0x9c,0xf0,0x9c,0xf0,0xa4,0x10,0xa5,0xf0,0xa4,
    0x6e,0x8c,0x8b,0x6b,0x6b,0x6b,0x53,0xb5,0x16,0xd6,0x15,0xde,0x56,0xe6,0x56,0xe6,
    0x56,0xe6,0x56,0xe6,0x56,0xe6,0x56,0xe6,0x36,0xe6,0x36,0xe6,0x15,0xde,0x77,0xe6,
    0x77,0xe6,0xd4,0xd5,0x11,0xc5,0x15,0xde,0xf4,0xd5,0x56,0xe6,0x15,0xde,0x15,0xde,
    0x15,0xde,0x15,0xde,0x15,0xde,0xb3,0xd5,0x71,0xc5,0x92,0xcd,0x71,0xc5,0xb3,0xcd,
    0x36,0xde,0x56,0xe6,0x56,0xe6,0x56,0xe6,0x36,0xde,0x35,0xde,0x56,0xe6,0x56,0xe6,
    0x56,0xe6,0x56,0xe6,0x36,0xe6,0x36,0xe6,0x35,0xde,0x15,0xde,0x15,0xde,0x72,0xc5,
    0x10,0xbd,0xd4,0xd5,0x36,0xde,0xf4,0xdd,0xef,0xb4,0x31,0xbd,0xd4,0xd5,0x72,0xcd,
    0x52,0xc5,0xb3,0xd5,0xb3,0xd5,0xd4,0xd5,0x13,0xe6,0x55,0xee,0x14,0xe6,0xb1,0xdd,
    0xb1,0xdd,0x91,0xdd,0x91,0xdd,0x71,0xd5,0x71,0xd5,0x70,0xd5,0x71,0xd5,0xb2,0xdd,
    0xb2,0xd5,0xd2,0xdd,0xb2,0xd5,0xf5,0xd5,0x77,0xde,0x77,0xde,0x77,0xe6,0x77,0xe6,
    0x77,0xde,0x77,0xde,0x77,0xde,0x98,0xe6,0x98,0xe6,0x98,0xe6,0xb8,0xe6,0xb8,0xe6,
    0x57,0xde,0x9d,0xf7,0x5b,0xff,0x5b,0xff,0x3a,0xf7,0x1a,0xf7,0x5c,0xf7,0xbd,0xff,
    0x3a,0xff,0x7c,0xff,0x9d,0xff,0xdf,0xff,0x9d,0xff,0xd7,0xf6,0x76,0xee,0x76,0xee,
    0x76,0xee,0x76,0xee,0x76,0xee,0x76,0xee,0x56,0xee,0x56,0xe6,0x56,0xee,0x76,0xee,
    0x76,0xee,0x76,0xee,0x76,0xee,0x56,0xee,0x56,0xee,0x76,0xee,0x76,0xee,0x76,0xee,
    0x76,0xee,0x76,0xee,0x76,0xee,0x56,0xe6,0x55,0xe6,0x35,0xe6,0x35,0xe6,0x56,0xe6,
    0x56,0xe6,0x14,0xde,0x14,0xde,0x15,0xde,0x15,0xde,0x15,0xde,0x15,0xde,0x15,0xde,
    0xf4,0xdd,0xf4,0xd5,0xd4,0xd5,0xf4,0xd5,0xb3,0xd5,0xd0,0xbc,0x11,0xbd,0xf0,0xbc,
    0xcf,0xb4,0xcf,0xbc,0x92,0xcd,0x15,0xde,0x15,0xde,0x56,0xe6,0x56,0xe6,0x56,0xe6,
    0x56,0xe6,0x4e,0x94,0x6e,0x94,0xd3,0xc5,0x35,0xde,0xd3,0xcd,0xb3,0xc5,0xd3,0xc5,
    0x72,0xb5,0xd0,0x9c,0x31,0xad,0x6e,0x8c,0xab,0x73,0x4a,0x6b,0x30,0xbd,0xae,0xbc,
    0x2c,0xa4,0xeb,0x93,0x09,0x73,0xcb,0x9b,0x2c,0xac,0x6c,0xbc,0x71,0xcd,0xed,0x7b,
    0x4a,0x6b,0xc8,0x5a,0x4a,0x6b,0xec,0x7b,0x8b,0x73,0x6a,0x6b,0xae,0x94,0xf0,0xa4,
    0xd0,0x9c,0xf0,0x9c,0xf0,0x9c,0xf0,0x9c,0x11,0xa5,0x10,0xa5,0x4e,0x84,0x8b,0x73,
    0x73,0xc5,0x56,0xe6,0x36,0xe6,0x56,0xe6,0x56,0xe6,0x35,0xe6,0x56,0xe6,0x35,0xde,
    0xf5,0xdd,0x35,0xe6,0x35,0xde,0x56,0xe6,0x77,0xe6,0xb3,0xd5,0x92,0xcd,0xf5,0xdd,
    0x15,0xde,0x36,0xde,0x35,0xde,0x35,0xde,0xf4,0xdd,0x36,0xe6,0xf4,0xdd,0xb3,0xd5,
    0x51,0xc5,0x92,0xcd,0xb3,0xcd,0x35,0xde,0x36,0xe6,0x36,0xde,0x56,0xe6,0x56,0xe6,
    0x56,0xe6,0x56,0xe6,0x76,0xe6,0x56,0xe6,0x56,0xe6,0x56,0xe6,0x56,0xe6,0x36,0xe6,
    0x36,0xe6,0x56,0xe6,0x0f,0xbd,0xef,0xb4,0x15,0xde,0x15,0xde,0xf4,0xdd,0xd4,0xd5,
    0xef,0xb4,0x72,0xcd,0x52,0xc5,0x52,0xc5,0xd4,0xd5,0x92,0xcd,0xf4,0xd5,0x15,0xde,
    0xd2,0xdd,0x13,0xe6,0x34,0xe6,0xb1,0xdd,0xb1,0xdd,0xb1,0xdd,0x91,0xdd,0x91,0xdd,
    0x71,0xd5,0x50,0xd5,0x71,0xd5,0xb2,0xdd,0xb2,0xdd,0xd2,0xdd,0xb2,0xd5,0xf5,0xd5,
    0x77,0xde,0x77,0xde,0x77,0xde,0x77,0xde,0x77,0xe6,0x77,0xe6,0x77,0xe6,0x77,0xde,
    0x98,0xe6,0x98,0xe6,0xb8,0xe6,0x98,0xe6,0x5c,0xf7,0xbd,0xff,0x3a,0xf7,0x1a,0xf7,
    0xbe,0xff,0x7c,0xf7,0xbe,0xff,0x7c,0xff,0x1a,0xff,0x7c,0xff,0x9d,0xff,0xdf,0xff,
    0x9c,0xff,0xb7,0xf6,0x76,0xee,0x76,0xee,0x76,0xee,0x76,0xee,0x76,0xee,0x76,0xee,
    0x76,0xee,0x56,0xee,0x76,0xe6,0x76,0xee,0x76,0xee,0x56,0xee,0x76,0xee,0x56,0xe6,
    0x76,0xee,0x76,0xee,0x76,0xee,0x76,0xee,0x76,0xee,0x76,0xee,0x76,0xe6,0x56,0xe6,
    0x35,0xe6,0x35,0xe6,0x56,0xe6,0x35,0xe6,0x15,0xe6,0x15,0xde,0x15,0xde,0x35,0xde,
    0x15,0xde,0x15,0xde,0x15,0xde,0xf4,0xdd,0xf4,0xd5,0xd4,0xd5,0xd4,0xd5,0xd4,0xd5,
    0xd0,0xb4,0x52,0xc5,0xf0,0xbc,0x10,0xbd,0xaf,0xb4,0x31,0xc5,0xf0,0xb4,0xb3,0xd5,
    0x15,0xe6,0x36,0xe6,0x56,0xe6,0x35,0xde,0xf5,0xdd,0xd0,0xac,0x10,0xad,0xb3,0xc5,
    0x15,0xd6,0xd4,0xc5,0x92,0xbd,0x30,0xa5,0xef,0x9c,0xcf,0x9c,0x4d,0x8c,0xab,0x73,
    0xab,0x73,0xcc,0x73,0xcc,0x7b,0x09,0x6b,0x30,0xc5,0xee,0xc4,0xe7,0x72,0x4d,0xa4,
    0xef,0xbc,0x12,0xe6,0x10,0xb5,0xac,0x7b,0xaf,0x9c,0xed,0x83,0xcc,0x7b,0xab,0x73,
    0x29,0x63,0x2a,0x63,0x2d,0x84,0xf0,0xa4,0xcf,0x9c,0xcf,0x9c,0xcf,0x9c,0xcf,0x9c,
    0xaf,0x9c,0x4e,0x84,0x0d,0x84,0xed,0x83,0x73,0xc5,0x77,0xe6,0x36,0xe6,0x56,0xe6,
    0x56,0xe6,0x56,0xe6,0x56,0xe6,0xf5,0xdd,0xf5,0xdd,0x35,0xe6,0x36,0xde,0x36,0xe6,
    0x77,0xe6,0x93,0xcd,0x73,0xcd,0xd4,0xd5,0xf4,0xd5,0x56,0xe6,0x36,0xe6,0x15,0xde,
    0x15,0xde,0x56,0xe6,0x15,0xde,0xf4,0xdd,0xf4,0xdd,0x35,0xde,0x36,0xe6,0x35,0xde,
    0x35,0xde,0x36,0xe6,0x36,0xe6,0x56,0xe6,0x56,0xe6,0x35,0xde,0x35,0xde,0x77,0xe6,
    0x56,0xe6,0x56,0xe6,0x97,0xee,0x76,0xe6,0xf4,0xd5,0x51,0xbd,0xce,0xb4,0xf4,0xdd,
    0x15,0xde,0x15,0xde,0x15,0xde,0xd4,0xd5,0xd3,0xd5,0xd3,0xd5,0x51,0xc5,0x10,0xbd,
    0x72,0xc5,0x10,0xbd,0x31,0xbd,0x15,0xde,0xd2,0xe5,0xd2,0xdd,0xd2,0xdd,0xd2,0xdd,
    0xb2,0xdd,0x91,0xdd,0x91,0xdd,0x91,0xdd,0x71,0xd5,0x50,0xd5,0x50,0xd5,0xb2,0xdd,
    0xd2,0xdd,0xd2,0xdd,0xb2,0xd5,0xf5,0xd5,0x77,0xde,0x77,0xde,0x77,0xe6,0x77,0xde,
    0x97,0xe6,0x97,0xe6,0x97,0xe6,0x98,0xe6,0x98,0xe6,0xb8,0xe6,0x98,0xe6,0xb9,0xe6,
    0xff,0xff,0x5b,0xf7,0xfa,0xf6,0xbe,0xff,0xde,0xff,0x5c,0xf7,0xdf,0xff,0x3a,0xff,
    0xf9,0xfe,0x3b,0xff,0x9d,0xff,0xde,0xff,0x7c,0xff,0xb7,0xf6,0x76,0xee,0x76,0xee,
    0x76,0xee,0x76,0xee,0x76,0xee,0x76,0xee,0x76,0xee,0x76,0xee,0x56,0xe6,0x76,0xee,
    0x76,0xee,0x76,0xee,0x76,0xee,0x56,0xe6,0x76,0xe6,0x76,0xee,0x76,0xee,0x76,0xee,
    0x76,0xee,0x76,0xee,0x76,0xe6,0x35,0xe6,0x35,0xe6,0x56,0xe6,0x15,0xe6,0x15,0xde,
    0x35,0xe6,0x35,0xe6,0x35,0xde,0x35,0xde,0x35,0xe6,0x35,0xde,0x15,0xde,0xf4,0xdd,
    0xd4,0xd5,0xb3,0xd5,0xf4,0xd5,0x11,0xbd,0x11,0xbd,0x93,0xcd,0x10,0xbd,0xf0,0xbc,
    0xd0,0xbc,0x52,0xc5,0x8e,0xa4,0x72,0xcd,0x35,0xe6,0x35,0xe6,0x35,0xe6,0xf4,0xdd,
    0x35,0xe6,0x8f,0xa4,0xaf,0xa4,0x51,0xb5,0x92,0xbd,0x31,0xa5,0x10,0xa5,0xf0,0xa4,
    0xf0,0xa4,0x8e,0x94,0xac,0x73,0x8b,0x6b,0x2d,0x84,0xec,0x7b,0xc8,0x5a,0x67,0x4a,
    0xab,0x7b,0x2c,0xa4,0x4f,0xd5,0xef,0xbc,0xa8,0x5a,0x88,0x5a,0xa8,0x52,0x8b,0x73,
    0x4e,0x8c,0x4e,0x8c,0xab,0x73,0xcc,0x7b,0xab,0x73,0x8b,0x73,0x6e,0x8c,0xd0,0x9c,
    0xaf,0x9c,0xaf,0x9c,0xaf,0x9c,0x6e,0x8c,0x0d,0x84,0xcc,0x7b,0xcc,0x7b,0x4e,0x94,
    0xd4,0xd5,0x77,0xe6,0x56,0xe6,0x56,0xe6,0x56,0xe6,0x56,0xe6,0x76,0xe6,0x36,0xde,
    0x36,0xde,0x15,0xde,0x36,0xe6,0x36,0xe6,0x77,0xe6,0xb3,0xd5,0x51,0xc5,0xb3,0xd5,
    0x35,0xe6,0x56,0xe6,0x35,0xde,0xf4,0xdd,0x35,0xe6,0x36,0xe6,0x15,0xde,0x35,0xde,
    0x56,0xe6,0x36,0xe6,0x35,0xe6,0x35,0xe6,0x36,0xe6,0x36,0xe6,0x56,0xe6,0x56,0xe6,
    0x56,0xe6,0x15,0xde,0xf4,0xd5,0x35,0xde,0x56,0xe6,0x35,0xde,0x92,0xc5,0x52,0xc5,
    0x72,0xc5,0x51,0xc5,0xb3,0xd5,0x35,0xe6,0x15,0xde,0x15,0xde,0x15,0xde,0xd4,0xd5,
    0xf4,0xd5,0xb3,0xcd,0x72,0xcd,0x92,0xcd,0x51,0xc5,0x51,0xc5,0x31,0xbd,0x72,0xc5,
    0x55,0xee,0x55,0xee,0x55,0xee,0xd8,0xf6,0xd8,0xf6,0x55,0xe6,0xd3,0xdd,0x91,0xdd,
    0x70,0xd5,0x2f,0xcd,0x50,0xd5,0xb2,0xdd,0xd2,0xdd,0xd2,0xdd,0xb2,0xd5,0xf5,0xd5,
    0x77,0xde,0x77,0xde,0x77,0xe6,0x97,0xe6,0x97,0xe6,0x97,0xe6,0x98,0xe6,0x98,0xe6,
    0x98,0xe6,0xb8,0xe6,0x98,0xe6,0xda,0xee,0x3b,0xf7,0x5c,0xf7,0xde,0xff,0xff,0xff,
    0x5c,0xf7,0xbe,0xff,0xbd,0xff,0x19,0xf7,0xf8,0xf6,0x19,0xf7,0x9d,0xff,0xdf,0xff,
    0x3a,0xff,0x96,0xf6,0x76,0xee,0x76,0xee,0x76,0xee,0x76,0xee,0x76,0xee,0x76,0xee,
    0x76,0xee,0x76,0xee,0x76,0xee,0x76,0xee,0x56,0xee,0x76,0xe6,0x76,0xee,0x76,0xee,
    0x76,0xee,0x76,0xe6,0x76,0xe6,0x76,0xee,0x76,0xee,0x76,0xe6,0x56,0xe6,0x35,0xe6,
    0x35,0xe6,0x15,0xe6,0x35,0xe6,0x36,0xe6,0x35,0xe6,0x35,0xe6,0x35,0xe6,0x35,0xe6,
    0x35,0xde,0x35,0xde,0xf4,0xdd,0xf4,0xdd,0xd4,0xd5,0xf4,0xdd,0x72,0xc5,0xcf,0xb4,
    0x72,0xcd,0x72,0xcd,0x11,0xbd,0xf0,0xbc,0xf0,0xbc,0x72,0xc5,0xcf,0xac,0xb3,0xcd,
    0x15,0xe6,0x35,0xe6,0x35,0xe6,0xf4,0xdd,0x56,0xee,0xd0,0xac,0x0d,0x8c,0x4d,0x8c,
    0xf0,0xa4,0x31,0xad,0x31,0xa5,0x10,0xa5,0x10,0xa5,0xaf,0x94,0x6e,0x8c,0x6e,0x8c,
    0x0d,0x84,0xc8,0x5a,0x29,0x63,0xc8,0x52,0x47,0x42,0x4b,0x73,0xae,0xb4,0x4e,0x9c,
    0x0a,0x63,0x06,0x3a,0x67,0x4a,0x8b,0x73,0xec,0x7b,0xaf,0x9c,0x2d,0x8c,0x6e,0x94,
    0xf0,0xa4,0xd3,0xc5,0xf0,0xa4,0x8e,0x94,0xaf,0x9c,0xaf,0x94,0xaf,0x94,0xec,0x7b,
    0xac,0x73,0xab,0x73,0xac,0x7b,0x6f,0x9c,0xd4,0xd5,0x77,0xe6,0x56,0xe6,0x77,0xe6,
    0x77,0xe6,0x56,0xe6,0x77,0xe6,0x36,0xe6,0x36,0xe6,0x15,0xde,0x15,0xde,0x56,0xe6,
    0x77,0xe6,0xd0,0xbc,0x92,0xcd,0x14,0xde,0x35,0xe6,0x56,0xe6,0x15,0xde,0xd3,0xd5,
    0xd3,0xd5,0xf4,0xdd,0x36,0xe6,0x56,0xe6,0x36,0xe6,0x36,0xe6,0x35,0xe6,0x36,0xe6,
    0x56,0xe6,0x56,0xe6,0x56,0xe6,0x56,0xe6,0x56,0xe6,0x36,0xe6,0x56,0xe6,0x31,0xc5,
    0x10,0xbd,0xb3,0xcd,0x72,0xc5,0x15,0xde,0x77,0xe6,0xd4,0xd5,0x36,0xe6,0x35,0xde,
    0x15,0xde,0x15,0xde,0xd4,0xd5,0xd3,0xd5,0xf5,0xdd,0x72,0xcd,0x72,0xcd,0xb3,0xd5,
    0x93,0xcd,0xd4,0xd5,0x35,0xde,0xf4,0xd5,0xb7,0xee,0x19,0xff,0x19,0xff,0x3a,0xff,
    0x5b,0xff,0x9c,0xff,0xb7,0xee,0x91,0xd5,0x50,0xd5,0x30,0xd5,0x50,0xd5,0xb2,0xdd,
    0xd2,0xdd,0xd3,0xdd,0xb2,0xdd,0xf5,0xd5,0x77,0xde,0x77,0xde,0x77,0xe6,0x97,0xe6,
    0x97,0xe6,0x98,0xe6,0x98,0xe6,0x98,0xe6,0xb8,0xe6,0x98,0xe6,0xd4,0xd5,0xd9,0xee,
    0x9d,0xf7,0xdf,0xff,0xbe,0xff,0xde,0xff,0x7d,0xf7,0xdf,0xff,0x7b,0xff,0xf9,0xf6,
    0xf8,0xf6,0xf8,0xf6,0x7c,0xff,0x9d,0xff,0x3a,0xff,0xb7,0xf6,0x76,0xee,0x76,0xee,
    0x76,0xee,0x76,0xee,0x76,0xee,0x76,0xee,0x76,0xee,0x76,0xee,0x56,0xe6,0x76,0xee,
    0x76,0xe6,0x76,0xee,0x76,0xee,0x76,0xe6,0x76,0xee,0x56,0xe6,0x56,0xe6,0x76,0xee,
    0x76,0xee,0x56,0xe6,0x35,0xe6,0x35,0xe6,0x35,0xe6,0x35,0xde,0x36,0xe6,0x36,0xe6,
    0x35,0xe6,0x36,0xe6,0x35,0xe6,0x35,0xe6,0x35,0xe6,0x15,0xde,0xf4,0xdd,0xf4,0xdd,
    0xf4,0xd5,0xf4,0xdd,0x4e,0xa4,0x8f,0xb4,0x51,0xcd,0x52,0xcd,0x11,0xbd,0xaf,0xb4,
    0xf0,0xb4,0x10,0xb5,0xae,0xa4,0x15,0xde,0x15,0xe6,0x56,0xe6,0x36,0xe6,0xf5,0xdd,
    0x97,0xee,0x31,0xbd,0xcc,0x83,0x4d,0x8c,0xaf,0x9c,0x31,0xad,0x10,0xa5,0x10,0xa5,
    0x10,0xa5,0x10,0xa5,0x8f,0x94,0x6b,0x6b,0x67,0x4a,0x09,0x63,0xe9,0x5a,0x88,0x52,
    0x09,0x5b,0x2f,0x8c,0x2f,0x94,0x50,0x9c,0xac,0x7b,0xc8,0x5a,0x68,0x4a,0x09,0x63,
    0xcc,0x7b,0x6e,0x8c,0x8f,0x94,0x10,0xa5,0xd3,0xc5,0x92,0xbd,0xf4,0xcd,0x31,0xad,
    0x8e,0x94,0xcf,0x9c,0xaf,0x94,0xec,0x7b,0xcc,0x7b,0x8b,0x73,0x0e,0x8c,0x6f,0xa4,
    0xf4,0xd5,0x76,0xe6,0x56,0xe6,0x56,0xe6,0x77,0xe6,0x77,0xe6,0x77,0xe6,0xf4,0xd5,
    0x36,0xe6,0x15,0xde,0xf5,0xdd,0x77,0xe6,0xf5,0xd5,0x52,0xc5,0xf4,0xdd,0xf4,0xdd,
    0x56,0xe6,0x36,0xe6,0xf4,0xdd,0xb3,0xd5,0xf4,0xdd,0x56,0xe6,0x56,0xe6,0x36,0xe6,
    0x36,0xe6,0x36,0xe6,0x35,0xe6,0x36,0xe6,0x56,0xe6,0x56,0xe6,0x56,0xe6,0x56,0xe6,
    0x56,0xe6,0x36,0xe6,0x36,0xe6,0x36,0xe6,0x15,0xde,0x56,0xe6,0x77,0xe6,0x77,0xe6,
    0x15,0xde,0x36,0xde,0x56,0xe6,0x15,0xde,0x15,0xde,0xf4,0xdd,0xd3,0xd5,0xd4,0xd5,
    0xd4,0xd5,0xf4,0xd5,0x93,0xcd,0xf5,0xdd,0xd4,0xd5,0x15,0xde,0xf5,0xdd,0x93,0xcd,
    0x13,0xe6,0x54,0xee,0x54,0xee,0x34,0xee,0x55,0xee,0x19,0xf7,0x76,0xee,0x71,0xd5,
    0x50,0xd5,0x30,0xd5,0x50,0xd5,0xb2,0xdd,0xb2,0xdd,0xd3,0xdd,0xb2,0xdd,0xf5,0xd5,
    0x77,0xde,0x77,0xe6,0x97,0xe6,0x97,0xe6,0x98,0xe6,0x97,0xe6,0x98,0xe6,0x97,0xe6,
    0xb8,0xe6,0x77,0xde,0x1b,0xef,0xff,0xff,0xde,0xff,0xbe,0xff,0xde,0xff,0x7c,0xf7,
    0x9d,0xff,0xde,0xff,0x3a,0xff,0xf8,0xf6,0xf8,0xf6,0xd8,0xf6,0x19,0xff,0x9c,0xff,
    0x7c,0xff,0x97,0xee,0x76,0xee,0x76,0xee,0x76,0xee,0x76,0xee,0x76,0xee,0x76,0xee,
    0x76,0xee,0x56,0xe6,0x56,0xe6,0x76,0xe6,0x56,0xe6,0x56,0xe6,0x56,0xe6,0x56,0xee,
    0x76,0xe6,0x56,0xe6,0x56,0xe6,0x76,0xee,0x56,0xe6,0x35,0xe6,0x35,0xe6,0x56,0xe6,
    0x36,0xe6,0x36,0xde,0x36,0xe6,0x36,0xe6,0x36,0xe6,0x36,0xe6,0x35,0xde,0x35,0xe6,
    0x35,0xde,0x15,0xde,0xf4,0xdd,0xf4,0xd5,0x15,0xde,0x72,0xc5,0xd0,0xb4,0xcf,0xbc,
    0xf0,0xbc,0x52,0xcd,0xd0,0xbc,0x4e,0xa4,0x8e,0xac,0x30,0xbd,0x31,0xbd,0xf4,0xdd,
    0xf4,0xd5,0xf4,0xd5,0x56,0xe6,0x36,0xde,0xb8,0xee,0x32,0xbd,0xed,0x83,0x2d,0x84,
    0x6e,0x8c,0xf0,0xa4,0x10,0xa5,0x31,0xad,0x10,0xa5,0x0d,0x84,0xc9,0x5a,0x67,0x4a,
    0xe9,0x62,0x4a,0x6b,0x68,0x4a,0xc9,0x5a,0x2a,0x63,0x50,0x94,0x34,0xb5,0xd2,0xac,
    0xcc,0x7b,0xc9,0x5a,0xc9,0x52,0xa8,0x52,0x4a,0x6b,0xec,0x7b,0x8e,0x94,0x6e,0x8c,
    0xaf,0x9c,0x92,0xbd,0xb3,0xc5,0x15,0xd6,0xb3,0xbd,0xd0,0x9c,0x6e,0x8c,0x0c,0x7c,
    0xcc,0x7b,0xac,0x7b,0xb1,0xa4,0xf1,0xb4,0x36,0xe6,0x56,0xe6,0x77,0xe6,0x56,0xe6,
    0x77,0xe6,0x56,0xe6,0x56,0xe6,0x15,0xde,0x36,0xe6,0x15,0xde,0xf4,0xd5,0x36,0xe6,
    0xb4,0xd5,0x93,0xcd,0xf4,0xdd,0x15,0xde,0x56,0xe6,0x15,0xde,0xd4,0xd5,0x15,0xde,
    0x56,0xe6,0x56,0xe6,0x35,0xe6,0x36,0xe6,0x36,0xe6,0x36,0xe6,0x36,0xe6,0x36,0xe6,
    0x36,0xe6,0x36,0xe6,0x56,0xe6,0x56,0xe6,0x56,0xe6,0x56,0xe6,0x56,0xe6,0x36,0xe6,
    0x36,0xe6,0x35,0xde,0x35,0xde,0x36,0xde,0x36,0xde,0x36,0xde,0x35,0xde,0x35,0xde,
    0x15,0xde,0xd4,0xd5,0xb3,0xd5,0xd3,0xd5,0xd3,0xd5,0xf4,0xd5,0xd4,0xd5,0xf5,0xdd,
    0x36,0xde,0x15,0xde,0xd4,0xd5,0xd4,0xd5,0xd3,0xdd,0xd2,0xe5,0xd2,0xe5,0xd2,0xe5,
    0xd2,0xe5,0xf3,0xe5,0x91,0xdd,0x50,0xd5,0x71,0xd5,0x50,0xd5,0x70,0xd5,0xb2,0xdd,
    0xb2,0xdd,0xd2,0xdd,0xb2,0xdd,0xf5,0xdd,0x77,0xe6,0x77,0xe6,0x97,0xe6,0x77,0xe6,
    0x98,0xe6,0x98,0xe6,0xb8,0xe6,0xb8,0xe6,0x5c,0xef,0xdf,0xff,0xff,0xff,0xdf,0xff,
    0xdf,0xff,0xbe,0xff,0x3b,0xf7,0x1a,0xf7,0xdf,0xff,0x9d,0xff,0x19,0xff,0xd8,0xf6,
    0xd8,0xf6,0xd8,0xf6,0x1a,0xf7,0xbe,0xff,0x3a,0xff,0x76,0xee,0x76,0xee,0x76,0xee,
    0x76,0xee,0x76,0xee,0x76,0xee,0x76,0xee,0x76,0xee,0x56,0xee,0x76,0xee,0x56,0xe6,
    0x56,0xe6,0x56,0xe6,0x56,0xe6,0x56,0xe6,0x76,0xee,0x56,0xe6,0x76,0xe6,0x76,0xe6,
    0x55,0xe6,0x35,0xe6,0x36,0xe6,0x36,0xe6,0x36,0xde,0x36,0xe6,0x36,0xe6,0x36,0xe6,
    0x36,0xe6,0x35,0xde,0x36,0xde,0x35,0xde,0x15,0xde,0x15,0xde,0xf4,0xdd,0xf4,0xdd,
    0xb3,0xd5,0x31,0xc5,0x31,0xc5,0x51,0xc5,0xf0,0xbc,0x51,0xc5,0xf0,0xbc,0x4d,0xa4,
    0xec,0x9b,0xef,0xb4,0x51,0xc5,0x30,0xbd,0x10,0xb5,0x92,0xcd,0x36,0xde,0x56,0xe6,
    0x97,0xee,0x73,0xc5,0x6f,0x94,0x2d,0x84,0x6e,0x8c,0x30,0xad,0xf0,0xa4,0x4d,0x8c,
    0x4a,0x6b,0xa8,0x52,0xc9,0x5a,0x2a,0x63,0x2d,0x8c,0xac,0x7b,0x68,0x4a,0x09,0x5b,
    0x0a,0x63,0x50,0x94,0x37,0xd6,0x95,0xbd,0xcc,0x7b,0xe9,0x5a,0xe9,0x5a,0xe9,0x5a,
    0xc9,0x5a,0xcc,0x7b,0x8e,0x94,0xcf,0x9c,0xcf,0x9c,0x10,0xa5,0xd4,0xc5,0x15,0xd6,
    0xf4,0xcd,0x93,0xbd,0x2d,0x8c,0xcc,0x73,0xab,0x73,0x2e,0x8c,0xd2,0xac,0x52,0xc5,
    0x56,0xe6,0x56,0xe6,0x56,0xe6,0x56,0xe6,0x57,0xe6,0x77,0xe6,0x36,0xde,0xf5,0xdd,
    0x57,0xe6,0xf5,0xdd,0xd4,0xd5,0x15,0xde,0x93,0xcd,0xd4,0xd5,0xd4,0xd5,0x36,0xe6,
    0x56,0xe6,0xf4,0xdd,0x15,0xde,0x56,0xe6,0x56,0xe6,0x56,0xe6,0x56,0xe6,0x36,0xe6,
    0x56,0xe6,0x36,0xe6,0x56,0xe6,0x56,0xe6,0x36,0xe6,0x36,0xe6,0x56,0xe6,0x56,0xe6,
    0x56,0xe6,0x56,0xe6,0x56,0xe6,0x36,0xe6,0x35,0xde,0x36,0xe6,0x35,0xde,0x15,0xde,
    0x36,0xde,0x35,0xde,0x35,0xde,0x36,0xde,0xf4,0xdd,0xb3,0xd5,0xd4,0xd5,0xd4,0xd5,
    0xd4,0xd5,0xd4,0xd5,0xf4,0xd5,0xf4,0xd5,0x36,0xde,0x36,0xde,0xd4,0xd5,0xf4,0xd5,
    0x56,0xe6,0xf2,0xe5,0xf3,0xe5,0xd2,0xe5,0xd2,0xe5,0xb1,0xdd,0x70,0xd5,0x70,0xd5,
    0x71,0xd5,0x50,0xd5,0x71,0xd5,0xd2,0xdd,0xd2,0xdd,0xd2,0xdd,0xb2,0xd5,0xf5,0xd5,
    0x77,0xe6,0x77,0xe6,0x97,0xe6,0x98,0xe6,0x97,0xe6,0x77,0xe6,0x5c,0xf7,0xff,0xff,
    0xff,0xff,0xdf,0xff,0xbe,0xff,0xdf,0xff,0x9d,0xff,0x5b,0xff,0x3b,0xf7,0x7c,0xf7,
    0xdf,0xff,0x7c,0xff,0xf9,0xf6,0xd8,0xf6,0xd8,0xf6,0xd8,0xf6,0x3a,0xf7,0xbe,0xff,
    0x3a,0xff,0x76,0xee,0x76,0xee,0x76,0xee,0x76,0xee,0x76,0xee,0x76,0xee,0x76,0xee,
    0x76,0xee,0x76,0xee,0x76,0xee,0x56,0xe6,0x56,0xe6,0x76,0xee,0x76,0xe6,0x56,0xe6,
    0x56,0xe6,0x56,0xe6,0x36,0xe6,0x56,0xe6,0x35,0xe6,0x56,0xe6,0x36,0xe6,0x36,0xde,
    0x36,0xe6,0x36,0xde,0x36,0xe6,0x36,0xe6,0x36,0xe6,0x36,0xe6,0x36,0xde,0x35,0xde,
    0x36,0xde,0xf4,0xdd,0xf4,0xdd,0xd4,0xd5,0x10,0xbd,0x72,0xcd,0x11,0xbd,0x31,0xbd,
    0x31,0xc5,0x31,0xc5,0x31,0xc5,0x4d,0xa4,0x8f,0xac,0x8f,0xac,0xcf,0xb4,0xce,0xac,
    0x30,0xbd,0x15,0xde,0x36,0xde,0x56,0xe6,0x77,0xe6,0x94,0xcd,0x12,0xad,0x4d,0x8c,
    0x8e,0x94,0xec,0x7b,0x09,0x5b,0xc9,0x5a,0xc9,0x5a,0x2a,0x63,0xec,0x7b,0xaf,0x9c,
    0xf0,0xac,0xa8,0x52,0xc8,0x52,0x6a,0x6b,0x6c,0x6b,0x91,0xa4,0xf3,0xb4,0x91,0x9c,
    0x4e,0x8c,0x09,0x63,0xe9,0x5a,0x6b,0x6b,0xc9,0x5a,0xab,0x73,0x6e,0x8c,0xf0,0x9c,
    0xf0,0x9c,0x10,0xa5,0x10,0x9d,0xd4,0xc5,0x35,0xd6,0x31,0xbd,0xaf,0xac,0x8f,0x9c,
    0xcd,0x83,0x91,0xa4,0x33,0xbd,0xb4,0xcd,0x57,0xe6,0x56,0xe6,0x56,0xe6,0x56,0xe6,
    0x56,0xe6,0x77,0xe6,0x15,0xde,0xf5,0xdd,0x56,0xe6,0xf5,0xdd,0xf4,0xdd,0xf5,0xdd,
    0xd4,0xd5,0xd4,0xd5,0xd4,0xd5,0x15,0xde,0xf5,0xdd,0x15,0xde,0x56,0xe6,0x56,0xe6,
    0x56,0xe6,0x56,0xe6,0x56,0xe6,0x56,0xe6,0x56,0xe6,0x56,0xe6,0x36,0xe6,0x56,0xe6,
    0x56,0xe6,0x56,0xe6,0x56,0xe6,0x36,0xe6,0x36,0xe6,0x56,0xe6,0x36,0xde,0x36,0xe6,
    0x36,0xe6,0x36,0xde,0xf4,0xdd,0x35,0xde,0x35,0xde,0x36,0xde,0x36,0xde,0x35,0xde,
    0xd4,0xd5,0xd4,0xd5,0xd4,0xd5,0xd4,0xd5,0xd4,0xd5,0xd4,0xd5,0x35,0xde,0x35,0xde,
    0x15,0xde,0x15,0xde,0xd4,0xd5,0xf5,0xd5,0xb7,0xee,0xf2,0xe5,0xf2,0xe5,0xd2,0xe5,
    0xd2,0xe5,0xb1,0xdd,0x50,0xd5,0x50,0xd5,0x91,0xd5,0x70,0xd5,0x71,0xd5,0xd2,0xdd,
    0xd2,0xdd,0xd2,0xdd,0xb2,0xd5,0xf4,0xd5,0x77,0xde,0x77,0xde,0x98,0xe6,0x77,0xe6,
    0x1b,0xef,0xbe,0xff,0xff,0xff,0xdf,0xff,0xdf,0xff,0xdf,0xff,0xde,0xff,0x9d,0xff,
    0x5b,0xf7,0xbe,0xff,0x7c,0xf7,0xbe,0xff,0xbe,0xff,0x7b,0xff,0xf8,0xf6,0xd7,0xf6,
    0xb7,0xf6,0xb8,0xf6,0x1a,0xf7,0xbd,0xff,0x1a,0xf7,0x96,0xee,0x76,0xee,0x76,0xee,
    0x76,0xee,0x76,0xee,0x76,0xee,0x76,0xee,0x76,0xee,0x76,0xee,0x76,0xee,0x76,0xee,
    0x76,0xe6,0x76,0xee,0x56,0xe6,0x56,0xee,0x56,0xe6,0x55,0xe6,0x56,0xe6,0x35,0xde,
    0x36,0xe6,0x56,0xe6,0x36,0xe6,0x56,0xe6,0x36,0xe6,0x36,0xe6,0x36,0xe6,0x36,0xe6,
    0x36,0xe6,0x36,0xde,0x36,0xde,0x56,0xe6,0x15,0xde,0xf4,0xdd,0x14,0xde,0x11,0xbd,
    0x31,0xc5,0x93,0xcd,0x31,0xbd,0x8f,0xac,0xf0,0xbc,0x11,0xbd,0x52,0xc5,0x6e,0xac,
    0x8f,0xb4,0xaf,0xb4,0xcb,0x8b,0xef,0xb4,0xd3,0xd5,0xf4,0xdd,0xf5,0xdd,0x35,0xe6,
    0x76,0xe6,0x94,0xcd,0xb5,0xc5,0xec,0x83,0x09,0x63,0xc9,0x5a,0x88,0x52,0xe9,0x5a,
    0x6b,0x6b,0xab,0x73,0x11,0xa5,0x93,0xc5,0x4e,0x8c,0xc8,0x52,0x6b,0x6b,0xed,0x7b,
    0xac,0x73,0xb1,0xa4,0xd2,0xac,0x4f,0x94,0x6e,0x94,0x09,0x5b,0xab,0x73,0x0d,0x84,
    0x09,0x5b,0x4a,0x63,0x6e,0x8c,0xcf,0x9c,0xf0,0x9c,0xf0,0x9c,0xf0,0x9c,0xcf,0x9c,
    0x51,0xb5,0xb3,0xc5,0x31,0xbd,0xd0,0xac,0x90,0x9c,0x13,0xb5,0xf6,0xcd,0xf5,0xd5,
    0x56,0xe6,0x56,0xe6,0x56,0xe6,0x56,0xe6,0x36,0xe6,0x56,0xe6,0xf5,0xdd,0x15,0xde,
    0x36,0xe6,0xf5,0xdd,0xf4,0xdd,0xf4,0xd5,0xf4,0xd5,0x36,0xde,0xf4,0xd5,0xf4,0xdd,
    0x15,0xde,0x56,0xe6,0x56,0xe6,0x56,0xe6,0x56,0xe6,0x56,0xe6,0x56,0xe6,0x56,0xe6,
    0x56,0xe6,0x56,0xe6,0x56,0xe6,0x56,0xe6,0x56,0xe6,0x36,0xe6,0x36,0xe6,0x56,0xe6,
    0x36,0xe6,0x36,0xe6,0x36,0xe6,0x56,0xe6,0x35,0xde,0xf4,0xdd,0x15,0xde,0x35,0xe6,
    0x35,0xde,0x35,0xde,0x36,0xde,0xf5,0xdd,0xf4,0xd5,0xf4,0xd5,0xf4,0xd5,0xb3,0xd5,
    0xd4,0xd5,0x35,0xde,0x35,0xde,0x36,0xde,0x36,0xde,0x15,0xde,0xd4,0xd5,0xd4,0xd5,
    0xb8,0xee,0xd2,0xe5,0xf2,0xe5,0xd2,0xe5,0xd2,0xe5,0xd2,0xe5,0x71,0xd5,0x70,0xd5,
    0x91,0xd5,0x50,0xd5,0x71,0xd5,0xd2,0xdd,0xd2,0xdd,0xd2,0xdd,0xb2,0xd5,0xf4,0xd5,
    0x77,0xde,0x77,0xde,0x77,0xe6,0x5c,0xf7,0xff,0xff,0xff,0xff,0xdf,0xff,0xdf,0xff,
    0xbe,0xff,0x7c,0xff,0x5b,0xff,0x5b,0xff,0xde,0xff,0xbe,0xff,0x9d,0xff,0xde,0xff,
    0xbe,0xff,0x3a,0xff,0xd7,0xf6,0xd7,0xf6,0xb7,0xf6,0xb7,0xf6,0xf9,0xf6,0x9d,0xff,
    0xd8,0xf6,0x96,0xee,0x96,0xee,0x76,0xee,0x76,0xee,0x76,0xee,0x76,0xee,0x76,0xee,
    0x76,0xee,0x76,0xee,0x76,0xee,0x76,0xee,0x76,0xee,0x56,0xee,0x56,0xe6,0x56,0xee,
    0x35,0xe6,0x35,0xe6,0x56,0xe6,0x56,0xe6,0x56,0xe6,0x56,0xe6,0x56,0xe6,0x56,0xe6,
    0x36,0xe6,0x36,0xde,0x36,0xde,0x36,0xe6,0x36,0xde,0x36,0xde,0x56,0xe6,0x36,0xde,
    0xf4,0xdd,0x15,0xde,0x93,0xcd,0x10,0xbd,0x72,0xcd,0x72,0xcd,0x52,0xc5,0x8f,0xb4,
    0xaf,0xb4,0xcf,0xb4,0x52,0xc5,0x6e,0xac,0xd0,0xb4,0x2d,0x9c,0x8e,0xac,0xf0,0xbc,
    0x92,0xcd,0xf4,0xdd,0xd4,0xd5,0x15,0xde,0x35,0xe6,0x53,0xc5,0x58,0xde,0x4f,0x94,
    0x0e,0x8c,0x0f,0x8c,0xe9,0x5a,0x8b,0x73,0x4a,0x6b,0x8e,0x94,0x31,0xb5,0x11,0xad,
    0xab,0x7b,0xab,0x73,0x2d,0x84,0x4e,0x8c,0x2f,0x94,0x34,0xbd,0x17,0xd6,0x90,0x9c,
    0x6e,0x94,0xe9,0x5a,0x8b,0x73,0xaf,0x9c,0x6b,0x6b,0xe9,0x5a,0x0d,0x84,0xf0,0x9c,
    0xcf,0x9c,0xf0,0x9c,0xcf,0x9c,0xf0,0x9c,0x8e,0x94,0x6e,0x8c,0x93,0xbd,0xf1,0xac,
    0xd2,0xac,0xd6,0xcd,0x98,0xe6,0x36,0xde,0x56,0xe6,0x56,0xe6,0x56,0xe6,0x56,0xe6,
    0x36,0xe6,0x36,0xe6,0xd4,0xd5,0x15,0xde,0x36,0xde,0xf4,0xdd,0xf4,0xd5,0xf4,0xd5,
    0xf5,0xd5,0x56,0xe6,0xf5,0xdd,0x15,0xde,0x36,0xe6,0x56,0xe6,0x56,0xe6,0x56,0xe6,
    0x56,0xe6,0x56,0xe6,0x56,0xe6,0x56,0xe6,0x56,0xe6,0x56,0xe6,0x56,0xe6,0x56,0xe6,
    0x56,0xe6,0x56,0xe6,0x56,0xe6,0x36,0xe6,0x56,0xe6,0x56,0xe6,0x35,0xde,0x15,0xde,
    0xf4,0xdd,0x15,0xde,0x36,0xe6,0x15,0xde,0x35,0xde,0x36,0xde,0x15,0xde,0xf5,0xdd,
    0xf5,0xdd,0xf4,0xd5,0xf5,0xdd,0xf4,0xdd,0x15,0xde,0x35,0xde,0x35,0xde,0x35,0xde,
    0x15,0xde,0xd4,0xd5,0xd4,0xd5,0xd4,0xd5,0xd9,0xee,0xb2,0xdd,0xf2,0xe5,0xd2,0xe5,
    0xd2,0xe5,0xd2,0xe5,0x91,0xd5,0x71,0xd5,0x91,0xd5,0x50,0xd5,0x71,0xd5,0xd2,0xdd,
    0xd2,0xdd,0xd2,0xdd,0xb2,0xd5,0x15,0xde,0x77,0xde,0x56,0xde,0x98,0xe6,0xff,0xff,
    0xdf,0xff,0xdf,0xff,0xff,0xff,0x9d,0xff,0x19,0xff,0xf8,0xf6,0xf9,0xf6,0xbe,0xff,
    0xdf,0xff,0x9d,0xff,0xde,0xff,0xdf,0xff,0x9d,0xff,0xf8,0xf6,0xb7,0xf6,0xb7,0xf6,
    0xb7,0xf6,0xb7,0xf6,0xd8,0xf6,0x5b,0xff,0xb7,0xf6,0x96,0xee,0x96,0xee,0x76,0xee,
    0x76,0xee,0x76,0xee,0x76,0xee,0x76,0xee,0x76,0xee,0x76,0xee,0x76,0xee,0x76,0xee,
    0x76,0xee,0x76,0xee,0x76,0xee,0x56,0xe6,0x35,0xe6,0x36,0xe6,0x36,0xe6,0x36,0xe6,
    0x36,0xe6,0x56,0xe6,0x56,0xe6,0x36,0xde,0x36,0xde,0x36,0xde,0x36,0xde,0x36,0xde,
    0x36,0xde,0x56,0xe6,0x56,0xe6,0x15,0xde,0xf4,0xdd,0xf4,0xdd,0x52,0xc5,0x52,0xcd,
    0x51,0xc5,0x52,0xc5,0x72,0xcd,0x6e,0xac,0x8f,0xac,0x6e,0xac,0x10,0xbd,0x8f,0xac,
    0x11,0xbd,0x4d,0xa4,0x10,0xbd,0x93,0xcd,0x93,0xd5,0xd4,0xdd,0xb3,0xd5,0xf4,0xdd,
    0xf4,0xdd,0x32,0xbd,0x37,0xd6,0x37,0xd6,0x54,0xbd,0xcd,0x83,0xec,0x7b,0x8b,0x73,
    0xec,0x7b,0x31,0xad,0x52,0xb5,0x6e,0x94,0xab,0x73,0xcc,0x7b,0xaf,0x9c,0x0e,0x84,
    0x91,0x9c,0xf6,0xcd,0x17,0xd6,0xd0,0x9c,0x8e,0x94,0x09,0x63,0x6a,0x6b,0x10,0xa5,
    0x2d,0x8c,0x2a,0x63,0x2a,0x63,0x6e,0x8c,0xf0,0x9c,0xcf,0x9c,0xcf,0x9c,0xaf,0x9c,
    0x2d,0x84,0x0d,0x7c,0xcc,0x73,0x91,0x9c,0x75,0xc5,0xb9,0xe6,0x17,0xd6,0x16,0xde,
    0x57,0xe6,0x56,0xe6,0x56,0xe6,0x56,0xe6,0x36,0xe6,0x36,0xe6,0xf4,0xd5,0x35,0xde,
    0x35,0xde,0xf4,0xdd,0xf4,0xdd,0xd4,0xd5,0xf5,0xdd,0x15,0xde,0x15,0xde,0x36,0xe6,
    0x56,0xe6,0x56,0xe6,0x56,0xe6,0x56,0xe6,0x36,0xe6,0x36,0xe6,0x36,0xe6,0x36,0xe6,
    0x36,0xe6,0x56,0xe6,0x56,0xe6,0x56,0xe6,0x56,0xe6,0x56,0xe6,0x56,0xe6,0x56,0xe6,
    0x35,0xde,0x15,0xde,0xf4,0xdd,0xf4,0xd5,0x15,0xde,0x56,0xe6,0x36,0xde,0x36,0xde,
    0x35,0xde,0x15,0xde,0xf5,0xdd,0xf5,0xdd,0xf4,0xd5,0xf5,0xdd,0x35,0xde,0x35,0xde,
    0x35,0xde,0x35,0xde,0x36,0xde,0x35,0xde,0xf4,0xd5,0xd4,0xd5,0xb3,0xd5,0xb3,0xd5,
    0x19,0xef,0xb2,0xe5,0xd2,0xe5,0xd2,0xe5,0xd2,0xe5,0xd2,0xe5,0x71,0xd5,0x71,0xd5,
    0x71,0xd5,0x50,0xd5,0x71,0xd5,0xb2,0xdd,0xd2,0xdd,0xd2,0xdd,0xb2,0xdd,0x35,0xde,
    0x98,0xe6,0x36,0xde,0x7d,0xf7,0xdf,0xff,0xdf,0xff,0xff,0xff,0x9d,0xff,0x19,0xff,
    0x19,0xff,0xf9,0xf6,0x7c,0xff,0xff,0xff,0xbe,0xff,0x9d,0xff,0xdf,0xff,0xdf,0xff,
    0x7c,0xff,0xd7,0xf6,0xb7,0xf6,0xb7,0xf6,0xb7,0xf6,0xb7,0xf6,0xb7,0xf6,0x19,0xf7,
    0xb7,0xf6,0x76,0xee,0x76,0xee,0x76,0xee,0x76,0xee,0x76,0xee,0x76,0xee,0x76,0xee,
    0x76,0xee,0x76,0xee,0x76,0xee,0x76,0xee,0x76,0xee,0x76,0xee,0x76,0xe6,0x35,0xe6,
    0x56,0xe6,0x56,0xe6,0x36,0xe6,0x36,0xe6,0x56,0xe6,0x36,0xe6,0x56,0xe6,0x36,0xde,
    0x36,0xde,0x56,0xe6,0x36,0xde,0x36,0xde,0x56,0xe6,0x56,0xe6,0x35,0xde,0x15,0xde,
    0x15,0xde,0x31,0xc5,0x31,0xc5,0x52,0xc5,0x51,0xc5,0x52,0xc5,0x72,0xcd,0x8f,0xac,
    0x6e,0xac,0x4d,0xa4,0x8e,0xb4,0x4e,0xa4,0x11,0xbd,0x72,0xc5,0x31,0xbd,0x93,0xcd,
    0xd4,0xd5,0x15,0xde,0xb3,0xd5,0xd4,0xdd,0xd4,0xdd,0x12,0xbd,0x37,0xd6,0x57,0xde,
    0xb0,0x9c,0xaf,0x9c,0x0d,0x84,0x4d,0x84,0x51,0xb5,0x93,0xbd,0x93,0xbd,0xec,0x7b,
    0xab,0x73,0x6e,0x8c,0x8f,0x94,0x0e,0x8c,0x33,0xb5,0x78,0xde,0xf6,0xcd,0xaf,0x9c,
    0xcf,0x9c,0x8b,0x6b,0xab,0x73,0x10,0xa5,0xf0,0xa4,0x8b,0x73,0x4a,0x63,0xc9,0x5a,
    0x2d,0x84,0xf0,0x9c,0xaf,0x94,0x2e,0x84,0x0d,0x7c,0x0d,0x7c,0x0e,0x84,0x13,0xb5,
    0x17,0xd6,0xb9,0xe6,0xb4,0xcd,0x15,0xde,0x77,0xe6,0x56,0xe6,0x56,0xe6,0x35,0xde,
    0xf4,0xdd,0x15,0xde,0xd4,0xd5,0x35,0xde,0x36,0xe6,0xf5,0xdd,0xf4,0xdd,0xb3,0xd5,
    0xd4,0xd5,0x15,0xde,0x56,0xe6,0x56,0xe6,0x56,0xe6,0x56,0xe6,0x56,0xe6,0x56,0xe6,
    0x56,0xe6,0x56,0xe6,0x36,0xe6,0x36,0xe6,0x35,0xe6,0x36,0xe6,0x56,0xe6,0x56,0xe6,
    0x56,0xe6,0x56,0xe6,0x35,0xe6,0x14,0xde,0xf4,0xdd,0xf4,0xdd,0xf4,0xdd,0xf5,0xdd,
    0x56,0xde,0x56,0xde,0x36,0xde,0x36,0xde,0x15,0xde,0xf4,0xdd,0xf4,0xd5,0xd4,0xd5,
    0xf5,0xdd,0x35,0xde,0x36,0xde,0x35,0xde,0x36,0xde,0x15,0xde,0x36,0xde,0x15,0xde,
    0xd4,0xd5,0xd4,0xd5,0xd4,0xd5,0xd4,0xd5,0x3a,0xf7,0xf3,0xe5,0xd2,0xe5,0xd2,0xe5,
    0xd2,0xe5,0xb1,0xdd,0x71,0xd5,0x71,0xd5,0x71,0xd5,0x50,0xd5,0x50,0xd5,0xb2,0xdd,
    0xd2,0xdd,0xd3,0xdd,0xd2,0xdd,0x36,0xde,0x77,0xe6,0x77,0xe6,0xdf,0xff,0xde,0xff,
    0xdf,0xff,0xbd,0xff,0x19,0xf7,0x3a,0xf7,0x19,0xf7,0x3a,0xf7,0xde,0xff,0xde,0xff,
    0x9d,0xff,0xbe,0xff,0xde,0xff,0xde,0xff,0x3a,0xff,0xb7,0xf6,0xb7,0xf6,0xb7,0xf6,
    0xb7,0xf6,0xb7,0xf6,0x97,0xf6,0xf9,0xf6,0xd7,0xf6,0x76,0xee,0x76,0xee,0x76,0xee,
    0x76,0xee,0x76,0xee,0x76,0xee,0x76,0xee,0x76,0xee,0x76,0xee,0x76,0xee,0x76,0xee,
    0x76,0xee,0x76,0xe6,0x35,0xe6,0x35,0xe6,0x56,0xe6,0x36,0xe6,0x36,0xe6,0x35,0xe6,
    0x36,0xde,0x56,0xe6,0x56,0xe6,0x36,0xde,0x36,0xe6,0x36,0xe6,0x36,0xe6,0x56,0xe6,
    0x56,0xe6,0x56,0xe6,0x15,0xde,0x35,0xde,0x72,0xcd,0xf0,0xbc,0x51,0xcd,0x31,0xc5,
    0x31,0xc5,0x52,0xc5,0x72,0xcd,0xd0,0xb4,0xf0,0xbc,0x2d,0xa4,0x2d,0xa4,0x0d,0x9c,
    0x31,0xc5,0x52,0xc5,0x72,0xcd,0x93,0xcd,0x72,0xc5,0x52,0xc5,0xd4,0xd5,0xd4,0xdd,
    0xd4,0xd5,0xf1,0xbc,0x37,0xde,0x11,0xad,0xcf,0xa4,0x30,0xad,0xcf,0x9c,0x30,0xad,
    0x92,0xbd,0xd4,0xc5,0x52,0xb5,0x0d,0x84,0x4d,0x8c,0x8e,0x94,0x4e,0x8c,0x4f,0x94,
    0xd6,0xcd,0x99,0xe6,0xb5,0xc5,0xaf,0x9c,0xf0,0xa4,0xec,0x7b,0xec,0x83,0x10,0xa5,
    0x72,0xbd,0x6e,0x94,0x4a,0x63,0xe9,0x5a,0xc9,0x5a,0x8e,0x94,0xaf,0x94,0xcc,0x7b,
    0xed,0x7b,0xcc,0x7b,0x70,0x9c,0xb5,0xc5,0x78,0xde,0x78,0xde,0xb4,0xcd,0x56,0xde,
    0x77,0xe6,0x56,0xe6,0x56,0xe6,0x36,0xde,0xf4,0xdd,0xf4,0xdd,0xf5,0xdd,0x36,0xe6,
    0x56,0xe6,0xf5,0xdd,0xf4,0xdd,0x51,0xc5,0xf4,0xdd,0x56,0xe6,0x56,0xe6,0x56,0xe6,
    0x56,0xe6,0x56,0xe6,0x56,0xe6,0x56,0xe6,0x56,0xe6,0x56,0xe6,0x36,0xe6,0x36,0xe6,
    0x36,0xe6,0x56,0xe6,0x56,0xe6,0x56,0xe6,0x35,0xe6,0x14,0xde,0xf4,0xdd,0xf4,0xdd,
    0xf4,0xdd,0xf4,0xdd,0xf4,0xdd,0x36,0xde,0x36,0xde,0x36,0xde,0x35,0xde,0x35,0xde,
    0x35,0xde,0xf5,0xdd,0xf4,0xd5,0x15,0xde,0x35,0xde,0x15,0xde,0x35,0xde,0x36,0xde,
    0x15,0xde,0xf5,0xdd,0x35,0xde,0xf4,0xdd,0xd4,0xd5,0xd4,0xd5,0xf4,0xd5,0xd4,0xd5,
    0x5b,0xf7,0x14,0xe6,0xd2,0xe5,0xf2,0xe5,0xf2,0xe5,0x91,0xdd,0x50,0xd5,0x71,0xd5,
    0x71,0xd5,0x50,0xd5,0x50,0xd5,0xb2,0xdd,0xd2,0xdd,0xd3,0xdd,0xd3,0xdd,0x56,0xde,
    0x57,0xde,0xfa,0xee,0xff,0xff,0xbe,0xff,0xdf,0xf7,0x5b,0xff,0x19,0xff,0x3a,0xff,
    0x3a,0xff,0x9d,0xff,0xdf,0xff,0x9c,0xff,0x9d,0xff,0xde,0xff,0xde,0xff,0x9d,0xff,
    0xf8,0xf6,0xb7,0xf6,0xb7,0xf6,0xb7,0xf6,0xb7,0xf6,0xb7,0xf6,0x97,0xee,0xd8,0xf6,
    0xb7,0xf6,0x76,0xee,0x76,0xee,0x76,0xee,0x76,0xee,0x76,0xee,0x76,0xee,0x76,0xee,
    0x76,0xee,0x76,0xee,0x76,0xee,0x76,0xee,0x76,0xee,0x56,0xe6,0x35,0xe6,0x36,0xe6,
    0x56,0xe6,0x56,0xe6,0x36,0xe6,0x36,0xe6,0x36,0xde,0x36,0xde,0x56,0xe6,0x36,0xe6,
    0x36,0xe6,0x56,0xe6,0x56,0xe6,0x56,0xe6,0x56,0xe6,0x35,0xde,0x15,0xde,0xb3,0xd5,
    0xaf,0xb4,0x72,0xcd,0x31,0xc5,0x31,0xc5,0x51,0xc5,0x31,0xc5,0x72,0xcd,0xd0,0xbc,
    0xf0,0xbc,0xaf,0xb4,0x0c,0x9c,0x0d,0x9c,0x11,0xbd,0x52,0xc5,0xd4,0xd5,0xcf,0xac,
    0x4d,0x9c,0x8e,0xa4,0xb3,0xd5,0xf4,0xdd,0xf4,0xdd,0xf1,0xb4,0x32,0xb5,0x8e,0x9c,
    0xf0,0xa4,0x10,0xa5,0xef,0xa4,0x51,0xb5,0xf4,0xcd,0xf4,0xc5,0x11,0xad,0xcf,0x9c,
    0xaf,0x94,0x8e,0x94,0x2e,0x8c,0xf2,0xac,0x37,0xd6,0x99,0xde,0x94,0xbd,0xaf,0x9c,
    0x10,0xa5,0x2d,0x84,0xec,0x7b,0x10,0xad,0x92,0xbd,0xf0,0xa4,0xab,0x73,0x6b,0x6b,
    0xc9,0x5a,0xac,0x73,0x0d,0x84,0x0d,0x84,0xcc,0x73,0xad,0x7b,0x13,0xb5,0x37,0xd6,
    0x78,0xde,0x79,0xde,0x37,0xde,0x56,0xe6,0x77,0xe6,0x56,0xe6,0x57,0xe6,0x77,0xe6,
    0x36,0xe6,0x15,0xde,0x15,0xde,0x36,0xde,0x36,0xde,0x35,0xde,0xb3,0xd5,0xb3,0xd5,
    0x56,0xe6,0x56,0xe6,0x56,0xe6,0x56,0xe6,0x56,0xe6,0x36,0xe6,0x56,0xe6,0x56,0xe6,
    0x56,0xe6,0x56,0xe6,0x56,0xe6,0x56,0xe6,0x56,0xe6,0x35,0xe6,0x35,0xde,0xf4,0xdd,
    0xf4,0xdd,0xd4,0xdd,0xf4,0xdd,0xf4,0xdd,0xf4,0xdd,0x15,0xde,0x36,0xde,0x36,0xde,
    0x36,0xde,0x36,0xde,0x35,0xe6,0x15,0xde,0x15,0xde,0x15,0xde,0x36,0xde,0x35,0xde,
    0x15,0xde,0x15,0xde,0x15,0xde,0xf5,0xdd,0xf4,0xdd,0x15,0xde,0xf4,0xdd,0xf4,0xd5,
    0xd4,0xd5,0xd4,0xd5,0xd4,0xd5,0xd4,0xd5,0x7c,0xf7,0x75,0xee,0xd2,0xe5,0xf2,0xe5,
    0xf2,0xe5,0x91,0xdd,0x50,0xd5,0x70,0xd5,0x71,0xd5,0x30,0xd5,0x50,0xd5,0xb2,0xdd,
    0xb2,0xdd,0xd2,0xdd,0xb2,0xdd,0x36,0xde,0x56,0xde,0x5c,0xf7,0xff,0xff,0xdf,0xff,
    0xbe,0xff,0x19,0xff,0x19,0xff,0x19,0xff,0x5b,0xff,0xdf,0xff,0xbd,0xff,0x7c,0xf7,
    0xbe,0xff,0xbe,0xff,0xde,0xff,0x7b,0xff,0xb7,0xf6,0xb7,0xf6,0xb7,0xf6,0xb7,0xf6,
    0xb7,0xf6,0xb7,0xf6,0x97,0xee,0xb7,0xf6,0x97,0xee,0x76,0xee,0x76,0xee,0x76,0xee,
    0x76,0xee,0x76,0xee,0x76,0xee,0x76,0xee,0x76,0xee,0x76,0xee,0x76,0xee,0x76,0xee,
    0x76,0xe6,0x56,0xe6,0x35,0xe6,0x36,0xe6,0x36,0xe6,0x56,0xe6,0x56,0xe6,0x36,0xde,
    0x36,0xde,0x36,0xe6,0x56,0xe6,0x35,0xe6,0x35,0xe6,0x56,0xe6,0x56,0xe6,0x56,0xe6,
    0x56,0xe6,0x15,0xde,0x15,0xde,0xf0,0xbc,0x10,0xbd,0x52,0xc5,0x51,0xc5,0x52,0xc5,
    0x51,0xc5,0x11,0xc5,0x72,0xcd,0x11,0xbd,0xaf,0xb4,0xcf,0xb4,0x4e,0xa4,0xab,0x93,
    0x11,0xbd,0x51,0xc5,0x72,0xcd,0x2d,0x9c,0xcb,0x8b,0x4d,0x9c,0x11,0xbd,0x15,0xde,
    0x15,0xde,0x90,0xa4,0x8f,0x9c,0x10,0xa5,0xef,0xa4,0xef,0xa4,0xef,0xa4,0x92,0xbd,
    0xf4,0xcd,0x72,0xb5,0x10,0xa5,0xf0,0x9c,0xaf,0x94,0xf0,0xa4,0x6f,0x9c,0xb5,0xc5,
    0x58,0xde,0x99,0xe6,0x73,0xbd,0xcf,0x9c,0x31,0xad,0x6e,0x94,0x0d,0x84,0xf0,0xa4,
    0x93,0xc5,0xf0,0xa4,0x4d,0x84,0xab,0x73,0x0a,0x63,0x70,0x94,0xcd,0x7b,0xac,0x73,
    0x8c,0x73,0x71,0x9c,0xb5,0xc5,0x78,0xde,0x78,0xde,0x78,0xde,0xf5,0xd5,0x56,0xe6,
    0x56,0xde,0x36,0xde,0x98,0xe6,0x77,0xe6,0x77,0xe6,0x36,0xe6,0x36,0xde,0x36,0xde,
    0x36,0xe6,0x15,0xde,0x93,0xcd,0x56,0xe6,0x56,0xe6,0x56,0xe6,0x56,0xe6,0x56,0xe6,
    0x56,0xe6,0x56,0xe6,0x56,0xe6,0x56,0xe6,0x56,0xe6,0x56,0xe6,0x56,0xe6,0x35,0xe6,
    0x15,0xde,0xf4,0xdd,0xf4,0xdd,0xf4,0xdd,0xf4,0xdd,0xf4,0xdd,0xf4,0xd5,0xf4,0xd5,
    0x15,0xde,0x36,0xe6,0x36,0xe6,0x36,0xe6,0x36,0xe6,0x15,0xde,0xd4,0xd5,0xf4,0xdd,
    0x15,0xde,0x36,0xde,0x36,0xde,0x35,0xde,0x15,0xde,0x15,0xde,0x15,0xde,0xd4,0xd5,
    0xf4,0xd5,0xf4,0xd5,0xd4,0xd5,0xd4,0xd5,0xd4,0xd5,0xd4,0xd5,0xd4,0xd5,0xf4,0xd5,
    0x7b,0xf7,0x96,0xee,0xb1,0xe5,0xd2,0xe5,0xb1,0xe5,0x50,0xd5,0x50,0xd5,0x70,0xd5,
    0x71,0xd5,0x30,0xd5,0x71,0xd5,0xd2,0xdd,0xd2,0xdd,0xd2,0xdd,0xb2,0xd5,0x15,0xde,
    0x36,0xde,0x9e,0xf7,0xff,0xff,0xff,0xff,0x7d,0xff,0x19,0xff,0x19,0xff,0x5b,0xf7,
    0x5b,0xff,0x3a,0xff,0x5b,0xf7,0xde,0xff,0xdf,0xff,0xbe,0xff,0xbd,0xff,0x3a,0xff,
    0xb7,0xf6,0xb7,0xf6,0xb7,0xf6,0xb7,0xf6,0xb7,0xf6,0x97,0xee,0x97,0xee,0xb7,0xf6,
    0x96,0xee,0x76,0xee,0x76,0xee,0x76,0xee,0x76,0xee,0x76,0xee,0x76,0xee,0x76,0xee,
    0x76,0xee,0x76,0xee,0x76,0xee,0x76,0xee,0x76,0xe6,0x35,0xe6,0x36,0xe6,0x56,0xe6,
    0x36,0xe6,0x36,0xe6,0x36,0xe6,0x36,0xde,0x35,0xde,0x36,0xde,0x35,0xde,0x56,0xe6,
    0x56,0xe6,0x56,0xe6,0x56,0xe6,0x56,0xe6,0x15,0xde,0x35,0xe6,0x11,0xbd,0xf0,0xbc,
    0xd4,0xd5,0x72,0xcd,0x31,0xc5,0x51,0xc5,0x31,0xc5,0x11,0xc5,0x52,0xc5,0x31,0xc5,
    0x6e,0xac,0x8f,0xb4,0xaf,0xb4,0xcc,0x93,0x11,0xbd,0x31,0xc5,0x51,0xc5,0x8e,0xac,
    0x4d,0x9c,0xf0,0xb4,0x31,0xbd,0x35,0xde,0x36,0xde,0xd0,0xa4,0xf0,0xa4,0x10,0xa5,
    0x10,0xa5,0xef,0xa4,0x51,0xb5,0xd3,0xcd,0xb3,0xc5,0x10,0xa5,0x30,0xad,0x10,0xa5,
    0x31,0xad,0x31,0xad,0xd1,0xa4,0x37,0xd6,0x37,0xd6,0x99,0xe6,0x53,0xb5,0xef,0x9c,
    0x31,0xad,0xcf,0x9c,0x4e,0x8c,0x51,0xb5,0xb3,0xc5,0xf0,0xa4,0x6e,0x8c,0xab,0x73,
    0xe9,0x5a,0xce,0x83,0x74,0xbd,0x0f,0x8c,0x70,0x9c,0x74,0xbd,0x37,0xd6,0x58,0xde,
    0x78,0xde,0x58,0xde,0x94,0xcd,0x56,0xe6,0x36,0xde,0x56,0xe6,0x77,0xe6,0x36,0xe6,
    0x56,0xe6,0x36,0xde,0x56,0xe6,0x56,0xde,0x35,0xde,0xb4,0xd5,0x15,0xde,0x56,0xe6,
    0x56,0xe6,0x56,0xe6,0x36,0xe6,0x35,0xe6,0x56,0xe6,0x56,0xe6,0x56,0xe6,0x56,0xe6,
    0x35,0xe6,0x15,0xde,0x15,0xde,0xf4,0xdd,0xf4,0xdd,0xf4,0xdd,0xf4,0xdd,0xf4,0xdd,
    0xf4,0xdd,0xf4,0xd5,0xf4,0xd5,0x15,0xde,0x56,0xe6,0x56,0xe6,0x36,0xe6,0x15,0xde,
    0xf4,0xd5,0xd4,0xd5,0x15,0xde,0x36,0xde,0x15,0xde,0x15,0xde,0x36,0xde,0x15,0xde,
    0xf4,0xdd,0x15,0xde,0xf4,0xdd,0xd4,0xd5,0xd4,0xd5,0xd4,0xd5,0xd4,0xd5,0xd3,0xd5,
    0xd4,0xd5,0xd4,0xd5,0xd4,0xd5,0xf4,0xd5,0x7c,0xf7,0x97,0xee,0x2f,0xd5,0x2f,0xd5,
    0x0f,0xcd,0xee,0xcc,0x30,0xcd,0x50,0xd5,0x50,0xd5,0x30,0xd5,0x71,0xd5,0xd3,0xdd,
    0xd3,0xdd,0xd2,0xdd,0x92,0xd5,0xf4,0xd5,0x77,0xe6,0xde,0xff,0xdf,0xff,0xff,0xff,
    0x9d,0xff,0x19,0xff,0x3a,0xff,0x3a,0xf7,0xf9,0xfe,0xf9,0xf6,0xbe,0xff,0xdf,0xff,
    0xde,0xff,0xde,0xff,0x9c,0xff,0xf9,0xf6,0xb7,0xf6,0xb7,0xf6,0xb7,0xf6,0xb7,0xf6,
    0x97,0xee,0x96,0xee,0x96,0xee,0x97,0xee,0x97,0xee,0x76,0xee,0x76,0xee,0x76,0xee,
    0x76,0xee,0x76,0xee,0x76,0xee,0x76,0xee,0x76,0xee,0x76,0xee,0x76,0xee,0x76,0xee,
    0x56,0xe6,0x35,0xe6,0x56,0xe6,0x36,0xe6,0x36,0xde,0x36,0xe6,0x36,0xe6,0x35,0xde,
    0x36,0xde,0x36,0xde,0x36,0xe6,0x76,0xe6,0x56,0xe6,0x56,0xe6,0x56,0xe6,0x36,0xe6,
    0x15,0xde,0xd4,0xd5,0x4e,0xa4,0x72,0xcd,0x93,0xcd,0xb3,0xcd,0x93,0xcd,0x31,0xc5,
    0x31,0xc5,0x31,0xc5,0x52,0xc5,0x72,0xcd,0x8f,0xac,0x8f,0xb4,0x8f,0xb4,0xec,0x9b,
    0xd0,0xb4,0xf0,0xbc,0x31,0xc5,0x51,0xcd,0x8e,0xac,0xf0,0xb4,0x15,0xde,0x36,0xde,
    0x93,0xc5,0xcf,0xa4,0x30,0xad,0x30,0xad,0x10,0xa5,0x10,0xa5,0xb3,0xc5,0xf4,0xcd,
    0x72,0xb5,0xef,0xa4,0x30,0xad,0x31,0xad,0x51,0xb5,0xf1,0xa4,0x33,0xb5,0x78,0xde,
    0x37,0xd6,0x78,0xde,0x31,0xad,0xef,0x9c,0x30,0xa5,0x10,0xa5,0xf0,0xa4,0xf4,0xcd,
    0xd4,0xcd,0x10,0xad,0x8e,0x94,0xec,0x7b,0x6b,0x6b,0x6c,0x73,0x33,0xb5,0x34,0xbd,
    0x54,0xbd,0x17,0xd6,0x78,0xde,0x58,0xde,0x58,0xde,0x37,0xde,0xd5,0xd5,0x57,0xe6,
    0x36,0xde,0x15,0xde,0xd4,0xd5,0x35,0xde,0x56,0xe6,0x36,0xde,0x56,0xde,0x77,0xe6,
    0xd4,0xd5,0x15,0xde,0x57,0xe6,0x36,0xe6,0x36,0xe6,0x56,0xe6,0x36,0xe6,0x36,0xe6,
    0x56,0xe6,0x56,0xe6,0x35,0xe6,0xf4,0xdd,0xf4,0xdd,0xf4,0xdd,0xf4,0xdd,0xf4,0xdd,
    0xf4,0xdd,0xf4,0xdd,0xf4,0xdd,0xf4,0xdd,0xd4,0xd5,0xf4,0xdd,0x35,0xde,0x56,0xe6,
    0x56,0xe6,0x15,0xde,0xf4,0xd5,0xf4,0xdd,0x15,0xde,0x35,0xde,0x35,0xde,0x35,0xde,
    0x36,0xde,0x15,0xde,0x15,0xde,0xf4,0xdd,0xf4,0xdd,0xf4,0xdd,0xd4,0xd5,0xf4,0xd5,
    0xd4,0xd5,0xd3,0xd5,0xd3,0xd5,0xd3,0xd5,0xd3,0xd5,0xd4,0xd5,0xd4,0xd5,0xf4,0xd5,
    0x9c,0xff,0xb3,0xcd,0xcd,0xc4,0x0f,0xcd,0xee,0xcc,0x0f,0xcd,0x30,0xcd,0x30,0xd5,
    0x50,0xd5,0x2f,0xcd,0x71,0xd5,0xf3,0xdd,0xd3,0xdd,0xd2,0xdd,0xb2,0xd5,0xd4,0xd5,
    0x98,0xe6,0xdf,0xff,0xbe,0xff,0xbe,0xff,0xbe,0xff,0x3a,0xff,0x3a,0xff,0x19,0xff,
    0x19,0xff,0x9d,0xff,0xdf,0xff,0xde,0xff,0xdf,0xff,0x7c,0xff,0x7b,0xff,0xf8,0xf6,
    0xb7,0xf6,0xb7,0xf6,0x96,0xee,0x96,0xee,0x96,0xee,0x96,0xee,0x76,0xee,0x97,0xee,
    0x97,0xee,0x76,0xee,0x76,0xee,0x76,0xee,0x76,0xee,0x76,0xee,0x76,0xee,0x76,0xee,
    0x76,0xee,0x76,0xee,0x76,0xee,0x56,0xe6,0x35,0xe6,0x56,0xe6,0x56,0xe6,0x56,0xe6,
    0x36,0xe6,0x36,0xe6,0x35,0xde,0x35,0xde,0x35,0xde,0x56,0xe6,0x56,0xe6,0x56,0xe6,
    0x76,0xe6,0x56,0xe6,0x56,0xe6,0x15,0xde,0xf4,0xdd,0xf0,0xbc,0xd0,0xbc,0xd0,0xbc,
    0x51,0xc5,0x93,0xcd,0x93,0xcd,0x93,0xcd,0x52,0xc5,0x31,0xc5,0x72,0xcd,0x93,0xcd,
    0xf0,0xbc,0x2d,0xa4,0x2d,0xa4,0xab,0x93,0x4e,0xac,0x10,0xbd,0x10,0xbd,0x31,0xc5,
    0x2d,0x9c,0x51,0xc5,0xf4,0xdd,0xf4,0xd5,0xaf,0xa4,0xf0,0xa4,0x30,0xad,0x31,0xad,
    0xef,0xa4,0x51,0xb5,0xf4,0xcd,0xf4,0xcd,0xcf,0xa4,0xef,0xa4,0x30,0xad,0x30,0xad,
    0x31,0xad,0x90,0x9c,0xb5,0xc5,0xb9,0xe6,0x58,0xde,0x37,0xd6,0xf0,0xa4,0x10,0xa5,
    0x10,0xa5,0x10,0xa5,0x51,0xb5,0xf4,0xcd,0xf4,0xcd,0x31,0xad,0xaf,0x94,0x6e,0x8c,
    0x2d,0x84,0x2e,0x8c,0xb1,0xa4,0x74,0xbd,0xf6,0xcd,0x58,0xde,0x58,0xde,0x58,0xde,
    0x58,0xde,0x37,0xd6,0xd5,0xd5,0x57,0xe6,0x36,0xde,0xd4,0xd5,0x52,0xc5,0xf4,0xdd,
    0x36,0xde,0x15,0xde,0x36,0xde,0x36,0xde,0xb4,0xd5,0x56,0xe6,0x57,0xe6,0x56,0xe6,
    0x56,0xe6,0x56,0xe6,0x35,0xe6,0x35,0xe6,0x35,0xe6,0x14,0xde,0xf4,0xdd,0xf4,0xdd,
    0xf4,0xdd,0xf4,0xdd,0xf4,0xdd,0xf4,0xdd,0xf4,0xdd,0xf4,0xdd,0xf4,0xdd,0xf4,0xdd,
    0xf4,0xdd,0x36,0xde,0x36,0xe6,0x35,0xde,0xf5,0xdd,0xf5,0xdd,0x15,0xde,0x36,0xde,
    0x35,0xde,0x15,0xde,0x36,0xde,0x35,0xde,0x15,0xde,0xf5,0xdd,0xf4,0xdd,0xf4,0xdd,
    0xf4,0xdd,0xd4,0xdd,0xf4,0xd5,0xd4,0xd5,0xf4,0xd5,0xd4,0xd5,0xb3,0xd5,0xd4,0xd5,
    0xd4,0xd5,0xd4,0xd5,0xd4,0xd5,0xd4,0xd5,0xf9,0xee,0x30,0xbd,0x71,0xcd,0x91,0xd5,
    0x50,0xd5,0x30,0xd5,0x2f,0xcd,0x2f,0xcd,0x0f,0xcd,0xee,0xc4,0x50,0xd5,0xd3,0xdd,
    0xd3,0xdd,0xd3,0xdd,0xd3,0xdd,0xf4,0xd5,0xb9,0xe6,0xdf,0xff,0xbe,0xff,0x9d,0xff,
    0xbe,0xff,0xbe,0xff,0x9d,0xff,0xbe,0xff,0xbe,0xff,0xde,0xff,0xbe,0xff,0xbe,0xff,
    0x7c,0xff,0x3a,0xff,0x5a,0xf7,0xb7,0xf6,0xb7,0xf6,0x96,0xee,0x96,0xee,0x96,0xee,
    0x96,0xee,0x96,0xee,0x96,0xee,0x97,0xee,0x76,0xee,0x76,0xee,0x76,0xee,0x76,0xee,
    0x76,0xee,0x97,0xee,0x77,0xee,0x76,0xee,0x76,0xee,0x76,0xee,0x76,0xee,0x56,0xe6,
    0x56,0xe6,0x56,0xe6,0x36,0xe6,0x36,0xe6,0x36,0xe6,0x35,0xe6,0x35,0xe6,0x35,0xde,
    0x36,0xe6,0x56,0xe6,0x76,0xe6,0x76,0xe6,0x76,0xe6,0x56,0xe6,0x56,0xe6,0xf4,0xdd,
    0x52,0xc5,0xaf,0xb4,0x52,0xcd,0xaf,0xb4,0xf0,0xbc,0x52,0xc5,0xb3,0xcd,0xb3,0xcd,
    0xb3,0xd5,0x93,0xcd,0x93,0xcd,0x93,0xcd,0x52,0xc5,0x0d,0xa4,0x2d,0xa4,0x8b,0x8b,
    0xec,0x9b,0x10,0xbd,0xf0,0xbc,0x52,0xcd,0xf0,0xb4,0xd0,0xb4,0xb3,0xd5,0x52,0xc5,
    0x2d,0x8c,0xef,0xa4,0xef,0xa4,0xcf,0xa4,0x6e,0x94,0x72,0xbd,0xf4,0xcd,0x93,0xbd,
    0xaf,0x9c,0xcf,0x9c,0x10,0xa5,0x30,0xad,0xd0,0x9c,0x91,0x9c,0x17,0xd6,0xb9,0xe6,
    0x99,0xe6,0x17,0xd6,0xd0,0x9c,0x30,0xa5,0x10,0xa5,0x10,0xa5,0x51,0xb5,0xf4,0xcd,
    0xd3,0xc5,0x31,0xad,0xaf,0x9c,0x8f,0x94,0x8e,0x94,0x8e,0x94,0x70,0x9c,0xd5,0xcd,
    0x78,0xde,0x58,0xde,0x78,0xde,0x58,0xde,0x78,0xde,0x16,0xd6,0xb4,0xcd,0x36,0xde,
    0x36,0xde,0xd4,0xd5,0x52,0xc5,0xf5,0xdd,0x15,0xde,0x15,0xde,0x36,0xde,0xf5,0xd5,
    0xf5,0xd5,0x77,0xe6,0x56,0xe6,0x56,0xe6,0x56,0xe6,0x15,0xde,0xf4,0xdd,0xf4,0xdd,
    0xf4,0xdd,0xf4,0xdd,0xf4,0xdd,0xf4,0xdd,0xf4,0xdd,0xf4,0xdd,0xf4,0xdd,0xf4,0xdd,
    0xf4,0xdd,0xf4,0xdd,0xf4,0xdd,0xf5,0xdd,0x36,0xde,0x15,0xde,0xf4,0xdd,0x15,0xde,
    0x36,0xde,0x36,0xe6,0x36,0xde,0x36,0xde,0x36,0xde,0x35,0xde,0x35,0xde,0x15,0xde,
    0xf4,0xdd,0xf4,0xdd,0xf4,0xdd,0xf4,0xdd,0xf4,0xdd,0xf4,0xdd,0xf4,0xd5,0xd4,0xd5,
    0xd4,0xd5,0xd4,0xd5,0xd3,0xd5,0xd4,0xd5,0xd4,0xd5,0xd4,0xd5,0xd4,0xd5,0xf4,0xd5,
    0xd8,0xee,0xd8,0xee,0x55,0xe6,0xf4,0xdd,0xf3,0xdd,0xd3,0xdd,0x92,0xd5,0x71,0xd5,
    0x0f,0xcd,0xce,0xc4,0x30,0xcd,0xb2,0xdd,0xb2,0xdd,0xd3,0xdd,0xd3,0xdd,0xf5,0xd5,
    0xfa,0xee,0xff,0xff,0xbe,0xff,0x9d,0xff,0xbe,0xff,0xde,0xff,0xdf,0xff,0xde,0xff,
    0xde,0xff,0xbe,0xff,0xbd,0xff,0x7c,0xff,0xf8,0xfe,0x19,0xf7,0x19,0xf7,0x97,0xf6,
    0x97,0xf6,0x96,0xee,0x97,0xee,0x97,0xee,0x96,0xee,0x96,0xee,0x76,0xee,0x76,0xee,
    0x76,0xee,0x76,0xee,0x76,0xee,0x76,0xee,0x76,0xee,0x76,0xee,0x76,0xee,0x76,0xee,
    0x76,0xee,0x76,0xee,0x76,0xe6,0x35,0xe6,0x36,0xe6,0x56,0xe6,0x56,0xe6,0x56,0xe6,
    0x56,0xe6,0x56,0xe6,0x36,0xe6,0x35,0xe6,0x56,0xe6,0x56,0xe6,0x76,0xe6,0x56,0xe6,
    0x56,0xe6,0x56,0xe6,0x15,0xde,0x92,0xcd,0x11,0xc5,0xf0,0xbc,0x93,0xcd,0xf0,0xbc,
    0x11,0xc5,0x11,0xc5,0x93,0xcd,0xb3,0xd5,0x93,0xcd,0xb3,0xd5,0xb3,0xd5,0xb3,0xcd,
    0x72,0xcd,0x6e,0xac,0x2d,0xa4,0x8b,0x8b,0xab,0x8b,0xf0,0xbc,0xcf,0xb4,0x72,0xcd,
    0x52,0xc5,0x8f,0xac,0x52,0xc5,0x92,0xcd,0xcf,0xac,0x4d,0x8c,0x4d,0x8c,0xcc,0x83,
    0x8e,0x9c,0xb3,0xc5,0xf4,0xcd,0x31,0xad,0xcf,0xa4,0xcf,0x9c,0xef,0xa4,0x30,0xa5,
    0x6f,0x94,0xf2,0xac,0x58,0xde,0x99,0xe6,0xb9,0xe6,0xf6,0xcd,0xd0,0x9c,0x30,0xad,
    0x31,0xad,0x10,0xa5,0x31,0xb5,0xd4,0xcd,0xb3,0xc5,0x31,0xad,0xae,0x94,0x6e,0x8c,
    0xaf,0x94,0x8e,0x94,0x6f,0x94,0x74,0xc5,0x37,0xd6,0x57,0xd6,0x58,0xde,0x58,0xde,
    0x58,0xde,0xf6,0xcd,0xb4,0xcd,0x36,0xde,0x15,0xde,0xd4,0xd5,0x52,0xc5,0xf5,0xdd,
    0x15,0xde,0xf4,0xd5,0x15,0xde,0xf5,0xd5,0x56,0xde,0x56,0xe6,0x36,0xde,0x35,0xde,
    0x35,0xde,0xf4,0xdd,0xf4,0xdd,0xf4,0xdd,0xf4,0xdd,0xf4,0xdd,0xf4,0xdd,0xf4,0xdd,
    0xf4,0xdd,0xf4,0xdd,0xf4,0xdd,0xf4,0xdd,0xf4,0xdd,0xf4,0xdd,0x15,0xde,0x35,0xde,
    0x15,0xde,0x15,0xde,0x36,0xde,0x56,0xe6,0x36,0xde,0x35,0xde,0x36,0xde,0x36,0xde,
    0x35,0xde,0x15,0xde,0x15,0xde,0xf4,0xdd,0xf4,0xdd,0xf4,0xd5,0xd4,0xdd,0xf4,0xdd,
    0xf4,0xd5,0xf4,0xdd,0xd4,0xd5,0xd4,0xd5,0xd4,0xd5,0xd4,0xd5,0xd3,0xd5,0xf4,0xd5,
    0xf4,0xdd,0xd4,0xd5,0xd4,0xd5,0xf4,0xdd,0x3a,0xf7,0xbd,0xff,0x97,0xe6,0xf4,0xdd,
    0x14,0xde,0x14,0xe6,0xf4,0xdd,0x92,0xd5,0x51,0xd5,0x0f,0xc5,0x30,0xcd,0x92,0xd5,
    0xb2,0xd5,0xb2,0xdd,0xd3,0xd5,0xd4,0xd5,0x1a,0xef,0xdf,0xff,0xbe,0xff,0x7d,0xff,
    0xbe,0xff,0xde,0xff,0xde,0xff,0xde,0xff,0xde,0xff,0xbe,0xff,0x7c,0xff,0x3a,0xff,
    0xb7,0xf6,0x19,0xf7,0xd8,0xf6,0x96,0xf6,0x96,0xee,0x96,0xee,0x97,0xee,0x97,0xee,
    0x97,0xee,0x96,0xee,0x96,0xee,0x97,0xee,0x76,0xee,0x76,0xee,0x76,0xee,0x76,0xee,
    0x76,0xee,0x76,0xee,0x76,0xee,0x76,0xee,0x76,0xee,0x76,0xee,0x56,0xe6,0x36,0xe6,
    0x56,0xe6,0x56,0xe6,0x56,0xe6,0x56,0xe6,0x36,0xe6,0x56,0xe6,0x35,0xe6,0x56,0xe6,
    0x56,0xe6,0x76,0xe6,0x76,0xe6,0x56,0xe6,0x56,0xe6,0x35,0xde,0x92,0xcd,0xb3,0xd5,
    0xd0,0xbc,0x52,0xc5,0x93,0xcd,0xf0,0xbc,0x11,0xc5,0x11,0xbd,0x11,0xbd,0x72,0xcd,
    0x93,0xcd,0x93,0xcd,0x93,0xcd,0x93,0xcd,0x72,0xcd,0xcf,0xb4,0x6e,0xac,0x8b,0x8b,
    0x8b,0x8b,0x11,0xc5,0xd0,0xb4,0x52,0xc5,0x72,0xcd,0x11,0xbd,0x11,0xbd,0x31,0xc5,
    0xb3,0xd5,0x8f,0xac,0x0e,0x8c,0x4b,0x73,0xd0,0xac,0xd3,0xcd,0xb3,0xc5,0xf0,0xa4,
    0xf0,0xa4,0xcf,0x9c,0xcf,0x9c,0xcf,0x9c,0x4f,0x94,0x54,0xbd,0x58,0xde,0x37,0xd6,
    0x98,0xe6,0xf6,0xcd,0xf0,0xa4,0x30,0xad,0x30,0xad,0x10,0xa5,0x31,0xad,0xf4,0xcd,
    0xd3,0xc5,0x31,0xb5,0x8e,0x94,0x6e,0x8c,0x8e,0x94,0x8e,0x8c,0x2e,0x8c,0x33,0xb5,
    0x58,0xde,0x57,0xde,0x17,0xd6,0x37,0xd6,0x17,0xd6,0xf5,0xcd,0xb4,0xcd,0x36,0xde,
    0x15,0xde,0xd4,0xd5,0x73,0xcd,0xf4,0xd5,0x15,0xde,0xd4,0xd5,0xf4,0xd5,0xf5,0xdd,
    0x97,0xe6,0x36,0xde,0x35,0xde,0x15,0xde,0xf4,0xdd,0xd4,0xdd,0xf4,0xdd,0xf4,0xdd,
    0xf4,0xdd,0xf4,0xdd,0x14,0xde,0xf4,0xdd,0xf4,0xdd,0xf4,0xdd,0xf4,0xdd,0xf4,0xdd,
    0xf4,0xdd,0xf5,0xdd,0x15,0xde,0x35,0xde,0x36,0xde,0x36,0xde,0x36,0xde,0x36,0xde,
    0x36,0xde,0x36,0xe6,0x36,0xde,0x15,0xde,0x15,0xde,0x15,0xde,0xf4,0xdd,0xf4,0xdd,
    0xf4,0xdd,0xf4,0xdd,0xd4,0xd5,0xf4,0xdd,0xf4,0xd5,0xf4,0xd5,0xd4,0xd5,0xd4,0xd5,
    0xd4,0xd5,0xd4,0xd5,0xd4,0xd5,0xd4,0xd5,0xd4,0xd5,0xd4,0xd5,0xd4,0xd5,0xf4,0xd5,
    0x5a,0xf7,0x5b,0xf7,0xb8,0xe6,0x50,0xd5,0x71,0xd5,0x51,0xcd,0x51,0xcd,0x51,0xcd,
    0x71,0xcd,0x51,0xcd,0x30,0xcd,0xb2,0xd5,0xb2,0xd5,0xb2,0xd5,0xd3,0xd5,0xd4,0xd5,
    0xf9,0xf6,0xde,0xff,0xbe,0xff,0xbe,0xff,0xbe,0xff,0xbe,0xff,0xbe,0xff,0xde,0xff,
    0xbe,0xff,0x7c,0xff,0x1a,0xff,0xb7,0xf6,0xb7,0xf6,0x19,0xf7,0xb7,0xf6,0x96,0xf6,
    0x96,0xee,0x96,0xee,0x97,0xee,0x96,0xee,0x97,0xee,0x97,0xee,0x97,0xee,0x96,0xee,
    0x76,0xee,0x76,0xee,0x76,0xee,0x76,0xee,0x76,0xee,0x76,0xee,0x76,0xee,0x76,0xee,
    0x76,0xee,0x56,0xee,0x35,0xe6,0x36,0xe6,0x56,0xe6,0x36,0xe6,0x36,0xe6,0x36,0xe6,
    0x35,0xe6,0x35,0xe6,0x56,0xe6,0x56,0xe6,0x56,0xe6,0x56,0xe6,0x56,0xe6,0x56,0xe6,
    0x35,0xe6,0x93,0xd5,0xb3,0xd5,0x93,0xcd,0x31,0xc5,0x93,0xcd,0x93,0xcd,0x10,0xbd,
    0xf0,0xbc,0x11,0xc5,0xf0,0xbc,0x10,0xbd,0x72,0xcd,0x93,0xcd,0x93,0xcd,0x93,0xcd,
    0x52,0xc5,0xf0,0xbc,0x4e,0xa4,0xcc,0x9b,0xec,0x9b,0x11,0xbd,0xf0,0xbc,0x31,0xc5,
    0x52,0xcd,0xaf,0xb4,0x31,0xc5,0x51,0xc5,0x72,0xcd,0xd0,0xb4,0xb1,0xac,0xf2,0xb4,
    0x11,0xb5,0xb2,0xc5,0x51,0xb5,0xef,0xa4,0xef,0xa4,0xcf,0xa4,0xef,0xa4,0x8e,0x94,
    0x90,0xa4,0xf6,0xcd,0x58,0xde,0x74,0xc5,0xf6,0xd5,0xf5,0xcd,0xf0,0xa4,0x10,0xa5,
    0xef,0x9c,0xaf,0x9c,0x10,0xa5,0xb3,0xc5,0x93,0xbd,0x72,0xb5,0x6e,0x8c,0x6e,0x8c,
    0x6e,0x8c,0x6e,0x8c,0x2d,0x84,0x90,0xa4,0xd6,0xcd,0x58,0xde,0x57,0xde,0x17,0xd6,
    0xf6,0xd5,0xf6,0xcd,0xd5,0xd5,0x15,0xde,0xf5,0xd5,0xf5,0xd5,0xd4,0xd5,0xf5,0xd5,
    0xf5,0xdd,0xd4,0xd5,0xd4,0xd5,0xf5,0xd5,0x1a,0xf7,0x56,0xe6,0x35,0xe6,0x35,0xe6,
    0xd4,0xdd,0xf4,0xdd,0xf4,0xdd,0xf4,0xdd,0xf4,0xdd,0xf4,0xdd,0xf4,0xdd,0x14,0xde,
    0x15,0xde,0xf4,0xdd,0xb3,0xd5,0xf4,0xdd,0x35,0xde,0x36,0xe6,0x36,0xe6,0x36,0xde,
    0x36,0xde,0x36,0xde,0x36,0xde,0x36,0xde,0x36,0xe6,0x35,0xde,0x15,0xde,0x15,0xde,
    0x15,0xde,0xf4,0xdd,0xf4,0xdd,0xf4,0xdd,0xf4,0xd5,0xd4,0xd5,0xf4,0xd5,0xd4,0xd5,
    0xf4,0xdd,0xf4,0xdd,0xd4,0xd5,0xd4,0xd5,0xd4,0xd5,0xd4,0xd5,0xd4,0xd5,0xd4,0xd5,
    0xd4,0xd5,0xd4,0xd5,0xf4,0xd5,0xf4,0xdd,0xb2,0xc5,0xb2,0xc5,0x15,0xd6,0x0f,0xcd,
    0x2f,0xcd,0x0f,0xcd,0x30,0xc5,0x30,0xc5,0x51,0xcd,0x51,0xcd,0x51,0xcd,0xb2,0xd5,
    0xb2,0xd5,0xd3,0xdd,0xd3,0xd5,0xd4,0xd5,0x3a,0xf7,0xde,0xff,0xde,0xff,0xbe,0xff,
    0xbe,0xff,0xbe,0xff,0xbe,0xff,0xbe,0xff,0x7c,0xff,0x19,0xf7,0xd8,0xf6,0xb7,0xf6,
    0xd8,0xf6,0xd8,0xf6,0x96,0xf6,0x97,0xf6,0xb7,0xf6,0x96,0xee,0x96,0xee,0x96,0xee,
    0x97,0xee,0x97,0xee,0x96,0xee,0x76,0xee,0x76,0xee,0x76,0xee,0x76,0xee,0x76,0xee,
    0x76,0xee,0x76,0xee,0x77,0xee,0x76,0xee,0x76,0xee,0x56,0xe6,0x35,0xe6,0x36,0xe6,
    0x36,0xe6,0x35,0xe6,0x35,0xe6,0x35,0xe6,0x35,0xe6,0x56,0xe6,0x56,0xe6,0x56,0xe6,
    0x56,0xe6,0x56,0xe6,0x56,0xe6,0x56,0xe6,0xb3,0xd5,0x92,0xd5,0xd4,0xdd,0x31,0xc5,
    0x31,0xc5,0xb3,0xd5,0x93,0xd5,0x11,0xbd,0xaf,0xb4,0x10,0xbd,0xf0,0xbc,0xd0,0xbc,
    0x31,0xc5,0x93,0xcd,0x73,0xcd,0x52,0xc5,0x11,0xc5,0x11,0xbd,0x6e,0xac,0x0c,0x9c,
    0xec,0x9b,0x11,0xbd,0xf0,0xbc,0xf0,0xbc,0x52,0xc5,0x8f,0xac,0xd0,0xb4,0x11,0xbd,
    0x52,0xc5,0xf1,0xb4,0x90,0xa4,0x33,0xbd,0xb0,0xa4,0x72,0xbd,0xcf,0xa4,0xef,0xa4,
    0xcf,0xa4,0xef,0xa4,0xef,0xa4,0x6e,0x94,0xf2,0xac,0xf6,0xcd,0x78,0xde,0x74,0xbd,
    0xd5,0xcd,0xd5,0xc5,0xcf,0x9c,0xef,0xa4,0xae,0x94,0x6e,0x94,0xcf,0xa4,0x92,0xbd,
    0x52,0xb5,0x52,0xb5,0x6e,0x8c,0x6d,0x8c,0x4e,0x8c,0x6e,0x8c,0x6e,0x8c,0x4f,0x94,
    0x54,0xbd,0xf6,0xd5,0x17,0xd6,0xf6,0xcd,0xf6,0xd5,0xf6,0xd5,0xd5,0xd5,0xf5,0xdd,
    0xf5,0xdd,0xf5,0xdd,0xf5,0xdd,0xf5,0xdd,0xf5,0xdd,0xd4,0xd5,0x93,0xd5,0xf5,0xd5,
    0xbd,0xff,0xf9,0xf6,0x56,0xee,0x56,0xe6,0xf4,0xdd,0xf4,0xdd,0xf4,0xdd,0xf4,0xdd,
    0xf4,0xdd,0x14,0xde,0x14,0xde,0xf4,0xdd,0x92,0xd5,0xd3,0xdd,0x35,0xe6,0x97,0xee,
    0x56,0xe6,0x36,0xde,0x36,0xde,0x36,0xde,0x36,0xe6,0x36,0xde,0x36,0xde,0x35,0xde,
    0x15,0xde,0x15,0xde,0x15,0xde,0xf4,0xdd,0xf4,0xdd,0xf4,0xdd,0xf4,0xdd,0xf4,0xdd,
    0xf4,0xdd,0xf4,0xdd,0xf4,0xd5,0xd4,0xd5,0xd4,0xd5,0xf4,0xdd,0xd4,0xd5,0xf4,0xd5,
    0xd4,0xd5,0xd4,0xd5,0xd4,0xd5,0xd4,0xd5,0xd4,0xd5,0xd4,0xd5,0xf4,0xd5,0xd4,0xd5,
    0x91,0xbd,0x0f,0xb5,0x92,0xbd,0x51,0xd5,0x2f,0xd5,0x2f,0xcd,0x30,0xc5,0x10,0xc5,
    0x10,0xc5,0x10,0xc5,0x31,0xcd,0x92,0xd5,0x92,0xd5,0xb2,0xd5,0x92,0xd5,0xd4,0xd5,
    0x7c,0xf7,0xde,0xff,0xde,0xff,0xbe,0xff,0xbe,0xff,0xbe,0xff,0xbe,0xff,0x7c,0xff,
    0xf8,0xf6,0xb7,0xf6,0xb7,0xf6,0xb7,0xf6,0xb7,0xf6,0xb7,0xf6,0x97,0xf6,0x97,0xf6,
    0xb7,0xee,0x96,0xee,0x97,0xee,0x96,0xee,0x96,0xee,0x76,0xee,0x96,0xee,0x76,0xee,
    0x76,0xee,0x76,0xee,0x76,0xee,0x76,0xee,0x76,0xee,0x76,0xee,0x76,0xee,0x76,0xee,
    0x56,0xee,0x35,0xe6,0x35,0xe6,0x35,0xe6,0x36,0xe6,0x36,0xe6,0x35,0xe6,0x35,0xe6,
    0x56,0xe6,0x56,0xe6,0x56,0xe6,0x56,0xe6,0x56,0xe6,0x56,0xe6,0x56,0xe6,0xd3,0xd5,
    0x72,0xcd,0xb3,0xd5,0xb3,0xd5,0xf0,0xbc,0x10,0xbd,0x93,0xcd,0x93,0xd5,0x51,0xc5,
    0xaf,0xb4,0xf0,0xbc,0xf0,0xbc,0xf0,0xbc,0x72,0xcd,0xb3,0xd5,0x72,0xcd,0x11,0xc5,
    0xf0,0xbc,0x10,0xbd,0x6e,0xac,0x4e,0xa4,0x6a,0x8b,0xf0,0xbc,0x11,0xbd,0xd0,0xbc,
    0x11,0xbd,0xaf,0xb4,0x6e,0xac,0xf0,0xbc,0x11,0xbd,0x31,0xbd,0x90,0xa4,0x12,0xb5,
    0xd1,0xac,0x0d,0x8c,0x6e,0x94,0xef,0xa4,0xcf,0x9c,0xef,0xa4,0xef,0xa4,0x90,0xa4,
    0x54,0xbd,0xd6,0xcd,0x37,0xd6,0x17,0xd6,0x37,0xd6,0xb5,0xc5,0xaf,0x9c,0xcf,0x9c,
    0x6e,0x94,0x6e,0x94,0x8e,0x9c,0x71,0xbd,0x31,0xb5,0x31,0xad,0x8e,0x94,0x4d,0x84,
    0x6e,0x8c,0x4d,0x8c,0x6e,0x8c,0x4e,0x8c,0x33,0xbd,0x94,0xc5,0x16,0xd6,0xd6,0xcd,
    0xf6,0xcd,0xd5,0xcd,0x94,0xcd,0x15,0xde,0x15,0xde,0xf5,0xdd,0xf5,0xd5,0x15,0xd6,
    0x15,0xde,0xf5,0xd5,0xb3,0xd5,0xb9,0xe6,0xde,0xff,0x9d,0xff,0xd8,0xf6,0x14,0xe6,
    0xf4,0xdd,0xf4,0xdd,0xf4,0xdd,0xf4,0xdd,0xf4,0xdd,0xd4,0xdd,0xb3,0xd5,0x72,0xd5,
    0x15,0xe6,0xf9,0xf6,0xb7,0xee,0x56,0xe6,0x36,0xe6,0x36,0xde,0x36,0xde,0x35,0xde,
    0x35,0xde,0x15,0xde,0x15,0xde,0xf5,0xdd,0x15,0xde,0x15,0xde,0xf4,0xdd,0xf4,0xdd,
    0xf4,0xdd,0xf4,0xdd,0xf4,0xdd,0xf4,0xdd,0xf4,0xdd,0xf4,0xdd,0xd4,0xd5,0xd4,0xd5,
    0xd4,0xd5,0xd4,0xd5,0xf4,0xd5,0xd4,0xd5,0xd4,0xd5,0xf4,0xd5,0xf4,0xd5,0xd4,0xd5,
    0xd4,0xd5,0xd4,0xd5,0xf4,0xd5,0xd4,0xd5,0xd2,0xc5,0x30,0xb5,0x1a,0xef,0xb3,0xdd,
    0x2f,0xcd,0x30,0xcd,0x30,0xcd,0x10,0xc5,0x10,0xc5,0x10,0xc5,0x30,0xcd,0x51,0xcd,
    0x51,0xcd,0x51,0xcd,0x51,0xcd,0xd4,0xd5,0x9d,0xff,0xbe,0xff,0xdf,0xff,0xde,0xff,
    0xde,0xff,0xdf,0xff,0x7c,0xff,0x19,0xff,0xb7,0xf6,0xb7,0xf6,0xb7,0xf6,0xb7,0xf6,
    0xb7,0xf6,0xb7,0xf6,0x97,0xf6,0x97,0xf6,0x97,0xee,0x97,0xee,0x96,0xee,0x96,0xee,
    0x96,0xee,0x96,0xee,0x96,0xee,0x76,0xee,0x76,0xee,0x76,0xee,0x76,0xee,0x76,0xee,
    0x76,0xee,0x76,0xee,0x76,0xee,0x76,0xee,0x55,0xe6,0x35,0xe6,0x56,0xe6,0x56,0xe6,
    0x35,0xe6,0x36,0xe6,0x35,0xe6,0x35,0xe6,0x56,0xe6,0x56,0xe6,0x56,0xe6,0x56,0xe6,
    0x56,0xe6,0x76,0xe6,0xf4,0xdd,0x92,0xcd,0xd3,0xd5,0xd3,0xd5,0xb3,0xd5,0x11,0xc5,
    0xcf,0xbc,0x52,0xcd,0x93,0xcd,0x52,0xc5,0xaf,0xb4,0x10,0xbd,0xf0,0xbc,0x10,0xbd,
    0xb3,0xd5,0xb3,0xd5,0x31,0xc5,0x11,0xbd,0x10,0xbd,0xf0,0xbc,0x8e,0xac,0x6e,0xac,
    0xcc,0x93,0xaf,0xb4,0x31,0xbd,0xf0,0xbc,0x11,0xbd,0xf0,0xbc,0x4e,0xa4,0x8e,0xac,
    0xf0,0xbc,0x31,0xc5,0x90,0xa4,0x12,0xb5,0x90,0xa4,0x8c,0x7b,0x0c,0x8c,0xef,0xa4,
    0xcf,0x9c,0xef,0xa4,0x8e,0x94,0x90,0xa4,0x54,0xbd,0x94,0xc5,0xd6,0xcd,0x37,0xd6,
    0x78,0xde,0x94,0xbd,0x8e,0x94,0x8e,0x94,0x8e,0x94,0x8e,0x94,0x8e,0x94,0x51,0xb5,
    0x31,0xb5,0x11,0xad,0x8e,0x94,0xcb,0x73,0x4d,0x8c,0x4e,0x8c,0x6e,0x8c,0x4e,0x8c,
    0x33,0xb5,0x74,0xc5,0xd5,0xcd,0xf6,0xd5,0xf6,0xcd,0xb5,0xcd,0x73,0xc5,0x15,0xde,
    0xf5,0xd5,0x15,0xde,0xf5,0xdd,0x15,0xde,0x15,0xde,0x15,0xde,0xb4,0xd5,0x7c,0xf7,
    0xbe,0xff,0x9d,0xff,0xd8,0xf6,0x35,0xe6,0xf4,0xdd,0xf4,0xdd,0xd4,0xdd,0xb3,0xd5,
    0xb3,0xd5,0x15,0xde,0x77,0xee,0x97,0xee,0x97,0xee,0x77,0xe6,0x56,0xe6,0x56,0xe6,
    0x56,0xe6,0x36,0xe6,0x36,0xde,0x15,0xde,0x15,0xde,0xf4,0xdd,0xf5,0xdd,0x15,0xde,
    0xf4,0xdd,0xf4,0xdd,0xf4,0xdd,0xf4,0xdd,0xf4,0xdd,0xf4,0xdd,0xf4,0xdd,0xf4,0xdd,
    0xf4,0xdd,0xf4,0xdd,0xf4,0xdd,0xd4,0xd5,0xd4,0xd5,0xd4,0xd5,0xf4,0xd5,0xf4,0xd5,
    0xf4,0xd5,0xf4,0xd5,0xd4,0xd5,0xd4,0xd5,0xd4,0xd5,0xf4,0xd5,0xf4,0xd5,0xb3,0xd5,
    0x71,0xbd,0xb8,0xe6,0xbd,0xff,0x35,0xde,0x30,0xd5,0x50,0xd5,0x51,0xd5,0x51,0xcd,
    0x51,0xcd,0x51,0xcd,0x51,0xcd,0x51,0xcd,0x51,0xcd,0x51,0xcd,0x30,0xc5,0x15,0xde,
    0xbd,0xff,0x9d,0xff,0xde,0xff,0xbe,0xff,0xdf,0xff,0x9d,0xff,0x19,0xff,0xd8,0xf6,
    0xb7,0xf6,0xb7,0xf6,0xb7,0xf6,0xb7,0xf6,0xd8,0xf6,0x97,0xf6,0x97,0xf6,0x96,0xee,
    0x96,0xee,0x96,0xee,0x96,0xee,0x76,0xee,0x96,0xee,0x96,0xee,0x76,0xee,0x96,0xee,
    0x96,0xee,0x96,0xee,0x76,0xee,0x77,0xee,0x76,0xee,0x76,0xee,0x76,0xee,0x76,0xee,
    0x35,0xe6,0x56,0xe6,0x56,0xe6,0x56,0xe6,0x35,0xe6,0x35,0xe6,0x55,0xe6,0x56,0xe6,
    0x56,0xe6,0x56,0xe6,0x56,0xe6,0x56,0xe6,0x56,0xe6,0x14,0xde,0x72,0xcd,0xb3,0xd5,
    0xb3,0xd5,0xd4,0xd5,0x93,0xd5,0x72,0xcd,0xcf,0xbc,0x31,0xc5,0xb3,0xd5,0x93,0xcd,
    0xf0,0xbc,0x10,0xbd,0xf0,0xbc,0x72,0xcd,0xb4,0xd5,0x72,0xcd,0x31,0xc5,0x11,0xbd,
    0x10,0xbd,0xf0,0xbc,0xcf,0xb4,0x4e,0xa4,0x2d,0xa4,0x6e,0xa4,0x31,0xc5,0xf0,0xbc,
    0x11,0xbd,0x11,0xbd,0x6e,0xac,0x8f,0xac,0xaf,0xb4,0x72,0xc5,0xb0,0xac,0x91,0xa4,
    0x50,0x9c,0x91,0xa4,0x2f,0x94,0x6e,0x94,0xef,0xa4,0xef,0x9c,0x6e,0x94,0xf2,0xac,
    0x12,0xb5,0x54,0xbd,0xb5,0xcd,0xd6,0xcd,0xf6,0xd5,0x74,0xbd,0x6e,0x94,0x8e,0x94,
    0x8e,0x94,0x8e,0x94,0x8e,0x94,0x51,0xb5,0x31,0xb5,0x11,0xad,0x6e,0x94,0xab,0x73,
    0x0d,0x84,0x4e,0x8c,0x4e,0x8c,0x4e,0x8c,0xd1,0xac,0x95,0xc5,0xb5,0xc5,0xf6,0xd5,
    0x17,0xd6,0xb4,0xc5,0x73,0xc5,0x15,0xde,0xf5,0xd5,0x15,0xde,0x15,0xde,0xf5,0xdd,
    0xf5,0xdd,0xf5,0xdd,0xf5,0xd5,0xbe,0xff,0xde,0xff,0xf9,0xf6,0xd8,0xf6,0x76,0xee,
    0xd3,0xdd,0x35,0xde,0x97,0xe6,0xd9,0xee,0x3b,0xf7,0x3a,0xf7,0xb8,0xee,0x76,0xe6,
    0x56,0xe6,0x56,0xe6,0x56,0xe6,0x56,0xe6,0x56,0xe6,0x35,0xde,0x15,0xde,0x15,0xde,
    0xf5,0xdd,0x15,0xde,0x15,0xde,0xf4,0xdd,0x15,0xde,0x15,0xde,0xf4,0xdd,0xf4,0xdd,
    0xf4,0xd5,0xf4,0xdd,0xf4,0xdd,0xf4,0xdd,0xf4,0xd5,0xf4,0xdd,0xd4,0xd5,0xd4,0xd5,
    0xf4,0xd5,0xd4,0xd5,0xf4,0xd5,0xf4,0xd5,0xd4,0xd5,0xf4,0xd5,0xd4,0xd5,0xd4,0xd5,
    0xd4,0xd5,0xf4,0xd5,0xd4,0xd5,0xb3,0xcd,0xf9,0xee,0x5b,0xf7,0x7c,0xf7,0xb8,0xee,
    0x50,0xd5,0x71,0xd5,0x71,0xd5,0x51,0xcd,0x51,0xcd,0x51,0xcd,0x51,0xcd,0x51,0xcd,
    0x51,0xcd,0x71,0xcd,0x30,0xcd,0x77,0xe6,0xbe,0xff,0x9d,0xff,0xbe,0xff,0xbe,0xff,
    0xbe,0xff,0x1a,0xff,0xd8,0xf6,0xb7,0xf6,0xb7,0xf6,0xb7,0xf6,0x97,0xee,0x97,0xee,
    0xb7,0xf6,0x97,0xee,0x97,0xee,0x96,0xee,0x96,0xee,0x96,0xee,0x96,0xee,0x96,0xee,
    0x96,0xee,0x96,0xee,0x96,0xee,0x76,0xee,0x96,0xee,0x96,0xee,0x76,0xee,0x76,0xee,
    0x76,0xee,0x76,0xee,0x76,0xee,0x56,0xe6,0x56,0xe6,0x36,0xe6,0x35,0xe6,0x35,0xe6,
    0x35,0xe6,0x35,0xe6,0x56,0xe6,0x56,0xe6,0x56,0xe6,0x56,0xe6,0x56,0xe6,0x56,0xe6,
    0x15,0xde,0x92,0xd5,0xb3,0xd5,0xd4,0xd5,0xd3,0xd5,0xb3,0xd5,0x92,0xcd,0xb3,0xd5,
    0xf0,0xbc,0xf0,0xbc,0xb3,0xd5,0xb4,0xd5,0xf0,0xbc,0xf0,0xbc,0x31,0xc5,0xb3,0xd5,
    0x93,0xcd,0x31,0xc5,0x31,0xc5,0x11,0xc5,0x10,0xbd,0xf0,0xbc,0xd0,0xbc,0x8e,0xac,
    0xab,0x8b,0x8b,0x8b,0x31,0xc5,0x11,0xbd,0x31,0xbd,0x31,0xc5,0x6e,0xa4,0x8f,0xb4,
    0xaf,0xb4,0x11,0xbd,0xd0,0xb4,0x6c,0x83,0x70,0x9c,0x50,0x9c,0x13,0xb5,0x8f,0xa4,
    0xcf,0xa4,0xef,0xa4,0x4e,0x94,0xf2,0xb4,0xf2,0xb4,0x74,0xc5,0x95,0xc5,0xb5,0xcd,
    0x95,0xc5,0x74,0xbd,0x6e,0x94,0x8e,0x94,0x8e,0x94,0xae,0x94,0x8e,0x94,0x52,0xb5,
    0x31,0xb5,0x10,0xad,0x8e,0x94,0xcc,0x7b,0x8b,0x73,0x0d,0x84,0x2d,0x8c,0xec,0x83,
    0x6f,0x9c,0xb5,0xcd,0x95,0xc5,0xb5,0xc5,0xf6,0xd5,0xb5,0xc5,0x53,0xc5,0x15,0xde,
    0xf5,0xd5,0xf5,0xd5,0xf4,0xd5,0xf5,0xdd,0x15,0xde,0xd4,0xd5,0x77,0xde,0xde,0xff,
    0x1a,0xf7,0x97,0xee,0xd8,0xee,0xfa,0xee,0x5c,0xf7,0xde,0xff,0xde,0xff,0x9c,0xff,
    0xf9,0xf6,0x76,0xee,0x56,0xe6,0x56,0xe6,0x56,0xe6,0x56,0xe6,0x56,0xe6,0x35,0xde,
    0x15,0xde,0x15,0xde,0x15,0xde,0x15,0xde,0x15,0xde,0x15,0xde,0x15,0xde,0x15,0xde,
    0xf5,0xdd,0xf4,0xdd,0xf4,0xdd,0xf4,0xdd,0xf4,0xdd,0xf4,0xdd,0xf4,0xdd,0xf4,0xd5,
    0xf4,0xd5,0xf4,0xd5,0xf4,0xd5,0xf4,0xdd,0xf4,0xd5,0xd4,0xd5,0xd4,0xd5,0xd4,0xd5,
    0xf4,0xd5,0xf4,0xd5,0xf4,0xd5,0xf4,0xd5,0xf4,0xd5,0xf4,0xdd,0xd4,0xd5,0xb4,0xd5,
    0x3a,0xf7,0x3a,0xf7,0x7c,0xf7,0x3b,0xf7,0x71,0xd5,0x71,0xd5,0x71,0xd5,0x51,0xcd,
    0x51,0xcd,0x51,0xcd,0x51,0xcd,0x51,0xcd,0x71,0xcd,0x71,0xcd,0x30,0xcd,0xfa,0xee,
    0xde,0xff,0x9d,0xff,0xde,0xff,0x9d,0xff,0x5b,0xf7,0xb7,0xf6,0xb7,0xf6,0xb7,0xf6,
    0xb7,0xf6,0x97,0xee,0x97,0xee,0x97,0xee,0xb7,0xee,0x97,0xee,0x97,0xee,0x97,0xee,
    0x97,0xee,0x76,0xee,0x96,0xee,0x76,0xee,0x76,0xee,0x76,0xee,0x96,0xee,0x76,0xee,
    0x76,0xee,0x76,0xee,0x76,0xee,0x76,0xee,0x76,0xee,0x76,0xee,0x56,0xee,0x35,0xe6,
    0x35,0xe6,0x35,0xe6,0x35,0xe6,0x35,0xe6,0x35,0xe6,0x56,0xe6,0x56,0xe6,0x56,0xe6,
    0x56,0xe6,0x56,0xe6,0x76,0xe6,0x15,0xde,0x92,0xd5,0xd3,0xd5,0xd3,0xd5,0xd4,0xd5,
    0xd4,0xd5,0x72,0xcd,0x93,0xd5,0xb3,0xd5,0x10,0xc5,0xd0,0xbc,0x72,0xcd,0xd4,0xd5,
    0xf0,0xbc,0x31,0xc5,0x72,0xcd,0xb3,0xd5,0x72,0xcd,0x31,0xc5,0x31,0xc5,0x51,0xc5,
    0x31,0xc5,0x11,0xc5,0x10,0xbd,0xec,0x9b,0xe9,0x72,0x09,0x7b,0x8f,0xac,0x6e,0xac,
    0x6e,0xac,0x8f,0xac,0x0d,0x9c,0x0d,0x9c,0x8f,0xac,0x8f,0xb4,0xf0,0xbc,0x2b,0x7b,
    0xee,0x8b,0x50,0x9c,0xf2,0xb4,0x74,0xc5,0xb0,0xa4,0xaf,0x9c,0xb0,0xa4,0x12,0xb5,
    0x12,0xb5,0xb5,0xc5,0x94,0xc5,0xd6,0xcd,0xf6,0xcd,0x94,0xc5,0x6e,0x94,0x6e,0x8c,
    0x8e,0x94,0xae,0x94,0x8e,0x94,0x31,0xb5,0x31,0xb5,0x11,0xad,0xaf,0xa4,0xec,0x83,
    0xed,0x83,0x6f,0x9c,0x90,0xa4,0x4f,0x9c,0x12,0xb5,0x94,0xc5,0xb5,0xcd,0x94,0xc5,
    0x94,0xc5,0xb5,0xcd,0x32,0xbd,0xf5,0xdd,0xf5,0xd5,0x15,0xde,0xf5,0xdd,0xf5,0xdd,
    0xf5,0xdd,0x31,0xc5,0xf5,0xd5,0xd9,0xee,0x1a,0xef,0x7d,0xf7,0xbe,0xff,0xdf,0xff,
    0xde,0xff,0x7c,0xff,0xf8,0xf6,0x97,0xf6,0x76,0xee,0x56,0xe6,0x77,0xe6,0x56,0xe6,
    0x36,0xe6,0x36,0xe6,0x36,0xde,0x15,0xde,0x15,0xde,0x15,0xde,0x15,0xde,0x15,0xde,
    0x15,0xde,0x15,0xde,0x15,0xde,0xf5,0xdd,0xf4,0xdd,0xf4,0xdd,0xf4,0xdd,0xf4,0xdd,
    0xf4,0xdd,0xf4,0xd5,0xf4,0xdd,0xd4,0xdd,0xf4,0xd5,0xf4,0xd5,0xf4,0xd5,0xf4,0xd5,
    0xf4,0xd5,0xf4,0xd5,0xd4,0xd5,0xd4,0xd5,0xd4,0xd5,0xf4,0xd5,0xf4,0xd5,0xd4,0xd5,
    0xd4,0xd5,0xf4,0xd5,0xb3,0xd5,0xd4,0xd5,0x5b,0xf7,0x7c,0xff,0x7c,0xf7,0x7c,0xf7,
    0xb2,0xd5,0x70,0xd5,0x71,0xd5,0x71,0xcd,0x51,0xcd,0x51,0xcd,0x51,0xcd,0x71,0xcd,
    0x71,0xcd,0x71,0xcd,0x51,0xcd,0x5c,0xf7,0xdf,0xff,0xbe,0xff,0xbe,0xff,0x7c,0xf7,
    0xf9,0xf6,0xb7,0xf6,0xb7,0xee,0x97,0xee,0xb7,0xee,0x97,0xee,0x97,0xee,0xb7,0xee,
    0x97,0xee,0x97,0xee,0xb7,0xee,0x97,0xee,0x96,0xee,0x76,0xee,0x76,0xee,0x76,0xee,
    0x76,0xee,0x76,0xee,0x76,0xee,0x76,0xee,0x76,0xee,0x76,0xee,0x76,0xee,0x76,0xee,
    0x76,0xee,0x76,0xee,0x55,0xe6,0x55,0xe6,0x56,0xe6,0x56,0xe6,0x35,0xe6,0x55,0xe6,
    0x56,0xe6,0x56,0xe6,0x56,0xe6,0x56,0xe6,0x56,0xe6,0x56,0xe6,0x15,0xde,0xb3,0xd5,
    0xd3,0xd5,0xd4,0xd5,0xd3,0xd5,0xd4,0xd5,0xb3,0xd5,0x52,0xcd,0xd3,0xd5,0xb3,0xd5,
    0x31,0xc5,0xf0,0xbc,0x93,0xcd,0xd4,0xd5,0x11,0xbd,0x52,0xc5,0x93,0xcd,0xb3,0xd5,
    0x72,0xcd,0x52,0xc5,0x92,0xcd,0x93,0xd5,0x31,0xc5,0xcf,0xb4,0xd0,0xb4,0x0d,0x9c,
    0xaf,0xb4,0xf0,0xbc,0x8f,0xac,0xaf,0xb4,0xd0,0xb4,0x11,0xbd,0x31,0xc5,0x11,0xbd,
    0xd0,0xb4,0x6e,0xac,0x8f,0xac,0xcc,0x93,0xed,0x93,0xee,0x93,0xd2,0xac,0x95,0xc5,
    0x74,0xbd,0x70,0x9c,0xd1,0xac,0x13,0xb5,0x12,0xb5,0x95,0xc5,0xb5,0xc5,0xd6,0xcd,
    0x17,0xd6,0xb5,0xc5,0x4e,0x8c,0x8e,0x94,0x8e,0x94,0x8e,0x94,0x6e,0x8c,0xf0,0xa4,
    0x51,0xb5,0xf0,0xac,0x0d,0x8c,0xb1,0xa4,0x53,0xbd,0x12,0xbd,0x33,0xbd,0x74,0xc5,
    0x94,0xc5,0x94,0xc5,0xb5,0xcd,0xb4,0xcd,0x94,0xc5,0x94,0xc5,0x12,0xb5,0xd4,0xd5,
    0xf5,0xdd,0xf4,0xd5,0xb3,0xd5,0xb3,0xd5,0x57,0xe6,0xd9,0xe6,0x7c,0xf7,0xde,0xff,
    0xdf,0xff,0xde,0xff,0xbe,0xff,0x7c,0xff,0x19,0xf7,0xb7,0xf6,0x76,0xee,0x76,0xe6,
    0x56,0xe6,0x56,0xe6,0x36,0xe6,0x36,0xe6,0x36,0xde,0x35,0xde,0x15,0xde,0x15,0xde,
    0x15,0xde,0x15,0xde,0xf5,0xdd,0x15,0xde,0x15,0xde,0x15,0xde,0xf5,0xdd,0x15,0xde,
    0xf5,0xdd,0xf4,0xdd,0xf4,0xdd,0xf4,0xdd,0xf4,0xdd,0xf4,0xdd,0xf4,0xdd,0xf4,0xdd,
    0xf4,0xdd,0xf4,0xd5,0xf4,0xd5,0xf4,0xdd,0xd4,0xd5,0xd4,0xd5,0xd4,0xd5,0xd4,0xd5,
    0xd4,0xd5,0xf4,0xd5,0xf4,0xd5,0xd4,0xd5,0xd4,0xd5,0xd4,0xd5,0xb4,0xd5,0xd4,0xd5,
    0x14,0xce,0xf9,0xe6,0x7c,0xff,0x9d,0xff,0x35,0xe6,0x71,0xd5,0x91,0xd5,0x71,0xd5,
    0x71,0xcd,0x71,0xcd,0x71,0xcd,0x71,0xcd,0x71,0xcd,0x71,0xd5,0x51,0xcd,0x7d,0xf7,
    0xdf,0xff,0xbe,0xff,0x9d,0xff,0x3a,0xf7,0xb7,0xf6,0xb7,0xee,0x97,0xee,0x97,0xee,
    0x97,0xee,0x97,0xee,0x97,0xee,0xb7,0xee,0x97,0xee,0x97,0xee,0x97,0xee,0x97,0xee,
    0x96,0xee,0x76,0xee,0x76,0xee,0x76,0xee,0x76,0xee,0x76,0xee,0x76,0xee,0x76,0xee,
    0x76,0xee,0x76,0xee,0x76,0xee,0x76,0xee,0x76,0xee,0x76,0xee,0x56,0xe6,0x56,0xe6,
    0x56,0xe6,0x56,0xe6,0x55,0xe6,0x56,0xe6,0x56,0xe6,0x56,0xe6,0x56,0xe6,0x56,0xe6,
    0x56,0xe6,0x15,0xde,0xb3,0xd5,0xf4,0xdd,0xd4,0xd5,0xd4,0xd5,0xb3,0xd5,0xb3,0xd5,
    0x93,0xd5,0xb3,0xd5,0xd4,0xd5,0xb3,0xd5,0x11,0xc5,0x31,0xc5,0xd4,0xd5,0x93,0xd5,
    0xf0,0xbc,0x52,0xcd,0xb3,0xd5,0xb3,0xd5,0x92,0xcd,0x31,0xc5,0xaf,0xb4,0x4e,0xa4,
    0xaf,0xb4,0x31,0xc5,0x72,0xcd,0x72,0xcd,0x31,0xc5,0x31,0xc5,0xf0,0xbc,0xf0,0xbc,
    0x31,0xc5,0x72,0xcd,0x73,0xcd,0x73,0xcd,0x72,0xcd,0x52,0xc5,0x11,0xbd,0xd0,0xb4,
    0x8f,0xac,0xcd,0x93,0x2e,0x94,0x33,0xb5,0x54,0xbd,0x54,0xbd,0x13,0xb5,0x12,0xb5,
    0x33,0xbd,0x74,0xbd,0xd5,0xcd,0xf6,0xcd,0x17,0xd6,0xd6,0xcd,0x0d,0x8c,0x4d,0x8c,
    0x4d,0x8c,0x4d,0x8c,0x4d,0x8c,0x8e,0x94,0xcf,0xa4,0x6f,0x9c,0xd1,0xac,0x12,0xb5,
    0x33,0xbd,0x53,0xbd,0x94,0xc5,0x94,0xc5,0x94,0xc5,0x94,0xc5,0x94,0xc5,0xb4,0xcd,
    0x94,0xc5,0x94,0xc5,0x33,0xbd,0xb3,0xd5,0x72,0xcd,0x16,0xd6,0x3c,0xef,0x5c,0xf7,
    0xde,0xff,0xff,0xff,0xde,0xff,0xbe,0xff,0xbe,0xff,0x9d,0xff,0x5a,0xff,0x19,0xf7,
    0x96,0xee,0x76,0xee,0x76,0xe6,0x76,0xe6,0x56,0xe6,0x36,0xe6,0x35,0xde,0x35,0xde,
    0x36,0xde,0x15,0xde,0x15,0xde,0x15,0xde,0x15,0xde,0x15,0xde,0x15,0xde,0x15,0xde,
    0x15,0xde,0x15,0xde,0xf5,0xdd,0xf5,0xdd,0xf4,0xdd,0xf4,0xdd,0xf4,0xdd,0xf4,0xdd,
    0xf4,0xdd,0xf4,0xdd,0xf4,0xdd,0xf4,0xdd,0xf4,0xd5,0xf4,0xdd,0xf4,0xd5,0xf4,0xd5,
    0xf4,0xd5,0xd4,0xd5,0xd4,0xd5,0xd4,0xd5,0xf4,0xd5,0xd4,0xd5,0xf4,0xd5,0xd4,0xd5,
    0xf4,0xd5,0xd4,0xd5,0xb4,0xd5,0xb4,0xd5,0x70,0xbd,0x0e,0xad,0xd8,0xe6,0x9d,0xff,
    0xb7,0xee,0x91,0xdd,0xb2,0xd5,0x92,0xd5,0x71,0xd5,0x71,0xcd,0x71,0xcd,0x71,0xcd,
    0x92,0xd5,0x91,0xd5,0x72,0xd5,0x9e,0xf7,0xdf,0xff,0xbe,0xff,0x9c,0xff,0xf9,0xf6,
    0xb7,0xee,0x97,0xee,0x76,0xee,0x97,0xee,0x97,0xee,0x97,0xee,0x97,0xee,0x97,0xee,
    0x97,0xee,0x97,0xee,0x97,0xee,0x97,0xee,0x96,0xee,0x76,0xee,0x96,0xee,0x76,0xee,
    0x76,0xee,0x76,0xee,0x96,0xee,0x96,0xee,0x76,0xee,0x76,0xee,0x76,0xee,0x76,0xee,
    0x76,0xee,0x56,0xee,0x56,0xe6,0x56,0xe6,0x35,0xe6,0x35,0xe6,0x56,0xe6,0x56,0xe6,
    0x56,0xe6,0x56,0xe6,0x56,0xe6,0x56,0xe6,0x15,0xde,0x93,0xd5,0xb3,0xd5,0xf4,0xdd,
    0xd3,0xd5,0xd3,0xd5,0xb3,0xd5,0xb3,0xd5,0x51,0xcd,0x92,0xcd,0xd4,0xd5,0x72,0xcd,
    0x10,0xc5,0x93,0xcd,0xd3,0xd5,0x52,0xcd,0xcf,0xbc,0x92,0xcd,0x93,0xcd,0xb3,0xd5,
    0x72,0xcd,0x8f,0xb4,0x8f,0xac,0x6e,0xac,0x8e,0xb4,0x11,0xc5,0x52,0xc5,0x52,0xc5,
    0x31,0xc5,0x31,0xc5,0x52,0xc5,0x31,0xc5,0x31,0xc5,0x31,0xc5,0x52,0xc5,0x52,0xc5,
    0x32,0xc5,0x31,0xc5,0x52,0xc5,0x52,0xc5,0x31,0xbd,0x32,0xbd,0x32,0xbd,0x12,0xbd,
    0xd0,0xb4,0x90,0xac,0xf2,0xb4,0x12,0xb5,0x12,0xb5,0x32,0xb5,0x32,0xb5,0x94,0xc5,
    0xb5,0xcd,0x74,0xc5,0x8f,0xa4,0xaf,0xa4,0xd0,0xac,0xaf,0xa4,0x4e,0x94,0xed,0x8b,
    0xd0,0xac,0x73,0xc5,0xf2,0xb4,0xd1,0xb4,0x74,0xc5,0x94,0xc5,0xb4,0xcd,0x94,0xc5,
    0x94,0xc5,0x94,0xc5,0x94,0xc5,0xb5,0xcd,0x94,0xcd,0x94,0xcd,0x32,0xbd,0x52,0xc5,
    0x94,0xcd,0xbe,0xff,0xde,0xff,0xbe,0xff,0x9d,0xff,0xbe,0xff,0xde,0xff,0xbe,0xff,
    0x5b,0xf7,0x19,0xf7,0xd8,0xf6,0x97,0xee,0x56,0xe6,0x56,0xe6,0x56,0xe6,0x56,0xe6,
    0x36,0xe6,0x35,0xe6,0x35,0xde,0x35,0xde,0x35,0xe6,0x15,0xde,0x15,0xde,0x15,0xde,
    0x15,0xde,0x15,0xde,0x15,0xde,0x15,0xde,0x15,0xde,0xf5,0xdd,0xf4,0xdd,0xf4,0xdd,
    0xf4,0xdd,0xf4,0xdd,0xf4,0xdd,0xf4,0xdd,0xf4,0xdd,0xf4,0xdd,0xf4,0xdd,0xf4,0xdd,
    0xf4,0xdd,0xd4,0xd5,0xf4,0xdd,0xf4,0xd5,0xf4,0xd5,0xd4,0xd5,0xf4,0xdd,0xf4,0xd5,
    0xf4,0xd5,0xd4,0xd5,0xf4,0xd5,0xf4,0xd5,0xd4,0xd5,0xb3,0xd5,0xb4,0xd5,0xd4,0xd5,
    0x90,0xbd,0x91,0xc5,0x19,0xf7,0x5b,0xf7,0xf9,0xf6,0xb2,0xdd,0xb2,0xdd,0x92,0xd5,
    0x91,0xd5,0x71,0xcd,0x71,0xd5,0x92,0xd5,0x92,0xd5,0x92,0xd5,0x15,0xde,0xdf,0xff,
    0xbe,0xff,0xde,0xff,0x7c,0xff,0xd8,0xf6,0x97,0xee,0x76,0xee,0x76,0xee,0x97,0xee,
    0x97,0xee,0x97,0xee,0x96,0xee,0x97,0xee,0x97,0xee,0x97,0xee,0x97,0xee,0x96,0xee,
    0x76,0xee,0x76,0xee,0x76,0xee,0x76,0xee,0x96,0xee,0x96,0xee,0x76,0xee,0x76,0xee,
    0x76,0xee,0x76,0xee,0x76,0xee,0x76,0xee,0x76,0xee,0x55,0xe6,0x56,0xe6,0x56,0xe6,
    0x55,0xe6,0x56,0xe6,0x56,0xe6,0x56,0xe6,0x56,0xe6,0x56,0xe6,0x56,0xe6,0x14,0xde,
    0x92,0xd5,0xb3,0xd5,0xb3,0xd5,0xd4,0xdd,0xd3,0xd5,0xb3,0xd5,0xb3,0xd5,0x72,0xcd,
    0x31,0xc5,0x51,0xcd,0x72,0xcd,0x51,0xc5,0xb3,0xd5,0xd3,0xd5,0x93,0xd5,0x31,0xc5,
    0x31,0xc5,0x52,0xcd,0x72,0xcd,0x51,0xc5,0x6e,0xac,0xf0,0xbc,0x72,0xcd,0x72,0xcd,
    0x52,0xc5,0x52,0xcd,0x31,0xc5,0x31,0xc5,0x31,0xc5,0x31,0xc5,0x11,0xbd,0x11,0xbd,
    0x52,0xc5,0x72,0xcd,0x72,0xcd,0x52,0xc5,0x73,0xcd,0x52,0xc5,0x11,0xbd,0x11,0xbd,
    0x93,0xcd,0xd4,0xd5,0xf4,0xd5,0xb4,0xd5,0x52,0xc5,0xd0,0xb4,0xd0,0xb4,0x32,0xc5,
    0x52,0xc5,0x72,0xc5,0x73,0xc5,0x93,0xcd,0xb4,0xcd,0x93,0xcd,0xb3,0xd5,0xb4,0xd5,
    0xb4,0xd5,0xd4,0xd5,0xd4,0xd5,0x93,0xcd,0x32,0xbd,0x32,0xbd,0x33,0xbd,0xf1,0xb4,
    0x53,0xbd,0x94,0xc5,0x94,0xc5,0x94,0xcd,0x94,0xcd,0x94,0xc5,0x94,0xc5,0x94,0xcd,
    0x94,0xcd,0xb4,0xcd,0x53,0xbd,0x11,0xbd,0xfb,0xee,0xbe,0xff,0x9d,0xff,0x9d,0xff,
    0xbd,0xff,0x7c,0xff,0x3a,0xf7,0xd8,0xf6,0x96,0xee,0x97,0xee,0x56,0xe6,0x56,0xe6,
    0x56,0xe6,0x56,0xe6,0x56,0xe6,0x36,0xe6,0x36,0xe6,0x35,0xde,0x35,0xe6,0x35,0xe6,
    0x35,0xde,0x35,0xde,0x15,0xde,0x15,0xde,0x15,0xde,0x15,0xde,0x15,0xde,0x15,0xde,
    0xf4,0xdd,0x15,0xde,0x15,0xde,0xf5,0xdd,0x15,0xde,0xf4,0xdd,0xf4,0xdd,0xf4,0xdd,
    0xf4,0xdd,0xf4,0xdd,0xf4,0xdd,0xf4,0xdd,0xf4,0xdd,0xf4,0xd5,0xf4,0xdd,0xf4,0xd5,
    0xf4,0xd5,0xf4,0xd5,0xf4,0xdd,0xf4,0xd5,0xf4,0xd5,0xf4,0xd5,0xf4,0xd5,0xf4,0xd5,
    0xd4,0xd5,0xb3,0xd5,0xd4,0xd5,0xd4,0xd5,0xf3,0xcd,0x1a,0xef,0x3a,0xf7,0x3a,0xf7,
    0x5b,0xf7,0x14,0xee,0xb2,0xdd,0x92,0xd5,0x92,0xd5,0x91,0xd5,0x71,0xd5,0x92,0xd5,
    0xb2,0xd5,0xd3,0xdd,0x15,0xde,0xde,0xff,0xde,0xff,0xdf,0xff,0x9d,0xff,0xb8,0xf6,
    0x77,0xee,0x76,0xee,0x76,0xee,0x97,0xee,0x97,0xee,0x77,0xee,0x96,0xee,0x97,0xee,
    0x96,0xee,0x96,0xee,0x96,0xee,0x76,0xee,0x76,0xee,0x76,0xee,0x76,0xee,0x76,0xee,
    0x76,0xee,0x76,0xee,0x96,0xee,0x96,0xee,0x96,0xee,0x76,0xee,0x76,0xee,0x76,0xee,
    0x76,0xee,0x76,0xee,0x76,0xe6,0x56,0xe6,0x56,0xe6,0x76,0xe6,0x56,0xe6,0x56,0xe6,
    0x56,0xe6,0x56,0xe6,0x14,0xde,0xb3,0xd5,0xb3,0xd5,0xb3,0xd5,0xb3,0xd5,0xd3,0xd5,
    0xd3,0xd5,0xb3,0xd5,0xb3,0xd5,0x51,0xcd,0x51,0xc5,0x31,0xc5,0x92,0xcd,0xf4,0xd5,
    0xf4,0xd5,0x93,0xd5,0x93,0xcd,0x11,0xc5,0x51,0xcd,0x72,0xcd,0x31,0xc5,0x8e,0xb4,
    0xf0,0xbc,0xf0,0xbc,0xf0,0xbc,0x31,0xc5,0x52,0xcd,0x52,0xcd,0x93,0xcd,0xb3,0xd5,
    0x93,0xcd,0x93,0xcd,0x72,0xcd,0x72,0xcd,0x52,0xc5,0x31,0xc5,0x52,0xc5,0x72,0xcd,
    0x32,0xc5,0xf0,0xbc,0xf0,0xbc,0x31,0xc5,0x52,0xcd,0x31,0xc5,0x93,0xcd,0xd4,0xd5,
    0xf5,0xd5,0x15,0xde,0xf4,0xd5,0xb4,0xd5,0xd4,0xd5,0xd4,0xd5,0xd4,0xd5,0xb4,0xd5,
    0xb4,0xcd,0xb3,0xcd,0x93,0xcd,0x93,0xcd,0x93,0xcd,0x93,0xcd,0xb4,0xcd,0xf4,0xd5,
    0xd4,0xd5,0x52,0xbd,0xf1,0xb4,0x12,0xbd,0x33,0xbd,0x94,0xc5,0x94,0xcd,0x94,0xcd,
    0x94,0xcd,0xb5,0xcd,0x94,0xcd,0x94,0xc5,0xb4,0xcd,0xb5,0xcd,0x94,0xc5,0x11,0xbd,
    0x5c,0xf7,0xbe,0xff,0x9d,0xff,0x9d,0xff,0x5b,0xf7,0xb8,0xf6,0x75,0xee,0x76,0xee,
    0x56,0xee,0x56,0xe6,0x56,0xe6,0x56,0xe6,0x36,0xe6,0x56,0xe6,0x56,0xe6,0x56,0xe6,
    0x56,0xe6,0x35,0xde,0x35,0xde,0x35,0xe6,0x35,0xe6,0x35,0xe6,0x35,0xde,0x35,0xde,
    0x15,0xde,0x15,0xde,0x15,0xde,0x15,0xde,0xf5,0xdd,0xf4,0xdd,0xf5,0xdd,0x15,0xde,
    0x15,0xde,0xf4,0xdd,0xf4,0xdd,0xf4,0xdd,0xf4,0xdd,0xf4,0xdd,0xf4,0xdd,0xf4,0xdd,
    0xf4,0xdd,0xf4,0xdd,0xf4,0xd5,0xf4,0xdd,0xf4,0xd5,0xf4,0xd5,0xf4,0xdd,0xf4,0xdd,
    0xf4,0xd5,0xd4,0xd5,0xd4,0xd5,0xf4,0xd5,0xb3,0xd5,0xb3,0xd5,0xb3,0xd5,0xf4,0xd5,
    0x2f,0xb5,0x56,0xd6,0x5a,0xff,0x3a,0xf7,0x5b,0xf7,0xd8,0xf6,0x55,0xee,0xd3,0xdd,
    0xb2,0xd5,0x92,0xd5,0x91,0xd5,0xb3,0xd5,0x14,0xde,0x55,0xe6,0x35,0xde,0x9d,0xf7,
    0xdf,0xff,0xbe,0xff,0xbd,0xff,0xd8,0xf6,0x77,0xee,0x77,0xee,0x76,0xe6,0x97,0xee,
    0x97,0xee,0x76,0xee,0x97,0xee,0x97,0xee,0x76,0xee,0x96,0xee,0x76,0xee,0x96,0xee,
    0x76,0xee,0xb7,0xee,0xf9,0xf6,0x76,0xee,0x96,0xee,0x76,0xee,0x96,0xee,0x96,0xee,
    0x96,0xee,0x96,0xee,0x96,0xee,0x76,0xee,0x55,0xee,0x76,0xee,0x56,0xe6,0x56,0xe6,
    0x56,0xe6,0x56,0xe6,0x56,0xe6,0x56,0xe6,0x35,0xe6,0x14,0xde,0xb3,0xd5,0xb3,0xd5,
    0xb3,0xd5,0xb3,0xd5,0xb3,0xd5,0xd3,0xd5,0xd3,0xd5,0xb3,0xd5,0x72,0xcd,0x10,0xc5,
    0x51,0xcd,0xb3,0xd5,0xf4,0xdd,0xd4,0xd5,0x93,0xd5,0x92,0xcd,0x72,0xcd,0xf0,0xbc,
    0x93,0xd5,0x52,0xcd,0xcf,0xbc,0x11,0xc5,0x31,0xc5,0x31,0xc5,0x10,0xc5,0xf0,0xbc,
    0xf0,0xbc,0x51,0xc5,0x93,0xcd,0xd4,0xd5,0xd4,0xd5,0xd4,0xd5,0xd4,0xd5,0xd4,0xd5,
    0xd4,0xd5,0xb4,0xd5,0x52,0xc5,0x31,0xc5,0x72,0xcd,0x31,0xc5,0x93,0xcd,0x93,0xcd,
    0xb3,0xd5,0xd4,0xd5,0xd4,0xd5,0xf5,0xd5,0x15,0xde,0xf4,0xd5,0xb4,0xd5,0xb4,0xd5,
    0xb4,0xd5,0xd4,0xd5,0xb4,0xd5,0xb3,0xcd,0xb4,0xcd,0xb4,0xd5,0xb3,0xcd,0xb3,0xcd,
    0x93,0xcd,0x93,0xcd,0xb4,0xd5,0xb4,0xd5,0xd4,0xd5,0xf5,0xd5,0x32,0xbd,0x90,0xa4,
    0x32,0xbd,0xb4,0xcd,0x94,0xcd,0xb5,0xcd,0x74,0xc5,0xf1,0xbc,0x52,0xc5,0x11,0xbd,
    0x74,0xc5,0xd5,0xcd,0xd5,0xcd,0xb0,0xb4,0x56,0xe6,0xbd,0xff,0xbe,0xff,0x5b,0xff,
    0xb7,0xf6,0x76,0xee,0x35,0xe6,0x15,0xe6,0x14,0xde,0x14,0xde,0x15,0xde,0x35,0xe6,
    0x36,0xe6,0x56,0xe6,0x36,0xe6,0x35,0xe6,0x36,0xe6,0x36,0xe6,0x35,0xe6,0x35,0xe6,
    0x35,0xe6,0x35,0xe6,0x36,0xe6,0x35,0xde,0x35,0xde,0x15,0xde,0x15,0xde,0x15,0xde,
    0xf5,0xdd,0x15,0xde,0x15,0xde,0xf5,0xdd,0x15,0xde,0xf5,0xdd,0x15,0xde,0xf4,0xdd,
    0xf4,0xdd,0xf5,0xdd,0xf4,0xdd,0xf4,0xdd,0xf4,0xdd,0xf4,0xd5,0xf4,0xd5,0xf4,0xd5,
    0xf4,0xd5,0xf4,0xd5,0xf4,0xdd,0xf4,0xd5,0xf4,0xd5,0xd4,0xd5,0xd4,0xd5,0xd4,0xd5,
    0x93,0xcd,0xb3,0xd5,0xd4,0xd5,0xf4,0xd5,0x91,0xbd,0xd8,0xe6,0x3a,0xf7,0x3a,0xf7,
    0x5b,0xf7,0x5b,0xf7,0xbd,0xff,0x9c,0xff,0x5b,0xf7,0x3a,0xf7,0xf9,0xee,0xf8,0xf6,
    0xd8,0xf6,0x19,0xf7,0xd9,0xee,0x7c,0xf7,0xdf,0xff,0xbe,0xff,0xbe,0xff,0xd8,0xf6,
    0x97,0xee,0x77,0xee,0x76,0xee,0x76,0xee,0x77,0xee,0x76,0xee,0x97,0xee,0x97,0xee,
    0x96,0xee,0x76,0xee,0x96,0xee,0x76,0xee,0x76,0xee,0x97,0xee,0x97,0xee,0x76,0xee,
    0x76,0xee,0x76,0xee,0x96,0xee,0x96,0xee,0x96,0xee,0x96,0xee,0x96,0xee,0x76,0xee,
    0x56,0xee,0x56,0xe6,0x76,0xee,0x76,0xee,0x56,0xe6,0x56,0xe6,0x56,0xe6,0x55,0xe6,
    0xf4,0xdd,0xb3,0xd5,0xb3,0xd5,0xd3,0xd5,0xb3,0xd5,0xb3,0xd5,0xb3,0xd5,0xb3,0xd5,
    0xd3,0xd5,0xb3,0xd5,0x72,0xcd,0x93,0xd5,0xf4,0xdd,0xf4,0xdd,0xd3,0xd5,0x93,0xd5,
    0x92,0xcd,0x93,0xd5,0x11,0xc5,0x31,0xc5,0x72,0xcd,0xf0,0xbc,0x52,0xcd,0x31,0xc5,
    0x31,0xc5,0x52,0xcd,0x72,0xcd,0x93,0xcd,0x52,0xcd,0x52,0xcd,0x93,0xcd,0x93,0xcd,
    0xb3,0xd5,0xd4,0xd5,0xd4,0xd5,0xd4,0xd5,0xd4,0xd5,0xf5,0xd5,0xd4,0xd5,0x93,0xcd,
    0xb3,0xd5,0xd4,0xd5,0xf4,0xdd,0xf5,0xdd,0x15,0xde,0xf5,0xdd,0xf4,0xd5,0xf5,0xdd,
    0xf4,0xd5,0xd4,0xd5,0xd4,0xd5,0xd4,0xd5,0xd4,0xd5,0xd4,0xd5,0xb4,0xd5,0xb4,0xd5,
    0xd4,0xd5,0xb4,0xd5,0xb3,0xd5,0xb4,0xd5,0xb4,0xd5,0xd4,0xd5,0xd4,0xd5,0xb4,0xd5,
    0xd4,0xd5,0xb4,0xd5,0xd4,0xd5,0x52,0xc5,0xb0,0xac,0x94,0xcd,0xf6,0xd5,0x94,0xc5,
    0x31,0xbd,0x36,0xde,0xb8,0xee,0x56,0xe6,0xb4,0xcd,0x53,0xc5,0x94,0xc5,0xb0,0xac,
    0xd3,0xdd,0x1a,0xf7,0xbe,0xff,0xd8,0xf6,0x56,0xe6,0x35,0xe6,0x15,0xde,0x14,0xde,
    0xf4,0xdd,0x14,0xde,0x14,0xde,0x14,0xde,0x15,0xde,0x36,0xe6,0x15,0xde,0x15,0xde,
    0x15,0xde,0x15,0xde,0x15,0xde,0x15,0xde,0x35,0xde,0x15,0xde,0x15,0xde,0x15,0xde,
    0x15,0xde,0x15,0xde,0xf4,0xdd,0xf4,0xdd,0xf4,0xdd,0x15,0xde,0x15,0xde,0x14,0xde,
    0xf4,0xdd,0xf4,0xdd,0xf4,0xdd,0xf4,0xdd,0xf4,0xdd,0xf4,0xdd,0xf4,0xdd,0xf4,0xdd,
    0xf4,0xdd,0xf4,0xd5,0xf4,0xd5,0xf4,0xdd,0xf4,0xdd,0xf4,0xdd,0xf4,0xdd,0xd4,0xd5,
    0xd4,0xd5,0xd4,0xd5,0xf4,0xd5,0xb3,0xd5,0x92,0xcd,0xb3,0xd5,0xd4,0xd5,0xd4,0xd5,
    0x5b,0xf7,0x5b,0xf7,0x3b,0xf7,0x5b,0xf7,0x5b,0xf7,0x3a,0xf7,0x9c,0xff,0xde,0xff,
    0xde,0xff,0xde,0xff,0xdd,0xff,0x9c,0xff,0x7b,0xff,0x5a,0xf7,0xf9,0xf6,0xda,0xee,
    0xdf,0xff,0xbe,0xff,0xbe,0xff,0x3a,0xf7,0x97,0xee,0x97,0xee,0x77,0xee,0x76,0xee,
    0x76,0xe6,0x77,0xee,0x97,0xee,0x96,0xee,0x96,0xee,0x96,0xee,0x76,0xee,0x76,0xee,
    0x96,0xee,0x76,0xee,0x76,0xee,0x96,0xee,0x76,0xee,0x96,0xee,0x97,0xee,0x96,0xee,
    0x96,0xee,0x76,0xee,0x76,0xee,0x76,0xee,0x76,0xee,0x76,0xee,0x76,0xee,0x76,0xee,
    0x56,0xee,0x56,0xe6,0x56,0xe6,0x15,0xde,0xd3,0xd5,0xd3,0xd5,0xb3,0xd5,0xb3,0xd5,
    0xb3,0xd5,0x92,0xd5,0x92,0xd5,0xb3,0xd5,0xd4,0xd5,0xf4,0xdd,0xf4,0xdd,0xf4,0xdd,
    0xf4,0xdd,0xd4,0xd5,0x93,0xd5,0x92,0xd5,0xb3,0xd5,0xb3,0xd5,0x10,0xc5,0x31,0xc5,
    0x6e,0xac,0xcf,0xbc,0x72,0xcd,0x51,0xcd,0x52,0xcd,0x93,0xcd,0x93,0xd5,0xb3,0xd5,
    0xd4,0xd5,0xb3,0xd5,0x72,0xcd,0x93,0xcd,0xb3,0xd5,0x93,0xd5,0xd4,0xd5,0xf4,0xd5,
    0xf4,0xd5,0xf5,0xd5,0x15,0xde,0xf4,0xd5,0xd4,0xd5,0x15,0xde,0x15,0xde,0x36,0xde,
    0x36,0xde,0x15,0xde,0xf5,0xdd,0xf4,0xd5,0xf4,0xd5,0xf5,0xdd,0xd4,0xd5,0xd4,0xd5,
    0xd4,0xd5,0xb4,0xd5,0xd4,0xd5,0xb4,0xd5,0xb4,0xd5,0xb4,0xd5,0xd4,0xd5,0xf5,0xd5,
    0xf4,0xd5,0xb4,0xd5,0x72,0xcd,0x72,0xcd,0xb3,0xd5,0xb4,0xd5,0x93,0xcd,0xb3,0xcd,
    0x73,0xc5,0x32,0xbd,0xf1,0xb4,0x31,0xbd,0xd9,0xee,0xb8,0xee,0x98,0xe6,0x5b,0xf7,
    0xfa,0xee,0xb4,0xd5,0x4e,0xa4,0x8f,0xac,0xd4,0xdd,0x97,0xee,0xbd,0xff,0x77,0xee,
    0x35,0xe6,0x35,0xe6,0x15,0xe6,0x15,0xe6,0x15,0xde,0x15,0xe6,0x14,0xde,0xf4,0xdd,
    0xf4,0xdd,0x15,0xde,0x15,0xde,0x15,0xde,0x15,0xde,0x15,0xde,0x15,0xde,0x15,0xde,
    0x35,0xde,0x36,0xde,0x15,0xde,0x15,0xde,0x15,0xde,0xf4,0xdd,0xf4,0xdd,0xf4,0xdd,
    0xf4,0xdd,0xf5,0xdd,0x15,0xde,0xf4,0xdd,0xf4,0xdd,0xf4,0xdd,0xf4,0xdd,0xf4,0xdd,
    0xf4,0xdd,0xf4,0xdd,0xf4,0xdd,0xf4,0xdd,0xf4,0xdd,0xf4,0xdd,0xf4,0xdd,0xf4,0xdd,
    0xf4,0xdd,0xf4,0xd5,0xf4,0xdd,0xd4,0xd5,0xd4,0xd5,0xd4,0xd5,0xd4,0xd5,0xb3,0xd5,
    0x92,0xcd,0xb4,0xd5,0xd4,0xd5,0xd4,0xd5,0x7c,0xff,0x7c,0xf7,0x5b,0xf7,0x5b,0xf7,
    0x5b,0xf7,0x3b,0xf7,0x5b,0xf7,0xbd,0xff,0xbc,0xff,0xbd,0xff,0xbd,0xff,0xbd,0xff,
    0xbd,0xff,0xbd,0xff,0xbd,0xff,0x3b,0xf7,0xde,0xff,0xbe,0xff,0xbe,0xff,0x7c,0xff,
    0x97,0xee,0x97,0xee,0x77,0xee,0x77,0xee,0x76,0xe6,0x77,0xee,0x97,0xee,0x97,0xee,
    0x96,0xee,0x76,0xee,0x76,0xee,0x96,0xee,0x76,0xee,0x76,0xee,0x76,0xee,0x76,0xee,
    0x76,0xee,0x96,0xee,0x96,0xee,0x96,0xee,0x96,0xee,0x96,0xee,0x76,0xee,0x76,0xee,
    0x76,0xee,0x76,0xee,0x76,0xee,0x76,0xee,0x56,0xe6,0x56,0xe6,0x14,0xde,0xd3,0xdd,
    0xd3,0xdd,0xb3,0xd5,0xb3,0xd5,0xb3,0xd5,0xd3,0xd5,0xd4,0xdd,0xf4,0xdd,0xf4,0xdd,
    0xf4,0xdd,0xf4,0xdd,0xf4,0xdd,0xf4,0xdd,0xd4,0xd5,0xb3,0xd5,0x92,0xd5,0x93,0xd5,
    0xd3,0xd5,0x92,0xcd,0x31,0xc5,0xf0,0xbc,0x31,0xc5,0x31,0xc5,0x31,0xc5,0x31,0xc5,
    0x93,0xcd,0xb3,0xd5,0xd4,0xd5,0xd4,0xd5,0xd4,0xd5,0xd4,0xd5,0xd4,0xd5,0x72,0xcd,
    0x72,0xcd,0xd4,0xd5,0xd4,0xd5,0xd4,0xd5,0xf4,0xd5,0xd4,0xd5,0xf4,0xd5,0xf5,0xdd,
    0x15,0xde,0x15,0xde,0x15,0xde,0x16,0xde,0x16,0xde,0x36,0xde,0x15,0xde,0xf5,0xdd,
    0x15,0xde,0xf5,0xdd,0xf4,0xd5,0xd4,0xd5,0xd4,0xd5,0xd4,0xd5,0xd4,0xd5,0xd4,0xd5,
    0xd4,0xd5,0x15,0xde,0x15,0xde,0x15,0xde,0xd4,0xd5,0x72,0xcd,0x72,0xcd,0x72,0xcd,
    0x52,0xcd,0x93,0xcd,0xb4,0xd5,0xb4,0xcd,0xd4,0xd5,0x93,0xcd,0xd0,0xb4,0x97,0xe6,
    0x97,0xe6,0xd4,0xd5,0xf4,0xd5,0x15,0xde,0x56,0xe6,0xf4,0xdd,0x15,0xde,0x72,0xcd,
    0x51,0xcd,0xd4,0xdd,0x9c,0xff,0x76,0xee,0x35,0xe6,0x35,0xe6,0x35,0xe6,0x15,0xe6,
    0x15,0xde,0x35,0xde,0x15,0xde,0x15,0xde,0x15,0xde,0x15,0xde,0x15,0xde,0x15,0xde,
    0x15,0xde,0x15,0xde,0x14,0xde,0x15,0xde,0x15,0xde,0x15,0xde,0x15,0xde,0x15,0xde,
    0xf5,0xdd,0xf4,0xdd,0xf5,0xdd,0xf4,0xdd,0xf4,0xdd,0xf4,0xdd,0xf4,0xdd,0xf4,0xdd,
    0xf4,0xdd,0xf4,0xdd,0xf4,0xdd,0xf4,0xdd,0xf4,0xdd,0xf4,0xdd,0xf4,0xdd,0xf4,0xdd,
    0xf4,0xdd,0xf4,0xdd,0xf4,0xdd,0xf4,0xdd,0xf4,0xd5,0xf4,0xd5,0xf4,0xd5,0xd4,0xd5,
    0xf4,0xd5,0xd4,0xd5,0xd4,0xd5,0x93,0xcd,0xb3,0xd5,0xd4,0xd5,0xd4,0xd5,0xd4,0xd5,
    0x56,0xd6,0xd8,0xe6,0x5b,0xf7,0x7c,0xff,0x5b,0xf7,0x5b,0xf7,0x5a,0xf7,0xbc,0xff,
    0x9c,0xff,0xbd,0xff,0xbc,0xff,0xbc,0xff,0xbc,0xff,0x9c,0xff,0xbd,0xff,0x7c,0xf7,
    0x9d,0xf7,0xbe,0xff,0xbe,0xff,0x7c,0xff,0xb7,0xee,0x77,0xee,0x77,0xee,0x77,0xee,
    0x76,0xee,0x97,0xee,0x97,0xee,0x97,0xee,0x76,0xee,0x76,0xee,0x76,0xee,0x76,0xee,
    0x76,0xee,0x76,0xee,0x76,0xee,0x76,0xee,0x76,0xee,0x96,0xee,0x96,0xee,0x96,0xee,
    0x96,0xee,0x96,0xee,0x76,0xee,0x76,0xee,0x76,0xee,0x76,0xee,0x76,0xee,0x55,0xe6,
    0x55,0xe6,0x14,0xe6,0xd3,0xd5,0xd3,0xdd,0xd3,0xd5,0xd3,0xd5,0xf4,0xdd,0xf4,0xdd,
    0x14,0xde,0x15,0xde,0xf4,0xdd,0xf4,0xdd,0xf4,0xdd,0xf4,0xdd,0xf4,0xdd,0xf4,0xdd,
    0xb2,0xd5,0x92,0xd5,0x92,0xd5,0xb3,0xd5,0xd3,0xd5,0x11,0xc5,0xf0,0xbc,0x51,0xcd,
    0x51,0xcd,0x51,0xcd,0x72,0xcd,0x92,0xcd,0x72,0xcd,0x93,0xcd,0xd4,0xd5,0xf4,0xd5,
    0xf4,0xd5,0xd4,0xd5,0xd4,0xd5,0xd4,0xd5,0x93,0xcd,0x72,0xcd,0x93,0xcd,0x11,0xc5,
    0x92,0xcd,0xb3,0xd5,0xd4,0xd5,0xf5,0xdd,0x15,0xde,0x35,0xde,0x35,0xde,0x35,0xde,
    0x35,0xde,0x35,0xde,0x15,0xde,0xf5,0xdd,0xf5,0xdd,0x15,0xde,0xf4,0xd5,0xd4,0xd5,
    0xd4,0xd5,0xd4,0xd5,0xf4,0xd5,0x15,0xde,0x36,0xde,0x36,0xde,0x16,0xde,0x36,0xde,
    0xb4,0xd5,0x72,0xcd,0x92,0xcd,0x72,0xcd,0x52,0xcd,0x51,0xc5,0x52,0xc5,0x31,0xc5,
    0x32,0xc5,0x11,0xbd,0x77,0xe6,0xd9,0xee,0xb3,0xd5,0xd3,0xd5,0xf4,0xd5,0xb3,0xd5,
    0xb3,0xd5,0x3a,0xef,0x92,0xcd,0x6e,0xb4,0xd4,0xd5,0x93,0xd5,0x1a,0xef,0xd8,0xee,
    0x15,0xe6,0x15,0xde,0x14,0xde,0x15,0xe6,0x15,0xde,0x15,0xde,0x35,0xde,0x35,0xde,
    0x35,0xde,0x35,0xde,0x15,0xde,0x15,0xde,0x35,0xde,0x15,0xde,0x15,0xde,0x15,0xde,
    0x15,0xde,0xf5,0xdd,0xf5,0xdd,0xf5,0xdd,0x15,0xde,0xf5,0xdd,0xf5,0xdd,0x15,0xde,
    0xf5,0xdd,0x15,0xde,0xf5,0xdd,0xf4,0xdd,0xf4,0xdd,0xf4,0xdd,0xf4,0xdd,0xf4,0xdd,
    0xf4,0xdd,0xf4,0xd5,0xf4,0xdd,0xf4,0xd5,0xf4,0xdd,0xf4,0xdd,0xf4,0xdd,0xf4,0xdd,
    0xf4,0xdd,0xd4,0xd5,0xf4,0xd5,0xf4,0xd5,0xd4,0xd5,0xd4,0xd5,0xb3,0xd5,0x93,0xcd,
    0xd4,0xd5,0xd4,0xd5,0xd4,0xd5,0xd4,0xd5,0x91,0xbd,0x91,0xbd,0xd2,0xc5,0x3a,0xf7,
    0x5b,0xf7,0x5b,0xf7,0x1a,0xf7,0x9d,0xff,0xbd,0xff,0xbd,0xff,0xbd,0xff,0xbd,0xff,
    0xbd,0xff,0xbd,0xff,0xbd,0xff,0x7c,0xf7,0x1b,0xf7,0xdf,0xff,0xbd,0xff,0x9d,0xff,
    0xf9,0xf6,0x76,0xee,0x77,0xee,0x77,0xee,0x76,0xee,0x97,0xee,0x97,0xee,0x96,0xee,
    0x76,0xee,0x76,0xee,0x76,0xee,0x76,0xee,0x76,0xee,0x76,0xee,0x76,0xee,0x76,0xee,
    0x96,0xee,0x96,0xee,0x96,0xee,0x96,0xee,0x96,0xee,0x76,0xee,0x76,0xee,0x76,0xee,
    0x76,0xee,0x76,0xee,0x56,0xee,0x55,0xe6,0x14,0xe6,0xf4,0xdd,0xd3,0xd5,0xf4,0xdd,
    0xf4,0xdd,0x15,0xde,0x15,0xde,0x15,0xde,0x14,0xde,0x14,0xde,0xf4,0xdd,0xf4,0xdd,
    0xf4,0xdd,0xf4,0xdd,0xf4,0xdd,0xd4,0xdd,0xb3,0xd5,0x93,0xd5,0x92,0xd5,0xb3,0xd5,
    0x51,0xcd,0x2d,0xac,0x31,0xc5,0x51,0xcd,0x51,0xcd,0x51,0xcd,0xb3,0xd5,0xf4,0xd5,
    0xd4,0xd5,0xd4,0xd5,0xb3,0xd5,0xd4,0xd5,0xf4,0xdd,0xf4,0xd5,0xd4,0xd5,0xd4,0xd5,
    0xd4,0xd5,0xd4,0xd5,0x72,0xcd,0x51,0xc5,0x72,0xcd,0x72,0xcd,0xb3,0xd5,0xf5,0xdd,
    0x15,0xde,0x15,0xde,0x36,0xde,0x36,0xde,0x15,0xde,0x15,0xde,0x35,0xde,0x15,0xde,
    0xf5,0xdd,0xf4,0xdd,0xf4,0xd5,0xf4,0xd5,0xf4,0xd5,0x15,0xde,0x36,0xde,0x36,0xde,
    0x36,0xde,0x36,0xde,0x56,0xde,0x36,0xde,0xb3,0xd5,0x72,0xcd,0x51,0xcd,0x31,0xc5,
    0x52,0xcd,0x72,0xcd,0x31,0xc5,0x52,0xc5,0x31,0xc5,0xd4,0xd5,0x36,0xe6,0xf4,0xdd,
    0xb3,0xd5,0xb3,0xd5,0xb3,0xd5,0x72,0xd5,0x77,0xe6,0x7c,0xff,0x77,0xe6,0xb3,0xd5,
    0x56,0xe6,0xf5,0xdd,0x97,0xee,0x1a,0xf7,0x14,0xe6,0xf4,0xdd,0xd3,0xdd,0xf4,0xdd,
    0x35,0xde,0x35,0xde,0x15,0xde,0x35,0xde,0x15,0xde,0x15,0xde,0x15,0xde,0x15,0xde,
    0x35,0xde,0x35,0xde,0x15,0xde,0x15,0xde,0x15,0xde,0x15,0xde,0x15,0xde,0xf5,0xdd,
    0x15,0xde,0xf4,0xdd,0xf5,0xdd,0x15,0xde,0x15,0xde,0xf5,0xdd,0xf5,0xdd,0xf4,0xdd,
    0xf4,0xdd,0xf4,0xdd,0xf4,0xdd,0xf4,0xdd,0xf4,0xdd,0xf4,0xdd,0xf4,0xd5,0xf4,0xd5,
    0xf4,0xdd,0xd4,0xd5,0xd4,0xd5,0xf4,0xdd,0xd4,0xdd,0xf4,0xdd,0xf4,0xdd,0xf4,0xdd,
    0xd4,0xd5,0xd4,0xd5,0x93,0xcd,0x93,0xcd,0xd4,0xd5,0xd4,0xd5,0xd4,0xd5,0xd4,0xd5,
    0x4f,0xb5,0x50,0xbd,0x91,0xc5,0x14,0xd6,0x7c,0xff,0x5c,0xf7,0x3a,0xf7,0x9c,0xff,
    0xdd,0xff,0xbd,0xff,0xbd,0xff,0xbd,0xff,0xbd,0xff,0xbd,0xff,0x9c,0xff,0xbd,0xff,
    0xd9,0xee,0x9d,0xff,0xde,0xff,0x9d,0xff,0x19,0xf7,0x97,0xee,0x77,0xee,0x77,0xee,
    0x77,0xee,0x97,0xee,0x97,0xee,0x96,0xee,0x76,0xee,0x76,0xee,0x76,0xee,0x76,0xee,
    0x76,0xee,0x76,0xee,0x76,0xee,0x76,0xee,0x96,0xee,0x96,0xee,0x96,0xee,0x96,0xee,
    0x76,0xee,0x76,0xee,0x76,0xee,0x76,0xee,0x76,0xee,0x56,0xee,0x55,0xe6,0x14,0xe6,
    0xf4,0xdd,0x35,0xe6,0x14,0xde,0x15,0xe6,0x15,0xde,0x15,0xde,0x15,0xde,0x14,0xde,
    0x14,0xde,0x14,0xde,0xf4,0xdd,0xf4,0xdd,0xf4,0xdd,0xf4,0xdd,0xf4,0xdd,0xf4,0xdd,
    0xb3,0xd5,0xd3,0xd5,0xd3,0xd5,0xb3,0xd5,0x0d,0xac,0x8e,0xb4,0xf0,0xbc,0x31,0xc5,
    0x51,0xcd,0x93,0xd5,0xd4,0xd5,0xd4,0xd5,0xd4,0xd5,0xf4,0xd5,0xf4,0xd5,0xd4,0xd5,
    0xb3,0xd5,0xd4,0xd5,0xf4,0xd5,0xd4,0xd5,0xd4,0xd5,0xf4,0xd5,0xd4,0xd5,0x93,0xd5,
    0x92,0xcd,0x72,0xcd,0x93,0xd5,0xf4,0xdd,0x35,0xde,0x35,0xde,0x36,0xde,0x35,0xde,
    0x15,0xde,0x35,0xde,0x15,0xde,0x15,0xde,0x15,0xde,0x15,0xde,0x15,0xde,0x15,0xde,
    0x35,0xde,0x36,0xde,0x36,0xde,0x36,0xde,0x56,0xde,0x57,0xe6,0x57,0xe6,0x36,0xde,
    0xd4,0xd5,0x52,0xcd,0x52,0xc5,0xb3,0xd5,0xb4,0xd5,0xd4,0xd5,0xd4,0xd5,0x93,0xcd,
    0x72,0xcd,0x56,0xde,0x97,0xe6,0xd4,0xd5,0xb3,0xd5,0xb3,0xd5,0xb3,0xd5,0x92,0xd5,
    0x35,0xe6,0x36,0xe6,0xfa,0xee,0x77,0xe6,0xf4,0xdd,0x15,0xde,0x56,0xe6,0x7b,0xff,
    0x56,0xee,0xf4,0xdd,0xd4,0xdd,0xf4,0xdd,0x15,0xde,0x35,0xde,0x15,0xde,0x15,0xde,
    0x15,0xde,0x15,0xde,0x15,0xde,0x15,0xde,0x15,0xde,0x15,0xde,0x15,0xde,0x15,0xde,
    0x15,0xde,0x15,0xde,0x15,0xde,0xf4,0xdd,0xf4,0xdd,0xf4,0xdd,0xf4,0xdd,0x15,0xde,
    0xf5,0xdd,0xf4,0xdd,0xf5,0xdd,0xf4,0xdd,0xf4,0xdd,0xf4,0xdd,0xf4,0xdd,0xf4,0xdd,
    0xf4,0xd5,0xf4,0xdd,0xf4,0xdd,0xf4,0xd5,0xd4,0xd5,0xd4,0xd5,0xf4,0xd5,0xf4,0xdd,
    0xf4,0xdd,0xf4,0xd5,0xf4,0xd5,0xf4,0xd5,0xf4,0xd5,0xd4,0xd5,0x73,0xcd,0xb4,0xd5,
    0xd4,0xd5,0xd4,0xd5,0xd4,0xd5,0xd4,0xd5,0xb1,0xc5,0xb1,0xc5,0xb2,0xc5,0xd2,0xcd,
    0x1a,0xef,0x7c,0xff,0x5b,0xf7,0x7b,0xf7,0xdd,0xff,0xbd,0xff,0xbd,0xff,0xbd,0xff,
    0xbc,0xff,0xbd,0xff,0x9c,0xff,0xbd,0xff,0x1a,0xf7,0x3b,0xf7,0xdf,0xff,0x9d,0xff,
    0x5b,0xff,0x97,0xee,0x77,0xee,0x76,0xee,0x96,0xee,0x96,0xee,0x97,0xee,0x97,0xee,
    0x76,0xee,0x76,0xee,0x97,0xee,0x76,0xee,0x76,0xee,0x76,0xee,0x76,0xee,0x96,0xee,
    0x96,0xee,0x76,0xee,0x96,0xee,0x96,0xee,0x76,0xee,0x76,0xee,0x76,0xee,0x76,0xee,
    0x76,0xee,0x55,0xe6,0x14,0xe6,0xf4,0xdd,0x15,0xe6,0x35,0xe6,0x35,0xe6,0x15,0xde,
    0x15,0xde,0x15,0xde,0x15,0xde,0x14,0xde,0xf4,0xdd,0xf4,0xdd,0xf4,0xdd,0xf4,0xdd,
    0xf4,0xdd,0xf4,0xdd,0xf4,0xdd,0xf4,0xdd,0xf4,0xdd,0xd4,0xd5,0xd3,0xd5,0xcf,0xc4,
    0x6e,0xbc,0x72,0xcd,0xf0,0xbc,0xcf,0xbc,0x51,0xcd,0xb3,0xd5,0xd4,0xd5,0xd3,0xd5,
    0xd4,0xd5,0xf4,0xd5,0xf4,0xd5,0xf4,0xdd,0xf4,0xd5,0x93,0xcd,0x92,0xcd,0xb4,0xd5,
    0xb4,0xd5,0xf5,0xdd,0xf5,0xdd,0xd4,0xd5,0xb3,0xd5,0x72,0xcd,0x92,0xcd,0xf4,0xd5,
    0x35,0xde,0x35,0xde,0x36,0xde,0x15,0xde,0x35,0xde,0x36,0xde,0x35,0xde,0x35,0xde,
    0x36,0xde,0x15,0xde,0x35,0xde,0x36,0xde,0x56,0xe6,0x56,0xe6,0x56,0xe6,0x57,0xe6,
    0x57,0xe6,0x57,0xe6,0x57,0xde,0x36,0xde,0xb4,0xd5,0x11,0xc5,0xb4,0xd5,0xf4,0xd5,
    0xd4,0xd5,0xd4,0xd5,0x52,0xcd,0x92,0xcd,0x56,0xe6,0xfa,0xee,0x97,0xe6,0xd4,0xd5,
    0xb3,0xd5,0xd4,0xd5,0x72,0xcd,0x8f,0xb4,0xf4,0xdd,0x15,0xde,0x56,0xe6,0x77,0xe6,
    0xf4,0xdd,0xf4,0xdd,0x56,0xe6,0x7c,0xff,0xf9,0xf6,0x15,0xe6,0xf4,0xdd,0xf4,0xdd,
    0x15,0xde,0x15,0xde,0x35,0xde,0x15,0xde,0x15,0xde,0x15,0xde,0x15,0xde,0x15,0xde,
    0x15,0xde,0x15,0xde,0x15,0xde,0x15,0xde,0x15,0xde,0x15,0xde,0x15,0xde,0xf5,0xdd,
    0xf5,0xdd,0x15,0xde,0xf5,0xdd,0x15,0xde,0xf4,0xdd,0xf4,0xdd,0xf4,0xdd,0xf4,0xdd,
    0xf4,0xdd,0xf4,0xdd,0xf4,0xdd,0xf4,0xdd,0xf4,0xdd,0xf4,0xdd,0xf4,0xdd,0xf4,0xdd,
    0xf4,0xdd,0xf4,0xdd,0xf4,0xdd,0xf4,0xdd,0xf4,0xdd,0xf4,0xd5,0xf4,0xd5,0xf4,0xd5,
    0xf4,0xd5,0xb3,0xd5,0x93,0xcd,0xd4,0xd5,0xd4,0xd5,0xd4,0xd5,0xd4,0xd5,0xd4,0xd5,
    0xf3,0xcd,0xf2,0xc5,0x14,0xce,0xf3,0xcd,0xd3,0xc5,0x5b,0xf7,0x5b,0xf7,0x3a,0xf7,
    0xbd,0xff,0xbd,0xff,0xbd,0xff,0xbc,0xff,0xbc,0xff,0xbd,0xff,0xbd,0xff,0xbd,0xff,
    0x9c,0xff,0x3b,0xf7,0xde,0xff,0xbd,0xff,0x9d,0xff,0xb7,0xf6,0x76,0xee,0x76,0xee,
    0x96,0xee,0x96,0xee,0x97,0xee,0x97,0xee,0x76,0xee,0x76,0xee,0x97,0xee,0x97,0xee,
    0x76,0xee,0x76,0xee,0x76,0xee,0x76,0xee,0x96,0xee,0x76,0xee,0x76,0xee,0x76,0xee,
    0x76,0xee,0x56,0xee,0x76,0xee,0x76,0xee,0x55,0xe6,0x14,0xe6,0xf4,0xdd,0x35,0xe6,
    0x35,0xe6,0x15,0xe6,0x15,0xe6,0x15,0xde,0x15,0xde,0x15,0xde,0x15,0xde,0x15,0xde,
    0xf4,0xdd,0xf4,0xdd,0xf4,0xdd,0xf4,0xdd,0xf4,0xdd,0xf4,0xdd,0xf4,0xdd,0xf4,0xdd,
    0xd3,0xd5,0xb3,0xd5,0x10,0xc5,0xcf,0xc4,0xf0,0xc4,0x52,0xcd,0x51,0xcd,0x51,0xcd,
    0x31,0xcd,0x72,0xcd,0xb3,0xd5,0xd4,0xd5,0xd4,0xd5,0xf4,0xd5,0xf4,0xd5,0xf4,0xd5,
    0xf4,0xd5,0xf4,0xdd,0x93,0xcd,0x72,0xcd,0x93,0xd5,0xf5,0xdd,0xf5,0xdd,0xf4,0xd5,
    0xd4,0xd5,0xd3,0xd5,0x92,0xd5,0xd3,0xd5,0x15,0xde,0x36,0xde,0x36,0xde,0x15,0xde,
    0x36,0xde,0x15,0xde,0x36,0xde,0x36,0xde,0x36,0xde,0x35,0xde,0x36,0xde,0x56,0xe6,
    0x57,0xe6,0x77,0xe6,0x77,0xe6,0x77,0xe6,0x57,0xe6,0x57,0xe6,0x57,0xde,0x36,0xde,
    0x93,0xcd,0x31,0xc5,0xd4,0xd5,0xd4,0xd5,0xf4,0xd5,0xd4,0xd5,0xf4,0xd5,0x77,0xe6,
    0xd9,0xee,0x98,0xee,0x15,0xde,0xd3,0xd5,0xd4,0xd5,0xf4,0xdd,0xd0,0xbc,0xf0,0xbc,
    0x56,0xe6,0x72,0xcd,0xf4,0xd5,0x15,0xde,0xb8,0xee,0x56,0xe6,0x97,0xee,0x9d,0xff,
    0x5b,0xff,0x56,0xe6,0xf4,0xdd,0xf4,0xdd,0xf4,0xdd,0x15,0xde,0x15,0xde,0x15,0xde,
    0x15,0xde,0x15,0xde,0x15,0xde,0x15,0xde,0x15,0xde,0x15,0xde,0x15,0xde,0x15,0xde,
    0x15,0xde,0x15,0xde,0x15,0xde,0xf5,0xdd,0xf4,0xdd,0x15,0xde,0xf4,0xdd,0xf5,0xdd,
    0xf4,0xdd,0xf4,0xdd,0xf4,0xdd,0xf4,0xdd,0xf4,0xdd,0xf4,0xdd,0xf4,0xdd,0xf4,0xdd,
    0xf4,0xdd,0xf4,0xdd,0xf4,0xdd,0xd4,0xdd,0xf4,0xdd,0xf4,0xdd,0xf4,0xdd,0xf4,0xdd,
    0xf4,0xdd,0xf4,0xdd,0xf4,0xd5,0xf4,0xd5,0xd4,0xd5,0x93,0xcd,0xb3,0xd5,0xd4,0xd5,
    0xd4,0xd5,0xd4,0xd5,0xd4,0xd5,0xb3,0xd5,0x5b,0xf7,0x3a,0xef,0x7c,0xf7,0x7c,0xff,
    0x1a,0xef,0x1a,0xf7,0x5b,0xf7,0xd8,0xee,0x7b,0xf7,0xbc,0xff,0x9c,0xff,0xbc,0xff,
    0xbd,0xff,0xbc,0xff,0x9c,0xff,0x9c,0xff,0xbc,0xff,0xf9,0xf6,0x9d,0xff,0xbe,0xff,
    0xbe,0xff,0xd8,0xf6,0x56,0xee,0x76,0xee,0x96,0xee,0x96,0xee,0x97,0xee,0x97,0xee,
    0x76,0xee,0x76,0xee,0x76,0xee,0x96,0xee,0x76,0xee,0x76,0xee,0x76,0xee,0x96,0xee,
    0x96,0xee,0x96,0xee,0x76,0xee,0x76,0xee,0x76,0xee,0x76,0xee,0x56,0xee,0x35,0xe6,
    0xf4,0xe5,0x14,0xe6,0x35,0xe6,0x35,0xe6,0x35,0xe6,0x15,0xe6,0x14,0xe6,0x35,0xde,
    0x15,0xde,0x15,0xde,0x14,0xde,0xf4,0xdd,0xd3,0xd5,0xd3,0xd5,0xb3,0xd5,0xb3,0xd5,
    0xd4,0xdd,0xd4,0xdd,0xd4,0xdd,0xd3,0xd5,0x92,0xd5,0x2d,0xac,0xaf,0xc4,0xf0,0xc4,
    0x10,0xc5,0x31,0xc5,0x31,0xc5,0x52,0xcd,0xb3,0xd5,0xb3,0xd5,0x72,0xcd,0x93,0xd5,
    0xd4,0xd5,0xf4,0xd5,0xd4,0xd5,0xd4,0xd5,0xf4,0xd5,0xd4,0xd5,0x93,0xd5,0xb3,0xd5,
    0x72,0xcd,0xd4,0xd5,0xf4,0xdd,0xd4,0xd5,0xd4,0xd5,0xf4,0xd5,0xd4,0xd5,0xb3,0xd5,
    0x15,0xde,0x36,0xde,0x15,0xde,0x15,0xde,0x15,0xde,0x15,0xde,0x15,0xde,0x15,0xde,
    0x15,0xde,0x15,0xde,0x36,0xde,0x57,0xe6,0x57,0xe6,0x57,0xe6,0x57,0xe6,0x57,0xe6,
    0x57,0xe6,0x57,0xe6,0x57,0xe6,0x56,0xe6,0x93,0xcd,0xb3,0xd5,0x15,0xde,0xf4,0xdd,
    0xf4,0xd5,0x15,0xde,0xb8,0xee,0x1a,0xf7,0x1a,0xf7,0xb8,0xee,0xb3,0xd5,0x72,0xcd,
    0xb3,0xd5,0x15,0xde,0x77,0xe6,0xf4,0xdd,0x35,0xde,0x10,0xc5,0x51,0xcd,0xd4,0xdd,
    0xf4,0xdd,0xd9,0xee,0xfa,0xee,0x1a,0xf7,0x9d,0xff,0xd8,0xee,0xf4,0xdd,0xf4,0xdd,
    0xf4,0xdd,0xf4,0xdd,0x15,0xde,0x15,0xde,0x15,0xde,0x15,0xde,0x15,0xde,0x15,0xde,
    0x15,0xde,0x15,0xde,0x15,0xde,0x15,0xde,0x15,0xde,0x15,0xde,0x15,0xde,0x15,0xde,
    0xf4,0xdd,0xf4,0xdd,0xf4,0xdd,0xf4,0xdd,0xf4,0xdd,0xf4,0xdd,0xf4,0xdd,0xf4,0xdd,
    0xf4,0xdd,0xf4,0xdd,0xf4,0xdd,0xf4,0xdd,0xf4,0xdd,0xf4,0xdd,0xf4,0xdd,0xf4,0xdd,
    0xf4,0xdd,0xf4,0xdd,0xf4,0xdd,0xf4,0xdd,0xf4,0xdd,0xf4,0xdd,0xf4,0xdd,0xd4,0xd5,
    0xb4,0xd5,0x93,0xcd,0xd4,0xd5,0xd4,0xd5,0xd4,0xd5,0xd4,0xd5,0xd4,0xd5,0xb4,0xd5,
    0x5c,0xf7,0x7c,0xf7,0x5b,0xf7,0x5b,0xf7,0x5b,0xf7,0x3a,0xf7,0x3a,0xf7,0xf9,0xf6,
    0x5a,0xf7,0xbc,0xff,0x9c,0xff,0xbc,0xff,0xbd,0xff,0xbd,0xff,0x9c,0xff,0x9c,0xff,
    0xbd,0xff,0x3a,0xf7,0x3b,0xf7,0xde,0xff,0xbd,0xff,0xf9,0xf6,0x76,0xee,0x76,0xee,
    0x97,0xee,0x97,0xee,0x97,0xee,0x97,0xee,0x76,0xee,0x96,0xee,0x76,0xee,0x76,0xee,
    0x76,0xee,0x76,0xee,0x76,0xee,0x96,0xee,0x96,0xee,0x96,0xee,0x76,0xee,0x76,0xee,
    0x76,0xee,0x56,0xee,0x35,0xe6,0x14,0xe6,0x14,0xe6,0x14,0xe6,0x35,0xe6,0x35,0xe6,
    0x14,0xe6,0x35,0xe6,0x14,0xde,0x14,0xde,0xf4,0xdd,0xf4,0xdd,0xd3,0xd5,0xb2,0xd5,
    0x92,0xcd,0x72,0xcd,0x72,0xcd,0x92,0xd5,0xd4,0xdd,0xd3,0xd5,0x72,0xcd,0x31,0xc5,
    0xcf,0xbc,0x4e,0xb4,0x10,0xd5,0xaf,0xbc,0xcf,0xbc,0x10,0xc5,0x51,0xcd,0x72,0xcd,
    0xd3,0xd5,0xd4,0xd5,0xd4,0xd5,0xb3,0xd5,0x72,0xcd,0xb3,0xd5,0xd4,0xd5,0xd4,0xd5,
    0xd4,0xd5,0xd4,0xd5,0xd3,0xd5,0xf4,0xd5,0x72,0xcd,0xb3,0xd5,0xf4,0xdd,0xd4,0xd5,
    0xd4,0xd5,0xd4,0xd5,0xf4,0xd5,0xb3,0xd5,0xf4,0xdd,0x15,0xde,0x15,0xde,0x15,0xde,
    0x15,0xde,0x35,0xde,0x15,0xde,0x15,0xde,0x15,0xde,0x15,0xde,0x15,0xde,0x36,0xe6,
    0x57,0xe6,0x77,0xe6,0x57,0xe6,0x57,0xe6,0x57,0xe6,0x57,0xe6,0x57,0xe6,0x56,0xe6,
    0xd4,0xd5,0xb3,0xd5,0x35,0xde,0xf4,0xdd,0xf5,0xdd,0x56,0xe6,0x1a,0xf7,0x1a,0xf7,
    0xfa,0xf6,0x77,0xe6,0xb3,0xd5,0xb3,0xd5,0xd4,0xd5,0xf5,0xdd,0x97,0xe6,0xb8,0xee,
    0x15,0xde,0x31,0xcd,0x31,0xc5,0x92,0xd5,0xf4,0xdd,0x15,0xde,0xb8,0xee,0xf9,0xee,
    0x1a,0xf7,0xf9,0xf6,0xf4,0xdd,0xf4,0xdd,0xf4,0xdd,0xf4,0xdd,0x15,0xde,0x15,0xde,
    0x15,0xde,0x15,0xde,0x15,0xde,0x15,0xde,0x15,0xde,0x15,0xde,0x15,0xde,0x15,0xde,
    0x15,0xde,0x15,0xde,0x15,0xde,0xf5,0xdd,0xf4,0xdd,0xf4,0xdd,0xf4,0xdd,0xf5,0xdd,
    0xf4,0xdd,0xf4,0xdd,0xf4,0xdd,0xf4,0xdd,0xf4,0xdd,0xf4,0xdd,0xf4,0xdd,0xf4,0xdd,
    0xf4,0xdd,0xf4,0xdd,0xf4,0xdd,0xf4,0xdd,0xf4,0xdd,0xf4,0xdd,0xf4,0xdd,0xf4,0xdd,
    0xf4,0xdd,0xf4,0xd5,0xf4,0xd5,0xd4,0xd5,0x93,0xcd,0xb3,0xd5,0xd4,0xd5,0xb4,0xd5,
    0xd4,0xd5,0xd4,0xd5,0xb4,0xd5,0xb4,0xd5,0x5b,0xf7,0x5b,0xf7,0x3b,0xf7,0x3b,0xf7,
    0x5b,0xf7,0x3b,0xf7,0x5b,0xf7,0x3a,0xf7,0x3a,0xf7,0xbd,0xff,0xbd,0xff,0xbd,0xff,
    0xbd,0xff,0xbd,0xff,0xbd,0xff,0xbd,0xff,0xbd,0xff,0x9c,0xff,0xfa,0xee,0xbe,0xff,
    0xbe,0xff,0x19,0xf7,0x76,0xee,0x97,0xee,0x97,0xee,0x97,0xee,0x96,0xee,0x96,0xee,
    0x97,0xee,0x76,0xee,0x76,0xee,0x76,0xee,0x76,0xee,0x96,0xee,0x96,0xee,0x96,0xee,
    0x96,0xee,0x96,0xee,0x76,0xee,0x96,0xee,0x76,0xee,0x55,0xee,0x14,0xe6,0x14,0xe6,
    0x14,0xe6,0xf4,0xe5,0x14,0xe6,0xf4,0xdd,0x14,0xe6,0xf4,0xdd,0xf3,0xdd,0xd3,0xd5,
    0xb3,0xd5,0x92,0xd5,0x92,0xd5,0x72,0xcd,0x92,0xcd,0x72,0xcd,0x92,0xd5,0xd3,0xd5,
    0x93,0xd5,0x31,0xc5,0xf0,0xbc,0x10,0xc5,0x6e,0xb4,0xcf,0xcc,0x30,0xd5,0xcf,0xbc,
    0x10,0xc5,0xcf,0xbc,0x51,0xcd,0x72,0xcd,0xb3,0xd5,0xd3,0xd5,0xd4,0xd5,0xd4,0xd5,
    0xd3,0xd5,0x93,0xd5,0xb3,0xd5,0xd4,0xd5,0xd4,0xd5,0xd4,0xd5,0xd4,0xd5,0xf4,0xd5,
    0x92,0xcd,0xb3,0xd5,0xd4,0xdd,0xd4,0xd5,0xd4,0xd5,0xd4,0xd5,0xd4,0xd5,0xd3,0xd5,
    0xd3,0xd5,0x15,0xde,0x15,0xde,0x15,0xde,0x15,0xde,0x35,0xde,0x35,0xde,0x35,0xde,
    0x15,0xde,0x15,0xde,0x15,0xde,0x15,0xde,0x56,0xde,0x77,0xe6,0x57,0xe6,0x57,0xe6,
    0x57,0xe6,0x57,0xe6,0x77,0xe6,0x57,0xe6,0xf5,0xdd,0xd3,0xd5,0xd4,0xd5,0xd4,0xd5,
    0x36,0xde,0x35,0xde,0xd9,0xee,0x3b,0xf7,0xfa,0xf6,0x35,0xde,0xd3,0xd5,0xd4,0xd5,
    0xd4,0xd5,0xd4,0xd5,0xf5,0xdd,0x1a,0xf7,0x35,0xe6,0x31,0xcd,0x72,0xcd,0x72,0xcd,
    0xd4,0xdd,0x36,0xe6,0x36,0xe6,0x56,0xe6,0x98,0xee,0xd8,0xee,0xb3,0xd5,0xd3,0xdd,
    0xf4,0xdd,0xf4,0xdd,0xf4,0xdd,0x15,0xde,0x15,0xde,0x15,0xde,0x15,0xde,0x15,0xde,
    0x15,0xde,0x15,0xde,0x15,0xde,0x15,0xde,0x15,0xde,0x15,0xde,0x15,0xde,0x15,0xde,
    0xf5,0xdd,0x15,0xde,0xf4,0xdd,0xf4,0xdd,0xf4,0xdd,0xf4,0xdd,0xf4,0xdd,0xf4,0xdd,
    0xf4,0xdd,0xf4,0xdd,0xf4,0xdd,0xf4,0xdd,0xf4,0xdd,0xf4,0xdd,0xf4,0xdd,0xf4,0xdd,
    0xf4,0xdd,0xf4,0xdd,0xf4,0xdd,0xf4,0xdd,0xf4,0xdd,0xf4,0xdd,0xf4,0xd5,0xb3,0xd5,
    0x93,0xcd,0xd4,0xd5,0xd4,0xd5,0xd4,0xd5,0xd4,0xd5,0xd4,0xd5,0xd4,0xd5,0xb3,0xd5,
    0x5b,0xf7,0x3b,0xf7,0x3b,0xf7,0x5b,0xf7,0x5b,0xf7,0x5b,0xf7,0x5b,0xf7,0x7c,0xf7,
    0x1a,0xef,0xbd,0xff,0xbd,0xff,0x9c,0xff,0x9c,0xff,0x9c,0xff,0x7b,0xff,0x7b,0xff,
    0x7b,0xff,0x7b,0xff,0x1a,0xf7,0xbe,0xff,0xde,0xff,0x3a,0xff,0x97,0xf6,0x97,0xee,
    0xb7,0xee,0x97,0xee,0x97,0xee,0x96,0xee,0x96,0xee,0x76,0xee,0x76,0xee,0x76,0xee,
    0x96,0xee,0x96,0xee,0x96,0xee,0x96,0xee,0x96,0xee,0x96,0xee,0x76,0xee,0x96,0xee,
    0x55,0xee,0x14,0xe6,0x34,0xe6,0x35,0xe6,0x34,0xe6,0x35,0xe6,0x14,0xe6,0xf4,0xdd,
    0xd3,0xdd,0xb2,0xd5,0x92,0xd5,0x92,0xd5,0x92,0xd5,0x92,0xd5,0x92,0xd5,0x92,0xd5,
    0x92,0xd5,0x92,0xd5,0x92,0xd5,0x31,0xc5,0x10,0xbd,0x10,0xc5,0x51,0xcd,0x8f,0xb4,
    0x6e,0xbc,0x10,0xd5,0x31,0xcd,0xcf,0xbc,0x51,0xcd,0x31,0xc5,0x51,0xcd,0x51,0xcd,
    0x52,0xcd,0x92,0xd5,0xb3,0xd5,0xd4,0xd5,0xd4,0xd5,0xf4,0xd5,0xb3,0xd5,0x93,0xcd,
    0xb3,0xd5,0xd4,0xd5,0xf0,0xbc,0x51,0xcd,0x93,0xd5,0xd4,0xd5,0xd4,0xd5,0xd4,0xd5,
    0xd4,0xd5,0xd4,0xd5,0xd4,0xd5,0xd3,0xd5,0xb3,0xd5,0x15,0xde,0x36,0xde,0x35,0xde,
    0x35,0xde,0x35,0xde,0x35,0xde,0x15,0xde,0x15,0xde,0x15,0xde,0x15,0xde,0x15,0xde,
    0x35,0xde,0x56,0xe6,0x57,0xe6,0x57,0xe6,0x57,0xe6,0x57,0xe6,0x77,0xe6,0x77,0xe6,
    0x15,0xde,0xb3,0xd5,0xf4,0xd5,0x15,0xde,0x35,0xde,0x15,0xde,0x97,0xe6,0x3b,0xf7,
    0xd9,0xee,0x15,0xde,0xf4,0xd5,0xd4,0xd5,0xd4,0xd5,0xd4,0xd5,0x15,0xde,0x56,0xe6,
    0x36,0xe6,0x51,0xcd,0xd3,0xd5,0xb3,0xd5,0xb3,0xd5,0x15,0xde,0x36,0xde,0x35,0xde,
    0x15,0xde,0x97,0xee,0x77,0xe6,0xd3,0xd5,0x35,0xe6,0x36,0xe6,0x36,0xe6,0x15,0xde,
    0x15,0xde,0x15,0xde,0x14,0xde,0x15,0xde,0x15,0xde,0x15,0xde,0x15,0xde,0x15,0xde,
    0x15,0xde,0x15,0xde,0x15,0xde,0x15,0xde,0x15,0xde,0xf5,0xdd,0xf4,0xdd,0xf4,0xdd,
    0xf4,0xdd,0xf4,0xdd,0xf4,0xdd,0xf4,0xdd,0xf4,0xdd,0xf4,0xdd,0xf4,0xdd,0xf4,0xdd,
    0xf4,0xdd,0xf4,0xdd,0xf4,0xdd,0xf4,0xdd,0xf4,0xdd,0xf4,0xdd,0xf4,0xdd,0xf4,0xdd,
    0xf4,0xdd,0xf4,0xd5,0xd4,0xd5,0xb3,0xd5,0xb3,0xd5,0xd4,0xd5,0xd4,0xd5,0xd4,0xd5,
    0xb4,0xd5,0xd4,0xd5,0xd4,0xd5,0xb3,0xd5,0x5b,0xf7,0x3b,0xf7,0x3b,0xf7,0x3b,0xf7,
    0x5b,0xf7,0x5b,0xf7,0x7c,0xf7,0x9d,0xff,0x3a,0xf7,0x5b,0xf7,0xbd,0xff,0x7c,0xff,
    0x7c,0xff,0x7b,0xff,0x5a,0xff,0x7a,0xff,0x95,0xf6,0xb6,0xf6,0xd8,0xf6,0x5b,0xf7,
    0xff,0xff,0x7b,0xff,0xd8,0xf6,0xb7,0xf6,0xb7,0xf6,0xb7,0xee,0x97,0xee,0x97,0xee,
    0x96,0xee,0x96,0xee,0x76,0xee,0x96,0xee,0x96,0xee,0x96,0xee,0x96,0xee,0xb7,0xee,
    0x96,0xee,0x96,0xee,0x96,0xee,0x55,0xee,0x35,0xe6,0x14,0xe6,0x35,0xe6,0x35,0xe6,
    0x14,0xe6,0xf4,0xdd,0xd3,0xdd,0xb3,0xd5,0x92,0xd5,0x92,0xd5,0x92,0xd5,0xb3,0xd5,
    0xb3,0xd5,0xb3,0xd5,0xb3,0xd5,0x93,0xd5,0x72,0xcd,0x10,0xbd,0xaf,0xb4,0xaf,0xb4,
    0x51,0xc5,0x72,0xcd,0x10,0xbd,0x4d,0xbc,0x10,0xd5,0x31,0xd5,0x10,0xcd,0xcf,0xbc,
    0x10,0xc5,0x31,0xc5,0x51,0xcd,0x51,0xcd,0x72,0xcd,0x72,0xcd,0x72,0xcd,0x93,0xd5,
    0xd4,0xd5,0xd4,0xd5,0xd4,0xd5,0x93,0xcd,0x93,0xd5,0xd4,0xd5,0x72,0xcd,0x72,0xcd,
    0xf4,0xd5,0xd4,0xd5,0xd4,0xd5,0xd4,0xd5,0xb3,0xd5,0xd4,0xd5,0xd4,0xd5,0xd4,0xd5,
    0xb3,0xd5,0xf4,0xdd,0x15,0xde,0x36,0xde,0x36,0xde,0x35,0xde,0x15,0xde,0x15,0xde,
    0x15,0xde,0x15,0xde,0x15,0xde,0x15,0xde,0x15,0xde,0x36,0xde,0x77,0xe6,0x77,0xe6,
    0x77,0xe6,0x77,0xe6,0x77,0xe6,0x77,0xe6,0x35,0xde,0xb3,0xd5,0xf4,0xdd,0x15,0xde,
    0x15,0xde,0x15,0xde,0x36,0xe6,0x3b,0xf7,0x98,0xee,0xf4,0xdd,0xf4,0xdd,0xf4,0xdd,
    0xd4,0xd5,0xf4,0xdd,0x15,0xde,0xf4,0xdd,0xf4,0xd5,0x52,0xcd,0xd4,0xd5,0xd4,0xd5,
    0xb3,0xd5,0xd4,0xd5,0x15,0xde,0x35,0xde,0x35,0xde,0x15,0xde,0x77,0xe6,0x77,0xe6,
    0x36,0xe6,0x56,0xe6,0x35,0xde,0xf4,0xdd,0x15,0xde,0x15,0xde,0xf5,0xdd,0x15,0xde,
    0x15,0xde,0x15,0xde,0x35,0xde,0x15,0xde,0x15,0xde,0x15,0xde,0x15,0xde,0x15,0xde,
    0x15,0xde,0x15,0xde,0x15,0xde,0x15,0xde,0xf4,0xdd,0xf5,0xdd,0xf4,0xdd,0xf4,0xdd,
    0xf4,0xdd,0xf4,0xdd,0xf4,0xdd,0xf4,0xdd,0xf4,0xdd,0xf4,0xdd,0xf4,0xdd,0xf4,0xdd,
    0xf4,0xdd,0xf4,0xdd,0xf4,0xdd,0xf4,0xdd,0xf4,0xdd,0xf4,0xd5,0xd4,0xd5,0x93,0xcd,
    0xb3,0xd5,0xd4,0xd5,0xd4,0xd5,0xd4,0xd5,0xb4,0xd5,0xd4,0xd5,0xd4,0xd5,0xb3,0xd5,
    0x5b,0xf7,0x5b,0xf7,0x3b,0xf7,0x3b,0xf7,0x5b,0xf7,0x3b,0xf7,0x1a,0xf7,0xf9,0xee,
    0xd8,0xee,0x5b,0xf7,0xde,0xff,0xbd,0xff,0x9c,0xff,0xbc,0xff,0xbc,0xff,0x9c,0xff,
    0x9b,0xff,0x9c,0xff,0x9c,0xff,0x1a,0xef,0xdf,0xff,0x5b,0xff,0xf8,0xf6,0xb7,0xf6,
    0xb7,0xf6,0xb7,0xf6,0xb7,0xf6,0xb7,0xf6,0xb7,0xf6,0x97,0xee,0x96,0xee,0x96,0xee,
    0x96,0xee,0x96,0xee,0x96,0xee,0xb7,0xf6,0x96,0xee,0x96,0xee,0x75,0xee,0x55,0xee,
    0x55,0xee,0x35,0xe6,0x14,0xe6,0xf4,0xdd,0xd3,0xdd,0xb2,0xd5,0xb3,0xd5,0xb2,0xd5,
    0xb2,0xd5,0xd3,0xdd,0xf4,0xdd,0xf4,0xdd,0xd4,0xdd,0xd3,0xd5,0xb3,0xd5,0x51,0xc5,
    0xd0,0xbc,0xaf,0xb4,0xaf,0xb4,0x31,0xc5,0x31,0xc5,0x31,0xc5,0x6e,0xb4,0xcf,0xcc,
    0x31,0xd5,0x31,0xd5,0x10,0xcd,0xaf,0xbc,0x10,0xc5,0xf0,0xbc,0x51,0xcd,0x92,0xcd,
    0x72,0xcd,0x93,0xd5,0x72,0xcd,0x51,0xcd,0x72,0xcd,0x93,0xd5,0xd4,0xd5,0xd4,0xd5,
    0xb3,0xd5,0xd4,0xd5,0xf4,0xdd,0x15,0xde,0x15,0xde,0xf4,0xdd,0xd4,0xd5,0xd4,0xd5,
    0xb3,0xd5,0xd3,0xd5,0xd4,0xd5,0xd4,0xd5,0xd3,0xd5,0xd3,0xd5,0x15,0xde,0x36,0xde,
    0x36,0xde,0x36,0xde,0x15,0xde,0x15,0xde,0x15,0xde,0x15,0xde,0x15,0xde,0x35,0xde,
    0x15,0xde,0x35,0xde,0x57,0xe6,0x57,0xe6,0x57,0xe6,0x77,0xe6,0x77,0xe6,0x77,0xe6,
    0x36,0xde,0xb3,0xd5,0xd4,0xd5,0x15,0xde,0x15,0xde,0x15,0xde,0x35,0xde,0xb8,0xee,
    0x36,0xe6,0xf4,0xdd,0xf4,0xdd,0xf4,0xdd,0xf4,0xdd,0xf4,0xdd,0x15,0xde,0x15,0xde,
    0xf5,0xdd,0x93,0xd5,0xb3,0xd5,0xf4,0xd5,0xd4,0xd5,0xb3,0xd5,0xf4,0xdd,0x35,0xde,
    0x15,0xde,0x35,0xde,0x35,0xde,0x36,0xde,0x15,0xde,0xd4,0xdd,0xd3,0xd5,0xd4,0xdd,
    0xf4,0xdd,0x15,0xde,0x15,0xde,0x15,0xde,0x15,0xde,0x15,0xde,0x15,0xde,0x15,0xde,
    0x15,0xde,0x15,0xde,0x15,0xde,0x15,0xde,0x15,0xde,0x15,0xde,0xf5,0xdd,0x15,0xde,
    0x15,0xde,0x15,0xde,0x15,0xde,0xf4,0xdd,0xf4,0xdd,0xf4,0xdd,0xf4,0xdd,0xf4,0xdd,
    0xf4,0xdd,0xf4,0xdd,0xf4,0xdd,0xf4,0xdd,0xf4,0xdd,0xf4,0xdd,0xf4,0xdd,0xf4,0xdd,
    0xf4,0xdd,0xf4,0xd5,0xd4,0xd5,0xb3,0xd5,0xd4,0xd5,0xd4,0xd5,0xd4,0xd5,0xd4,0xd5,
    0xd4,0xd5,0xd4,0xd5,0xb3,0xd5,0x92,0xcd,0x1a,0xf7,0x1a,0xf7,0x3a,0xf7,0xf9,0xee,
    0xf9,0xee,0x1a,0xf7,0xf9,0xee,0x3a,0xf7,0x7b,0xf7,0xbd,0xff,0xbd,0xff,0xbd,0xff,
    0x9c,0xff,0x9c,0xff,0x9c,0xff,0x9c,0xff,0x9c,0xff,0x9b,0xff,0xbc,0xff,0x1a,0xf7,
    0x9d,0xf7,0x5b,0xff,0xd8,0xf6,0xd7,0xf6,0xb7,0xf6,0xb7,0xf6,0xb7,0xf6,0xb7,0xf6,
    0xb7,0xf6,0xb7,0xf6,0x96,0xee,0x96,0xee,0x96,0xee,0x96,0xee,0x96,0xee,0x96,0xee,
    0x96,0xee,0x76,0xee,0x55,0xee,0x55,0xee,0x14,0xe6,0xd3,0xdd,0xd3,0xdd,0xb2,0xd5,
    0xb3,0xdd,0xb2,0xd5,0xb2,0xd5,0xd3,0xdd,0xf4,0xdd,0x14,0xde,0xf4,0xdd,0xf4,0xdd,
    0xf4,0xd5,0xb3,0xd5,0x51,0xc5,0xf0,0xbc,0xf0,0xbc,0xcf,0xbc,0x31,0xc5,0x52,0xcd,
    0x72,0xcd,0x6e,0xac,0x8e,0xc4,0xcf,0xcc,0x10,0xcd,0xf0,0xcc,0xcf,0xcc,0xf0,0xc4,
    0x51,0xc5,0x51,0xcd,0x31,0xc5,0x72,0xcd,0x92,0xcd,0x92,0xcd,0x72,0xcd,0x51,0xcd,
    0x51,0xcd,0x51,0xcd,0x52,0xcd,0x31,0xc5,0x92,0xcd,0xb3,0xd5,0xf4,0xdd,0xf4,0xdd,
    0xf5,0xdd,0x15,0xde,0xf4,0xdd,0xd3,0xd5,0xb3,0xd5,0xd3,0xd5,0xd3,0xd5,0xd4,0xd5,
    0xd4,0xd5,0xd4,0xdd,0x35,0xde,0x35,0xde,0x36,0xde,0x35,0xde,0x35,0xde,0x15,0xde,
    0x15,0xde,0x15,0xde,0x15,0xde,0x15,0xde,0x15,0xde,0x15,0xde,0x56,0xe6,0x57,0xe6,
    0x57,0xe6,0x77,0xe6,0x77,0xe6,0x77,0xe6,0x56,0xe6,0xd3,0xd5,0xd3,0xd5,0x15,0xde,
    0x15,0xde,0x15,0xde,0x15,0xde,0x36,0xe6,0x15,0xde,0xf4,0xdd,0xf4,0xdd,0xf4,0xdd,
    0xd4,0xdd,0xf4,0xdd,0x35,0xde,0x15,0xde,0x15,0xde,0x15,0xde,0x93,0xd5,0xd4,0xd5,
    0xf4,0xd5,0xb3,0xd5,0xb3,0xd5,0x15,0xde,0x35,0xde,0x35,0xde,0x35,0xde,0x35,0xde,
    0x36,0xe6,0x35,0xde,0xf4,0xdd,0xd4,0xdd,0xd3,0xd5,0xf4,0xdd,0x15,0xde,0x15,0xde,
    0x15,0xde,0x15,0xde,0x15,0xde,0x15,0xde,0x15,0xde,0x15,0xde,0x15,0xde,0x15,0xde,
    0x14,0xde,0x15,0xde,0xf5,0xdd,0xf4,0xdd,0x15,0xde,0x15,0xde,0xf4,0xdd,0xf4,0xdd,
    0xf4,0xdd,0xf4,0xdd,0xf4,0xdd,0xf4,0xdd,0xf4,0xdd,0xf4,0xdd,0xf4,0xdd,0xf4,0xdd,
    0xf4,0xdd,0xf4,0xdd,0xf4,0xdd,0xf4,0xdd,0xf4,0xd5,0xd4,0xd5,0xb4,0xd5,0xd4,0xd5,
    0xf4,0xd5,0xd4,0xd5,0xd4,0xd5,0xd4,0xd5,0xd4,0xd5,0xd4,0xd5,0xb3,0xcd,0x51,0xc5,
    0x5b,0xf7,0x7c,0xf7,0x9d,0xff,0x9d,0xff,0xbd,0xff,0xbd,0xff,0xbd,0xff,0xdd,0xff,
    0xbd,0xff,0x9c,0xff,0x9c,0xff,0x9c,0xff,0x9c,0xff,0x9c,0xff,0x9c,0xff,0x9c,0xff,
    0x9c,0xff,0x9c,0xff,0x9c,0xff,0x7b,0xf7,0x1a,0xef,0x3a,0xff,0xb7,0xf6,0xb7,0xf6,
    0xb7,0xf6,0xb7,0xf6,0xb7,0xf6,0xb7,0xf6,0xb7,0xf6,0x97,0xf6,0x97,0xf6,0x96,0xee,
    0x96,0xee,0x96,0xee,0x76,0xee,0x76,0xee,0x75,0xee,0x55,0xee,0x34,0xe6,0xf3,0xe5,
    0xd3,0xdd,0xb3,0xdd,0xb3,0xdd,0xb3,0xdd,0xb3,0xd5,0xd3,0xdd,0xf4,0xdd,0x14,0xde,
    0xf4,0xdd,0xf4,0xdd,0xf4,0xdd,0xf4,0xdd,0xb3,0xd5,0x31,0xc5,0xf0,0xbc,0x10,0xc5,
    0x31,0xc5,0x52,0xcd,0x72,0xcd,0x92,0xcd,0xcf,0xbc,0x4d,0xbc,0x8e,0xc4,0x6e,0xc4,
    0xae,0xc4,0xaf,0xc4,0xcf,0xc4,0x6e,0xb4,0x31,0xc5,0xf0,0xbc,0x51,0xc5,0x52,0xcd,
    0x72,0xcd,0x72,0xcd,0x72,0xcd,0x51,0xcd,0x31,0xc5,0x51,0xcd,0x51,0xc5,0xaf,0xb4,
    0x31,0xc5,0xb3,0xd5,0xf4,0xdd,0xf4,0xdd,0x15,0xde,0xf5,0xdd,0x15,0xde,0xf4,0xdd,
    0xd3,0xd5,0xd3,0xd5,0xf4,0xd5,0xf4,0xdd,0xf4,0xdd,0xd4,0xdd,0x15,0xde,0x35,0xde,
    0x35,0xde,0x35,0xde,0x35,0xde,0x15,0xde,0x15,0xde,0x15,0xde,0x15,0xde,0x15,0xde,
    0x15,0xde,0x15,0xde,0x15,0xde,0x56,0xe6,0x77,0xe6,0x77,0xe6,0x77,0xe6,0x57,0xe6,
    0x57,0xe6,0xf4,0xd5,0xb3,0xd5,0x15,0xde,0x35,0xde,0x15,0xde,0x15,0xde,0x56,0xe6,
    0x15,0xde,0xf4,0xdd,0xf4,0xdd,0xf4,0xdd,0xd4,0xd5,0xf4,0xdd,0x36,0xe6,0x35,0xe6,
    0x15,0xde,0x35,0xde,0xf4,0xdd,0xb3,0xd5,0xd4,0xd5,0xd4,0xdd,0x93,0xd5,0xd4,0xd5,
    0x35,0xde,0x35,0xde,0x35,0xde,0x35,0xde,0x35,0xde,0x36,0xde,0x36,0xde,0x15,0xde,
    0xf4,0xdd,0xd4,0xd5,0xf4,0xdd,0x15,0xde,0x15,0xde,0x15,0xde,0x15,0xde,0xf4,0xdd,
    0xf4,0xdd,0x15,0xde,0xf4,0xdd,0xf4,0xdd,0x15,0xde,0x15,0xde,0xf4,0xdd,0xf5,0xdd,
    0x15,0xde,0x15,0xde,0x15,0xde,0x15,0xde,0x15,0xde,0xf4,0xdd,0xf4,0xdd,0xf4,0xdd,
    0xf5,0xdd,0x15,0xde,0xf4,0xdd,0xf5,0xdd,0xf4,0xdd,0xf4,0xdd,0xf4,0xdd,0xf5,0xdd,
    0xf4,0xd5,0xd4,0xd5,0xb3,0xd5,0xd4,0xd5,0xf4,0xd5,0xf4,0xd5,0xd4,0xd5,0xd4,0xd5,
    0xd4,0xd5,0x93,0xcd,0x92,0xcd,0x31,0xc5,0x7c,0xff,0x9d,0xff,0x7c,0xf7,0x9d,0xf7,
    0x7c,0xf7,0x7c,0xf7,0x7b,0xf7,0x7b,0xf7,0x7b,0xf7,0x7b,0xff,0x7b,0xff,0x9c,0xff,
    0x9c,0xff,0x9c,0xff,0x9c,0xff,0x9c,0xff,0x9c,0xff,0x9c,0xff,0x9c,0xff,0xbc,0xff,
    0xf9,0xee,0xd8,0xf6,0xb7,0xf6,0x96,0xf6,0xb7,0xf6,0xb7,0xf6,0xb7,0xf6,0xb7,0xf6,
    0xb7,0xf6,0x96,0xf6,0x96,0xf6,0x96,0xee,0x96,0xee,0x75,0xee,0x55,0xee,0x35,0xee,
    0x14,0xe6,0xd3,0xdd,0xb3,0xdd,0xb3,0xdd,0xd3,0xdd,0xd3,0xdd,0xb3,0xdd,0xd3,0xdd,
    0xf4,0xdd,0x15,0xde,0x14,0xde,0xf4,0xdd,0xf4,0xdd,0xf4,0xdd,0xf4,0xdd,0xb3,0xd5,
    0x31,0xc5,0xf0,0xbc,0x31,0xc5,0x72,0xcd,0x72,0xcd,0x52,0xc5,0x92,0xcd,0xf0,0xbc,
    0x6d,0xbc,0x8e,0xc4,0x6e,0xbc,0x6e,0xc4,0x6e,0xc4,0x6e,0xc4,0x8e,0xc4,0x4d,0xac,
    0x31,0xc5,0x10,0xc5,0x10,0xc5,0x10,0xc5,0x31,0xc5,0x51,0xcd,0x72,0xcd,0x72,0xcd,
    0x51,0xcd,0x31,0xc5,0x11,0xbd,0x10,0xc5,0x31,0xc5,0x92,0xcd,0xf4,0xdd,0x15,0xde,
    0xf4,0xdd,0xf4,0xdd,0xf4,0xdd,0x15,0xde,0xd4,0xdd,0xd4,0xd5,0xf4,0xdd,0xf4,0xdd,
    0xf4,0xdd,0xd3,0xdd,0xf4,0xdd,0x35,0xde,0x36,0xde,0x35,0xde,0x15,0xde,0x35,0xde,
    0x15,0xde,0x15,0xde,0x15,0xde,0x15,0xde,0x15,0xde,0x15,0xde,0x15,0xde,0x15,0xde,
    0x77,0xe6,0x77,0xe6,0x77,0xe6,0x77,0xe6,0x77,0xe6,0x15,0xde,0xd4,0xd5,0x15,0xde,
    0x35,0xde,0x35,0xde,0x36,0xde,0x36,0xde,0x15,0xde,0xf4,0xdd,0x15,0xde,0x15,0xde,
    0xd4,0xdd,0xf4,0xdd,0x36,0xde,0x35,0xe6,0x35,0xde,0x15,0xde,0x15,0xde,0x15,0xde,
    0xb3,0xd5,0xd4,0xd5,0xd4,0xd5,0xb3,0xd5,0xf5,0xdd,0x35,0xde,0x15,0xde,0x15,0xde,
    0x15,0xde,0x35,0xde,0x35,0xde,0x56,0xe6,0x35,0xde,0xf4,0xdd,0xf4,0xdd,0xd4,0xdd,
    0xf4,0xdd,0x15,0xde,0x15,0xde,0xf4,0xdd,0xf4,0xdd,0xf4,0xdd,0xf4,0xdd,0x15,0xde,
    0x15,0xde,0x15,0xde,0x15,0xde,0x15,0xde,0x15,0xde,0x15,0xde,0x15,0xde,0xf4,0xdd,
    0xf5,0xdd,0x14,0xde,0xf4,0xdd,0x15,0xde,0x15,0xde,0x15,0xde,0xf5,0xdd,0xf4,0xdd,
    0xf5,0xdd,0xf5,0xdd,0xf5,0xdd,0xf4,0xdd,0xf4,0xd5,0xd4,0xd5,0xd4,0xd5,0xf4,0xd5,
    0xf4,0xd5,0xf4,0xd5,0xd4,0xd5,0xd4,0xd5,0x93,0xcd,0xb3,0xd5,0x52,0xcd,0x51,0xc5,
    0xbe,0xff,0xbe,0xff,0xbe,0xff,0xbe,0xff,0xbe,0xff,0xbe,0xff,0xbe,0xff,0xbd,0xff,
    0x9d,0xff,0x7c,0xf7,0x7c,0xf7,0x5b,0xf7,0x7b,0xf7,0x7b,0xff,0x9c,0xff,0xbc,0xff,
    0x9c,0xff,0x9c,0xff,0x9c,0xff,0x9b,0xff,0x9c,0xff,0x35,0xe6,0x55,0xee,0x76,0xf6,
    0x55,0xee,0x76,0xf6,0x96,0xf6,0x96,0xf6,0xb7,0xf6,0x96,0xf6,0x75,0xee,0x55,0xee,
    0x55,0xee,0x55,0xee,0x34,0xee,0xf3,0xe5,0x92,0xdd,0xb3,0xdd,0xb3,0xdd,0xb2,0xdd,
    0xd3,0xdd,0xd3,0xdd,0xf4,0xdd,0x14,0xde,0x14,0xe6,0x14,0xde,0x14,0xde,0xf4,0xdd,
    0xf4,0xdd,0xd4,0xdd,0xb3,0xd5,0x92,0xcd,0x51,0xcd,0x72,0xcd,0x92,0xcd,0x72,0xcd,
    0x51,0xc5,0x51,0xcd,0xcc,0x9b,0x29,0x93,0x0c,0xb4,0x2d,0xbc,0x6e,0xc4,0xaf,0xcc,
    0xaf,0xcc,0xcf,0xcc,0xcf,0xcc,0x2c,0xb4,0x8e,0xb4,0xf0,0xbc,0x10,0xc5,0x31,0xc5,
    0x10,0xc5,0x31,0xc5,0x72,0xcd,0x72,0xcd,0x72,0xcd,0x52,0xcd,0x11,0xbd,0x11,0xc5,
    0x31,0xc5,0x51,0xc5,0xf4,0xdd,0x15,0xde,0xf4,0xdd,0xf4,0xdd,0xf4,0xdd,0x15,0xde,
    0xf4,0xdd,0xd4,0xdd,0xd4,0xdd,0xd4,0xdd,0xf4,0xdd,0xd3,0xdd,0xf4,0xdd,0x35,0xde,
    0x35,0xde,0x36,0xde,0x35,0xde,0x15,0xde,0x35,0xde,0x36,0xde,0x15,0xde,0x15,0xde,
    0x15,0xde,0x15,0xde,0x15,0xde,0x15,0xde,0x36,0xde,0x77,0xe6,0x77,0xe6,0x77,0xe6,
    0x77,0xe6,0x56,0xe6,0x15,0xde,0xf4,0xdd,0x36,0xde,0x36,0xde,0x35,0xde,0x15,0xde,
    0xf5,0xdd,0x15,0xde,0xf5,0xdd,0xf4,0xdd,0xf4,0xdd,0xf4,0xdd,0x36,0xe6,0x35,0xde,
    0x35,0xde,0x15,0xde,0x15,0xde,0x35,0xde,0x15,0xde,0xd4,0xd5,0xd4,0xdd,0x93,0xd5,
    0xd4,0xd5,0x15,0xde,0x15,0xde,0x35,0xde,0x35,0xde,0x35,0xe6,0x35,0xde,0x36,0xde,
    0x36,0xe6,0x36,0xe6,0x15,0xde,0xf4,0xdd,0xd3,0xd5,0xd3,0xd5,0xd4,0xdd,0xf4,0xdd,
    0xf4,0xdd,0xf4,0xdd,0x15,0xde,0x15,0xde,0x15,0xde,0xf4,0xdd,0x15,0xde,0x15,0xde,
    0x15,0xde,0x35,0xde,0x15,0xde,0x15,0xde,0x15,0xde,0x15,0xde,0x15,0xde,0x15,0xde,
    0x15,0xde,0x15,0xde,0x15,0xde,0x15,0xde,0x15,0xde,0x15,0xde,0x15,0xde,0xf4,0xd5,
    0xf4,0xd5,0xd4,0xd5,0xf5,0xd5,0xf5,0xd5,0xf5,0xdd,0xf4,0xd5,0xf4,0xd5,0xb3,0xcd,
    0xb3,0xcd,0xb3,0xd5,0x52,0xcd,0x52,0xcd,0x9c,0xff,0x7c,0xff,0x9c,0xff,0x9c,0xff,
    0x7c,0xff,0x9c,0xff,0x9d,0xff,0x9d,0xff,0x9d,0xff,0xbe,0xff,0xbe,0xff,0xbe,0xff,
    0x9d,0xff,0x7c,0xf7,0x5b,0xf7,0x3a,0xf7,0x39,0xf7,0x7a,0xff,0x7b,0xff,0x7a,0xff,
    0x7b,0xff,0x5a,0xf7,0x97,0xee,0x96,0xee,0x96,0xf6,0x55,0xee,0x34,0xee,0x34,0xee,
    0x55,0xee,0x75,0xee,0x55,0xee,0x34,0xee,0x55,0xee,0x55,0xee,0x34,0xee,0x34,0xe6,
    0x14,0xe6,0x35,0xe6,0x14,0xe6,0xf4,0xdd,0xd3,0xdd,0xd3,0xdd,0xb3,0xdd,0xd3,0xdd,
    0xd3,0xdd,0xf3,0xdd,0xd4,0xdd,0xb3,0xd5,0x92,0xd5,0x72,0xcd,0x72,0xcd,0x51,0xcd,
    0x72,0xcd,0x72,0xcd,0x72,0xcd,0x72,0xcd,0xf0,0xbc,0x6a,0x8b,0x87,0x72,0xa7,0x72,
    0xa7,0x7a,0xc7,0x7a,0xc8,0x7a,0x49,0x8b,0x29,0x8b,0x29,0x8b,0xe8,0x82,0x26,0x6a,
    0x8b,0x8b,0xf0,0xbc,0x8e,0xb4,0x10,0xc5,0x31,0xc5,0x31,0xc5,0x51,0xc5,0x72,0xcd,
    0x72,0xcd,0x72,0xcd,0x72,0xcd,0x51,0xcd,0x72,0xcd,0x51,0xcd,0x92,0xd5,0xf4,0xdd,
    0xf4,0xdd,0xf4,0xdd,0xf4,0xdd,0xf5,0xdd,0x15,0xde,0xf4,0xdd,0xd3,0xdd,0xd4,0xdd,
    0xd4,0xdd,0xd4,0xdd,0xd3,0xd5,0x15,0xde,0x15,0xde,0x35,0xde,0x36,0xde,0x15,0xde,
    0x15,0xde,0x15,0xde,0x15,0xde,0x15,0xde,0x15,0xde,0x15,0xde,0x15,0xde,0x15,0xde,
    0x15,0xde,0x36,0xe6,0x56,0xe6,0x77,0xe6,0x77,0xe6,0x56,0xe6,0x35,0xde,0xf4,0xdd,
    0x36,0xe6,0x35,0xde,0x36,0xde,0x15,0xde,0xf4,0xdd,0xf4,0xdd,0xf4,0xdd,0xf4,0xdd,
    0xf4,0xdd,0x15,0xde,0x36,0xe6,0x35,0xde,0x35,0xde,0x15,0xde,0x15,0xde,0x15,0xde,
    0x35,0xde,0x15,0xde,0xd4,0xd5,0xb3,0xd5,0x93,0xd5,0xf5,0xdd,0x15,0xde,0x15,0xde,
    0x15,0xde,0x35,0xde,0x35,0xde,0x36,0xde,0x36,0xe6,0x35,0xde,0x35,0xde,0x35,0xde,
    0x15,0xde,0xf4,0xdd,0xf4,0xdd,0x15,0xde,0x15,0xde,0x15,0xde,0x15,0xde,0x35,0xde,
    0x36,0xde,0x15,0xde,0x15,0xde,0x15,0xde,0x35,0xde,0x15,0xde,0x35,0xde,0x35,0xde,
    0x35,0xde,0x35,0xde,0x35,0xde,0x35,0xde,0x35,0xde,0x35,0xde,0x15,0xde,0x15,0xde,
    0x15,0xde,0x15,0xde,0xf5,0xdd,0xd4,0xd5,0xd4,0xd5,0xb3,0xd5,0xd4,0xd5,0xd4,0xd5,
    0xb4,0xd5,0xb4,0xd5,0x93,0xcd,0x52,0xc5,0x93,0xcd,0x52,0xc5,0x11,0xc5,0x11,0xc5,
    0x9c,0xff,0x9c,0xff,0x9c,0xff,0x9c,0xff,0x9c,0xff,0x7b,0xff,0x7c,0xff,0x7c,0xff,
    0x7d,0xff,0x7d,0xff,0x9d,0xff,0x9d,0xff,0x9d,0xff,0xbd,0xff,0xbe,0xff,0x9d,0xf7,
    0x5b,0xf7,0x3a,0xf7,0x5a,0xff,0x7b,0xff,0x9b,0xff,0x9c,0xff,0xdd,0xff,0x97,0xee,
    0x71,0xd5,0x35,0xee,0x55,0xee,0x34,0xee,0x34,0xee,0x34,0xee,0x55,0xee,0x35,0xee,
    0x34,0xee,0x34,0xe6,0x34,0xe6,0x35,0xe6,0x35,0xe6,0x55,0xee,0x55,0xee,0x55,0xee,
    0x55,0xee,0x14,0xe6,0xd3,0xdd,0x92,0xd5,0x51,0xcd,0x31,0xc5,0x72,0xcd,0x72,0xcd,
    0x72,0xd5,0x92,0xd5,0x72,0xcd,0x72,0xcd,0x51,0xcd,0x10,0xc5,0x8f,0xb4,0xcc,0x9b,
    0xe8,0x7a,0xa7,0x7a,0xe8,0x82,0x29,0x8b,0x49,0x93,0x49,0x93,0x28,0x8b,0xe8,0x82,
    0xa7,0x7a,0x87,0x72,0x66,0x6a,0x26,0x62,0x67,0x6a,0xaf,0xb4,0x8e,0xb4,0x8f,0xb4,
    0x31,0xc5,0x52,0xcd,0x31,0xc5,0x51,0xc5,0x92,0xcd,0x92,0xcd,0x72,0xcd,0x72,0xcd,
    0x93,0xd5,0x92,0xcd,0x51,0xcd,0xd4,0xd5,0xf4,0xdd,0xf4,0xdd,0xf4,0xdd,0x14,0xde,
    0x15,0xde,0x15,0xde,0xf4,0xdd,0xd3,0xdd,0xd3,0xdd,0xd4,0xdd,0xd3,0xd5,0x15,0xde,
    0x35,0xde,0x36,0xde,0x36,0xde,0x35,0xde,0x15,0xde,0x15,0xde,0x15,0xde,0x15,0xde,
    0x15,0xde,0x15,0xde,0x15,0xde,0x15,0xde,0x15,0xde,0x15,0xde,0x36,0xde,0x36,0xe6,
    0x56,0xe6,0x56,0xe6,0x56,0xe6,0xf4,0xdd,0x15,0xde,0x36,0xde,0x36,0xde,0x15,0xde,
    0xf4,0xdd,0xf4,0xdd,0xf4,0xdd,0xf4,0xdd,0xf4,0xdd,0x15,0xde,0x36,0xde,0x36,0xde,
    0x35,0xde,0x15,0xde,0xf5,0xdd,0x15,0xde,0x15,0xde,0x15,0xde,0x15,0xde,0xd4,0xd5,
    0x93,0xcd,0xb3,0xd5,0x15,0xde,0x35,0xde,0x35,0xde,0x35,0xde,0x35,0xde,0x35,0xde,
    0x35,0xde,0x35,0xde,0x35,0xde,0x35,0xde,0x36,0xde,0x35,0xde,0x36,0xde,0x36,0xde,
    0x36,0xde,0x36,0xde,0x36,0xde,0x36,0xde,0x36,0xde,0x35,0xde,0x15,0xde,0x35,0xde,
    0x35,0xde,0x35,0xde,0x35,0xde,0x35,0xde,0x35,0xde,0x15,0xde,0x15,0xde,0x15,0xde,
    0x36,0xde,0x56,0xde,0x77,0xe6,0x77,0xe6,0x97,0xe6,0xb9,0xe6,0xd9,0xee,0xd9,0xee,
    0xd9,0xee,0xb9,0xe6,0xb9,0xe6,0xb9,0xe6,0xb9,0xe6,0xd9,0xee,0xda,0xee,0xd9,0xee,
    0xd9,0xee,0xb9,0xe6,0x98,0xe6,0x78,0xde,0x9a,0xff,0x9a,0xff,0xbb,0xff,0xbb,0xff,
    0xbb,0xff,0x9a,0xff,0x9a,0xff,0x99,0xff,0x9a,0xff,0x9a,0xff,0x9b,0xff,0x9c,0xff,
    0x9d,0xff,0x9d,0xff,0x7d,0xff,0x9d,0xff,0x9d,0xff,0x9d,0xff,0x5b,0xf7,0x19,0xf7,
    0x3a,0xff,0x7b,0xff,0x7b,0xff,0x13,0xe6,0xad,0xcc,0x8d,0xbc,0x10,0xcd,0xf3,0xe5,
    0x34,0xee,0x54,0xee,0x55,0xee,0x35,0xee,0x35,0xee,0x34,0xe6,0x14,0xe6,0xf4,0xe5,
    0xf3,0xdd,0xb3,0xd5,0x31,0xcd,0xcf,0xbc,0x2d,0xa4,0x29,0x8b,0x6a,0x8b,0xcb,0x9b,
    0x2d,0xa4,0x4e,0xac,0x6e,0xac,0x4d,0xac,0x0d,0xa4,0xab,0x9b,0xcb,0x9b,0xab,0x93,
    0x49,0x8b,0x29,0x8b,0xe8,0x82,0xc8,0x7a,0xe8,0x7a,0xe8,0x82,0xe8,0x82,0x08,0x83,
    0x49,0x8b,0x49,0x8b,0x49,0x8b,0x29,0x8b,0x09,0x83,0x08,0x83,0xe8,0x7a,0xc8,0x7a,
    0x46,0x6a,0x4a,0x8b,0xf0,0xbc,0xaf,0xb4,0xcf,0xbc,0x51,0xc5,0x52,0xcd,0x31,0xc5,
    0x31,0xc5,0x72,0xcd,0x11,0xc5,0x52,0xcd,0x72,0xcd,0x92,0xd5,0x51,0xcd,0xb3,0xd5,
    0xf4,0xdd,0xf4,0xdd,0xf4,0xdd,0x15,0xde,0x15,0xde,0x15,0xde,0x15,0xde,0xf4,0xdd,
    0xd3,0xd5,0xf4,0xdd,0xd3,0xd5,0xf4,0xdd,0x36,0xde,0x35,0xde,0x35,0xde,0x36,0xde,
    0x15,0xde,0x15,0xde,0x15,0xde,0x15,0xde,0x15,0xde,0x15,0xde,0x15,0xde,0x15,0xde,
    0x15,0xde,0x15,0xde,0x36,0xde,0x36,0xde,0x56,0xe6,0x36,0xde,0x56,0xe6,0xf5,0xdd,
    0xd3,0xd5,0x15,0xde,0x36,0xde,0xf5,0xdd,0xf4,0xdd,0xf4,0xdd,0xf4,0xdd,0xf4,0xdd,
    0xf4,0xdd,0xf4,0xdd,0x36,0xde,0x35,0xde,0x35,0xde,0x15,0xde,0xf5,0xdd,0xf5,0xdd,
    0x15,0xde,0x15,0xde,0x15,0xde,0x15,0xde,0xb3,0xd5,0x92,0xcd,0xf4,0xdd,0x35,0xde,
    0x35,0xde,0x15,0xde,0x35,0xde,0x35,0xde,0x35,0xde,0x35,0xde,0x35,0xde,0x35,0xde,
    0x35,0xde,0x36,0xde,0x35,0xde,0x36,0xde,0x36,0xde,0x36,0xde,0x36,0xde,0x36,0xde,
    0x35,0xde,0x36,0xde,0x36,0xe6,0x35,0xde,0x35,0xde,0x15,0xde,0x15,0xde,0x36,0xde,
    0x77,0xe6,0x98,0xe6,0xb9,0xe6,0xd9,0xee,0xfa,0xee,0xfa,0xee,0xfa,0xee,0xfa,0xee,
    0xd9,0xee,0xb9,0xee,0xd9,0xee,0xd9,0xee,0xf9,0xee,0x1a,0xf7,0x3b,0xf7,0xfa,0xf6,
    0xd9,0xee,0xb8,0xee,0x77,0xe6,0x77,0xe6,0x97,0xe6,0x97,0xee,0xb8,0xee,0x5b,0xff,
    0xd7,0xf6,0xf7,0xf6,0x18,0xf7,0x18,0xf7,0x18,0xf7,0x18,0xf7,0x18,0xf7,0x38,0xf7,
    0x38,0xff,0x58,0xff,0x78,0xff,0x9a,0xff,0x78,0xff,0x7a,0xff,0x7c,0xff,0x9d,0xf7,
    0x7d,0xf7,0x7d,0xf7,0xbe,0xff,0xbe,0xff,0x3a,0xf7,0xf8,0xf6,0x39,0xff,0x18,0xf7,
    0x34,0xee,0x50,0xdd,0xce,0xcc,0xae,0xc4,0xce,0xc4,0xae,0xbc,0x10,0xcd,0x30,0xcd,
    0x30,0xcd,0xf0,0xc4,0xaf,0xbc,0x4d,0xb4,0xec,0xa3,0x8a,0x93,0x69,0x93,0x49,0x93,
    0x49,0x93,0x49,0x93,0x49,0x93,0x49,0x93,0x8a,0x93,0xaa,0x9b,0x8a,0x9b,0x8a,0x9b,
    0x8a,0x9b,0x6a,0x93,0x6a,0x93,0x69,0x93,0x8a,0x9b,0xaa,0x9b,0x8a,0x9b,0x8a,0x93,
    0x6a,0x93,0x49,0x8b,0x29,0x8b,0x29,0x8b,0x29,0x8b,0x49,0x8b,0x49,0x8b,0x29,0x8b,
    0xe8,0x7a,0xe8,0x7a,0x08,0x83,0x29,0x83,0x29,0x8b,0xe8,0x7a,0x29,0x8b,0x0d,0xa4,
    0x6e,0xac,0xf0,0xbc,0x72,0xcd,0x72,0xcd,0x31,0xc5,0xd0,0xbc,0x11,0xc5,0x51,0xcd,
    0x31,0xc5,0x31,0xc5,0xf0,0xbc,0x72,0xcd,0xf4,0xdd,0xf4,0xdd,0xf4,0xdd,0xf4,0xdd,
    0xf4,0xdd,0xf4,0xdd,0x15,0xde,0x15,0xde,0xf4,0xdd,0xd3,0xd5,0xb3,0xd5,0xf4,0xdd,
    0x35,0xde,0x35,0xde,0x35,0xde,0x35,0xde,0x15,0xde,0x15,0xde,0x15,0xde,0x15,0xde,
    0x15,0xde,0x35,0xde,0x15,0xde,0x15,0xde,0x15,0xde,0x15,0xde,0x15,0xde,0x35,0xde,
    0x35,0xde,0x35,0xde,0x36,0xde,0x36,0xde,0xf4,0xd5,0xf4,0xdd,0xf4,0xdd,0xf4,0xdd,
    0xf4,0xdd,0xf4,0xdd,0xf4,0xdd,0xf4,0xdd,0xf4,0xdd,0x15,0xde,0x36,0xde,0x35,0xde,
    0x35,0xde,0x35,0xde,0x15,0xde,0xf4,0xdd,0xf4,0xdd,0x15,0xde,0x35,0xde,0x35,0xde,
    0x15,0xde,0x92,0xcd,0x93,0xd5,0x15,0xde,0x15,0xde,0x35,0xde,0x36,0xe6,0x36,0xde,
    0x15,0xde,0x15,0xde,0x15,0xde,0x15,0xde,0x15,0xde,0x35,0xde,0x36,0xde,0x36,0xde,
    0x36,0xde,0x35,0xde,0x35,0xde,0x36,0xde,0x36,0xe6,0x35,0xde,0x35,0xde,0x14,0xde,
    0xf4,0xdd,0x77,0xe6,0x3b,0xef,0x1b,0xef,0xfa,0xee,0xb9,0xee,0x98,0xe6,0x57,0xe6,
    0x36,0xde,0x15,0xde,0x16,0xde,0x36,0xde,0x36,0xde,0x36,0xde,0x36,0xde,0x56,0xe6,
    0x77,0xe6,0xd9,0xee,0xfa,0xee,0xb8,0xee,0xb8,0xee,0x98,0xee,0x57,0xe6,0x36,0xde,
    0x36,0xde,0x36,0xde,0x56,0xe6,0xd8,0xee,0x5b,0xf7,0x5b,0xf7,0x7c,0xf7,0x7c,0xf7,
    0x7c,0xff,0x5b,0xff,0x5b,0xff,0x3a,0xff,0x1a,0xf7,0xf9,0xf6,0xf8,0xf6,0x17,0xf7,
    0x17,0xf7,0xf5,0xf6,0x16,0xf7,0x58,0xff,0x7b,0xff,0x9d,0xf7,0x9d,0xf7,0x9d,0xff,
    0xbe,0xff,0x7c,0xf7,0xf8,0xf6,0xf8,0xf6,0x39,0xff,0xf8,0xf6,0x75,0xf6,0xb1,0xe5,
    0x2f,0xd5,0x0f,0xd5,0xef,0xcc,0xef,0xcc,0xef,0xc4,0xef,0xc4,0xce,0xc4,0xce,0xc4,
    0xce,0xc4,0xae,0xc4,0xae,0xc4,0xae,0xbc,0x8d,0xbc,0x6d,0xb4,0x4c,0xb4,0x2c,0xac,
    0x2c,0xac,0x0c,0xac,0x0c,0xac,0xeb,0xa3,0xeb,0xa3,0xcb,0xa3,0xab,0xa3,0xcb,0xa3,
    0xcb,0xa3,0xab,0x9b,0x8a,0x9b,0x6a,0x93,0x6a,0x93,0x49,0x8b,0x49,0x8b,0x49,0x8b,
    0x6a,0x93,0xab,0x9b,0xab,0x9b,0x8a,0x93,0x4a,0x8b,0x09,0x83,0x08,0x83,0x29,0x8b,
    0x29,0x8b,0x29,0x8b,0x08,0x83,0xe8,0x7a,0xe8,0x7a,0x6a,0x8b,0x6e,0xac,0x92,0xcd,
    0x31,0xc5,0x10,0xbd,0x10,0xbd,0x72,0xcd,0x10,0xc5,0x10,0xc5,0x10,0xc5,0x51,0xcd,
    0xf4,0xdd,0x15,0xde,0x15,0xde,0xf5,0xdd,0xf5,0xdd,0xf4,0xdd,0x15,0xde,0x15,0xde,
    0x15,0xde,0xd4,0xdd,0xb3,0xd5,0xd4,0xdd,0x15,0xde,0x35,0xde,0x35,0xde,0x35,0xde,
    0x35,0xde,0x15,0xde,0x15,0xde,0x15,0xde,0x15,0xde,0x15,0xde,0x15,0xde,0x15,0xde,
    0x15,0xde,0x15,0xde,0x15,0xde,0x15,0xde,0x35,0xde,0x35,0xde,0x36,0xde,0x56,0xe6,
    0x15,0xde,0xf4,0xdd,0xf4,0xdd,0xf4,0xdd,0xf4,0xdd,0xf4,0xdd,0xf4,0xdd,0xf4,0xdd,
    0xf4,0xdd,0x15,0xde,0x35,0xe6,0x15,0xde,0x15,0xde,0x35,0xde,0x15,0xde,0xf4,0xdd,
    0x15,0xde,0xf4,0xdd,0x15,0xde,0x35,0xde,0x35,0xde,0x15,0xde,0x93,0xd5,0xd4,0xdd,
    0x15,0xde,0x36,0xde,0x35,0xde,0x36,0xde,0x35,0xde,0x15,0xde,0xf4,0xdd,0x14,0xde,
    0xf4,0xdd,0xf4,0xdd,0x15,0xde,0x15,0xde,0x15,0xde,0x15,0xde,0x15,0xde,0x35,0xde,
    0x15,0xde,0x15,0xde,0x15,0xde,0xd9,0xee,0x5c,0xf7,0x1a,0xef,0xb8,0xee,0x36,0xde,
    0x15,0xde,0x15,0xde,0xf5,0xdd,0x15,0xde,0x15,0xde,0x15,0xde,0x36,0xde,0x36,0xde,
    0x16,0xde,0x15,0xde,0x15,0xde,0x36,0xde,0x36,0xde,0x36,0xde,0x36,0xde,0x36,0xde,
    0x36,0xde,0x36,0xde,0x36,0xde,0x35,0xde,0x36,0xde,0x15,0xde,0x15,0xde,0x15,0xde,
    0x18,0xe7,0xd7,0xde,0xb7,0xde,0xb7,0xd6,0xd8,0xde,0xd8,0xde,0xf8,0xe6,0x19,0xe7,
    0x5b,0xef,0x7c,0xf7,0x7c,0xff,0x5b,0xff,0xf9,0xf6,0xd8,0xf6,0xb6,0xf6,0xd5,0xf6,
    0x16,0xf7,0x58,0xff,0x7b,0xf7,0x7d,0xf7,0x9d,0xf7,0x9d,0xff,0x9d,0xf7,0xf9,0xf6,
    0xb6,0xf6,0x18,0xf7,0x19,0xff,0x18,0xf7,0x96,0xf6,0xf3,0xed,0x91,0xdd,0x30,0xd5,
    0x0f,0xcd,0x0f,0xcd,0x0f,0xcd,0x0f,0xcd,0x0f,0xcd,0xef,0xcc,0xce,0xc4,0xcf,0xc4,
    0xae,0xbc,0xae,0xbc,0x8e,0xbc,0x8e,0xbc,0xae,0xbc,0xae,0xbc,0xae,0xbc,0x8e,0xbc,
    0x6d,0xb4,0x2c,0xac,0x0c,0xa4,0xeb,0xa3,0xeb,0xa3,0xeb,0xa3,0xeb,0xa3,0xab,0x9b,
    0xaa,0x9b,0x8a,0x9b,0x8a,0x93,0x8a,0x93,0x8a,0x93,0x6a,0x93,0x8a,0x93,0x8a,0x93,
    0x8a,0x93,0x8a,0x93,0x49,0x8b,0x29,0x8b,0x29,0x8b,0x29,0x8b,0x08,0x83,0x08,0x83,
    0x08,0x83,0xe8,0x7a,0xa7,0x72,0xec,0x9b,0x51,0xcd,0x31,0xc5,0xf0,0xbc,0x72,0xcd,
    0x51,0xc5,0x10,0xc5,0x51,0xc5,0x31,0xc5,0xb3,0xd5,0x15,0xde,0x15,0xde,0x14,0xde,
    0x15,0xde,0xf4,0xdd,0xf5,0xdd,0x15,0xde,0x15,0xde,0x15,0xde,0xd4,0xdd,0xf4,0xdd,
    0x15,0xde,0x35,0xde,0x35,0xe6,0x35,0xe6,0x35,0xde,0x15,0xde,0x15,0xde,0x35,0xde,
    0x15,0xde,0x15,0xde,0x15,0xde,0x35,0xde,0x15,0xde,0x15,0xde,0x15,0xde,0x15,0xde,
    0x15,0xde,0x35,0xde,0x36,0xde,0x36,0xe6,0x36,0xde,0xf4,0xdd,0xf4,0xdd,0xf4,0xdd,
    0xf4,0xdd,0xf4,0xdd,0xf4,0xdd,0xf4,0xdd,0xf4,0xdd,0x15,0xde,0x35,0xde,0x35,0xde,
    0x35,0xde,0x15,0xde,0x35,0xde,0xf4,0xdd,0xf4,0xdd,0xf4,0xdd,0xf4,0xdd,0x15,0xde,
    0x35,0xde,0x35,0xde,0x15,0xde,0xd3,0xd5,0xf4,0xdd,0x36,0xde,0x36,0xde,0x35,0xde,
    0x15,0xde,0x15,0xde,0xf4,0xdd,0xf4,0xdd,0xf4,0xdd,0xf4,0xdd,0xf4,0xdd,0xf4,0xdd,
    0xf4,0xdd,0xf4,0xdd,0xf4,0xdd,0xf4,0xdd,0x15,0xde,0x15,0xde,0x5c,0xf7,0x9d,0xf7,
    0x77,0xe6,0xf5,0xdd,0xf5,0xdd,0x15,0xde,0xf5,0xdd,0x15,0xde,0x15,0xde,0x15,0xde,
    0x15,0xde,0x15,0xde,0x15,0xde,0x15,0xde,0x15,0xde,0x15,0xde,0x15,0xde,0x36,0xde,
    0x36,0xde,0x36,0xde,0x56,0xde,0x36,0xde,0x36,0xde,0x15,0xde,0x15,0xde,0x15,0xde,
    0x15,0xde,0x15,0xde,0x15,0xde,0x15,0xde,0x54,0xce,0x33,0xc6,0x33,0xc6,0x13,0xc6,
    0x13,0xc6,0x13,0xc6,0xf3,0xbd,0x13,0xbe,0x14,0xc6,0x54,0xce,0x97,0xd6,0x1a,0xe7,
    0x7c,0xf7,0x7c,0xff,0x3a,0xf7,0xd7,0xee,0xb6,0xee,0xd6,0xf6,0x17,0xff,0x59,0xf7,
    0x5b,0xf7,0x7c,0xf7,0x7d,0xf7,0x9d,0xff,0x3b,0xf7,0xb7,0xf6,0x18,0xf7,0x19,0xf7,
    0x18,0xff,0xf7,0xfe,0x95,0xf6,0xf2,0xed,0x70,0xdd,0x2f,0xd5,0xee,0xcc,0xee,0xcc,
    0x0f,0xcd,0xef,0xc4,0xcf,0xc4,0xce,0xc4,0xae,0xbc,0xae,0xbc,0xae,0xbc,0xae,0xbc,
    0xae,0xbc,0xae,0xbc,0x8e,0xbc,0x8e,0xbc,0xae,0xbc,0xae,0xbc,0x8e,0xbc,0x6e,0xb4,
    0x2d,0xac,0x4d,0xac,0x0c,0xa4,0xec,0xa3,0xec,0xa3,0xcb,0x9b,0xab,0x9b,0xab,0x9b,
    0xaa,0x9b,0x8a,0x93,0xab,0x9b,0xab,0x93,0xab,0x9b,0xcb,0x9b,0xcb,0x9b,0xab,0x9b,
    0xab,0x9b,0xab,0x9b,0xab,0x9b,0xaa,0x93,0x6a,0x93,0x29,0x8b,0x08,0x83,0xa7,0x72,
    0x6a,0x8b,0xcf,0xbc,0x10,0xbd,0x72,0xcd,0x92,0xcd,0x51,0xcd,0x51,0xc5,0x51,0xcd,
    0x93,0xd5,0xf4,0xdd,0x15,0xde,0x15,0xde,0xf5,0xdd,0x15,0xde,0x15,0xde,0x15,0xde,
    0x15,0xde,0x15,0xde,0xf4,0xdd,0xf4,0xdd,0xf5,0xdd,0x35,0xde,0x35,0xde,0x36,0xe6,
    0x36,0xe6,0x15,0xde,0x15,0xde,0x15,0xde,0x15,0xde,0x15,0xde,0x35,0xde,0x15,0xde,
    0x35,0xde,0x35,0xde,0x15,0xde,0x15,0xde,0x15,0xde,0x15,0xde,0x35,0xde,0x36,0xde,
    0x36,0xe6,0x15,0xde,0xf4,0xdd,0xf4,0xdd,0xf4,0xdd,0xf4,0xdd,0xf4,0xdd,0xf4,0xdd,
    0xf4,0xdd,0x15,0xde,0x35,0xde,0x35,0xde,0x35,0xde,0x35,0xde,0x35,0xde,0x15,0xde,
    0xf4,0xdd,0xf4,0xdd,0xf4,0xdd,0xf4,0xdd,0xf4,0xdd,0x15,0xde,0x15,0xde,0xf5,0xdd,
    0xd4,0xd5,0x15,0xde,0x35,0xde,0x35,0xde,0x15,0xde,0x15,0xde,0xf4,0xdd,0xf4,0xdd,
    0xf4,0xdd,0xf4,0xdd,0xf4,0xdd,0xf4,0xdd,0xf4,0xdd,0xf4,0xd5,0xf4,0xdd,0xf4,0xdd,
    0xd4,0xdd,0xb9,0xee,0xff,0xff,0x36,0xde,0xf5,0xdd,0x15,0xde,0x15,0xde,0xf4,0xdd,
    0xf4,0xd5,0x15,0xde,0xf5,0xdd,0xf5,0xdd,0x15,0xde,0xf5,0xdd,0x15,0xde,0xf5,0xdd,
    0xf5,0xdd,0x15,0xde,0x36,0xde,0x36,0xde,0x36,0xde,0x36,0xde,0x36,0xde,0x36,0xde,
    0x35,0xde,0x15,0xde,0x15,0xde,0x15,0xde,0x15,0xde,0xf5,0xdd,0x15,0xde,0x35,0xde,
    0x34,0xc6,0x13,0xc6,0x13,0xc6,0x13,0xc6,0x13,0xc6,0x13,0xc6,0xf3,0xbd,0xf3,0xbd,
    0xf3,0xbd,0xd2,0xbd,0xd2,0xbd,0xd2,0xbd,0xf3,0xbd,0x76,0xce,0x1a,0xef,0x7c,0xff,
    0x3a,0xf7,0xd7,0xee,0xb6,0xf6,0x16,0xf7,0x37,0xf7,0x3a,0xf7,0x5c,0xf7,0x7d,0xf7,
    0xbe,0xff,0x7c,0xf7,0x97,0xee,0xb7,0xf6,0xb6,0xf6,0xb6,0xf6,0xb7,0xf6,0xd7,0xf6,
    0xd7,0xf6,0xb7,0xf6,0x75,0xee,0xd2,0xe5,0x4f,0xdd,0x2f,0xd5,0xee,0xcc,0xce,0xc4,
    0xce,0xc4,0xce,0xc4,0xce,0xbc,0xae,0xbc,0xae,0xbc,0xae,0xbc,0xae,0xbc,0x8e,0xbc,
    0x8e,0xb4,0x8e,0xb4,0x8e,0xb4,0x6e,0xb4,0x6d,0xb4,0x6e,0xac,0x4d,0xac,0x6d,0xac,
    0x6e,0xac,0x6e,0xac,0x4d,0xac,0x2c,0xa4,0xec,0xa3,0xec,0xa3,0x0c,0xa4,0x0c,0xa4,
    0x2c,0xac,0x4d,0xac,0x4d,0xac,0x4d,0xac,0x2d,0xac,0x2d,0xa4,0x0c,0xa4,0x0c,0xa4,
    0x8a,0x93,0x09,0x83,0x08,0x83,0x29,0x83,0x08,0x83,0xe8,0x7a,0xec,0x9b,0x93,0xd5,
    0x93,0xcd,0xb3,0xd5,0x93,0xcd,0xd4,0xd5,0x93,0xd5,0x93,0xd5,0xf4,0xdd,0x15,0xde,
    0xf5,0xdd,0x15,0xde,0x15,0xde,0x15,0xde,0x15,0xde,0x15,0xde,0x15,0xde,0x15,0xde,
    0xf4,0xdd,0x35,0xde,0x35,0xde,0x35,0xde,0x35,0xde,0x35,0xe6,0x15,0xde,0x15,0xde,
    0x15,0xde,0x15,0xde,0x15,0xde,0x15,0xde,0x15,0xde,0x15,0xde,0x35,0xde,0x36,0xde,
    0x35,0xde,0x35,0xde,0x36,0xde,0x36,0xde,0x36,0xe6,0x36,0xde,0xf4,0xdd,0xf4,0xdd,
    0xf4,0xdd,0xd4,0xdd,0xf4,0xdd,0xf4,0xdd,0xf4,0xdd,0x15,0xde,0x36,0xe6,0x35,0xde,
    0x35,0xde,0x15,0xde,0x36,0xde,0x15,0xde,0xf5,0xdd,0xf4,0xdd,0xf4,0xdd,0xf4,0xdd,
    0xf4,0xdd,0xf4,0xdd,0xf4,0xdd,0x15,0xde,0xf4,0xdd,0xd4,0xdd,0x15,0xde,0x35,0xde,
    0x35,0xde,0x15,0xde,0xf4,0xdd,0xf4,0xdd,0xf4,0xdd,0xf4,0xd5,0xf4,0xdd,0xf4,0xd5,
    0xf4,0xd5,0xf4,0xdd,0xd4,0xd5,0xf4,0xdd,0xd3,0xdd,0x76,0xee,0xff,0xff,0x77,0xe6,
    0xb3,0xd5,0x15,0xde,0x15,0xde,0xf5,0xdd,0xf5,0xd5,0x15,0xde,0x15,0xde,0x15,0xde,
    0x15,0xde,0xf5,0xdd,0xf5,0xd5,0xf5,0xd5,0xf5,0xd5,0xf5,0xdd,0x16,0xde,0x16,0xde,
    0x36,0xde,0x36,0xde,0x36,0xde,0x36,0xde,0x15,0xde,0x15,0xde,0x15,0xde,0x15,0xde,
    0x15,0xde,0x15,0xde,0x15,0xde,0x36,0xde,0x33,0xc6,0x13,0xc6,0x13,0xc6,0xf3,0xbd,
    0x13,0xc6,0x13,0xc6,0x13,0xc6,0xf3,0xbd,0xf2,0xbd,0xd2,0xbd,0xd2,0xbd,0xd2,0xbd,
    0xb2,0xb5,0xb1,0xb5,0x91,0xb5,0x35,0xc6,0x3b,0xef,0x9d,0xff,0x1a,0xf7,0xb6,0xee,
    0xd5,0xf6,0x16,0xf7,0x38,0xf7,0x7c,0xf7,0x7d,0xf7,0xbe,0xff,0x9d,0xf7,0xb7,0xf6,
    0xf8,0xf6,0x19,0xff,0x18,0xf7,0x19,0xff,0x19,0xf7,0x19,0xf7,0x18,0xf7,0xf7,0xfe,
    0xb5,0xf6,0x95,0xf6,0x34,0xee,0x91,0xdd,0x0e,0xcd,0xef,0xcc,0xcf,0xc4,0xef,0xc4,
    0xcf,0xbc,0xcf,0xbc,0xaf,0xbc,0xae,0xbc,0xae,0xbc,0xae,0xbc,0x8e,0xb4,0x8e,0xb4,
    0x6e,0xb4,0x6e,0xb4,0x6e,0xb4,0x6e,0xb4,0x8e,0xb4,0x8e,0xb4,0x6e,0xb4,0x4d,0xac,
    0x2c,0xac,0x2d,0xac,0x2d,0xac,0x4d,0xac,0x4d,0xac,0x4d,0xac,0x4d,0xac,0x4d,0xac,
    0x2d,0xac,0x0c,0xa4,0x0c,0xa4,0xec,0xa3,0xec,0xa3,0xab,0x93,0x49,0x8b,0x29,0x8b,
    0x49,0x8b,0x29,0x8b,0x29,0x83,0x92,0xcd,0xb3,0xd5,0xb3,0xd5,0xb3,0xd5,0xb3,0xd5,
    0x93,0xd5,0x72,0xcd,0xd4,0xd5,0x15,0xde,0x15,0xde,0x15,0xde,0x15,0xde,0x15,0xde,
    0x15,0xde,0x15,0xde,0xf5,0xdd,0x15,0xde,0xf4,0xdd,0x15,0xde,0x35,0xe6,0x35,0xe6,
    0x36,0xe6,0x36,0xde,0x15,0xde,0x15,0xde,0x15,0xde,0x15,0xde,0x15,0xde,0x15,0xde,
    0x15,0xde,0x15,0xde,0x35,0xde,0x35,0xde,0x36,0xe6,0x56,0xe6,0x36,0xe6,0x36,0xe6,
    0x36,0xe6,0x36,0xde,0x35,0xde,0xf4,0xdd,0xf4,0xdd,0xd4,0xdd,0xd4,0xdd,0xd4,0xdd,
    0xf4,0xdd,0xf4,0xdd,0x35,0xde,0x35,0xde,0x15,0xde,0x35,0xde,0x35,0xde,0x35,0xde,
    0x15,0xde,0xf5,0xdd,0xf4,0xdd,0xf4,0xdd,0xf4,0xd5,0xf4,0xdd,0xf4,0xd5,0xf4,0xdd,
    0xf4,0xdd,0xd3,0xd5,0xf4,0xdd,0x15,0xde,0x35,0xde,0x15,0xde,0xf4,0xdd,0xf4,0xdd,
    0xf4,0xdd,0xf4,0xd5,0xf4,0xdd,0xf4,0xd5,0xd4,0xd5,0xf4,0xdd,0xf4,0xdd,0xf4,0xdd,
    0xd4,0xdd,0x54,0xee,0x38,0xff,0xbe,0xff,0xd9,0xe6,0x15,0xde,0xd4,0xd5,0xf4,0xdd,
    0x15,0xde,0x15,0xde,0x15,0xde,0x15,0xde,0xf5,0xdd,0xf5,0xdd,0xf5,0xdd,0xf5,0xd5,
    0xf5,0xd5,0x15,0xde,0x36,0xde,0x36,0xde,0x36,0xde,0x36,0xde,0x36,0xde,0x15,0xde,
    0x15,0xde,0x15,0xde,0x15,0xde,0x15,0xde,0x15,0xde,0x15,0xde,0x15,0xde,0x36,0xde,
    0x13,0xc6,0x13,0xc6,0xf3,0xc5,0xf3,0xbd,0xf3,0xbd,0xf3,0xbd,0xf3,0xbd,0xf3,0xbd,
    0xf2,0xbd,0xd2,0xbd,0xd2,0xbd,0xd2,0xbd,0xd2,0xb5,0xb2,0xb5,0xb2,0xb5,0x71,0xad,
    0x91,0xb5,0x56,0xce,0x7c,0xf7,0x5c,0xf7,0xb7,0xee,0xb6,0xf6,0xd5,0xf6,0x39,0xf7,
    0x7c,0xf7,0x7d,0xf7,0x9d,0xf7,0x7d,0xf7,0xb7,0xee,0xf8,0xf6,0x39,0xff,0x5a,0xff,
    0x39,0xff,0x39,0xf7,0x39,0xf7,0x39,0xf7,0x19,0xf7,0x19,0xf7,0x3a,0xff,0x18,0xf7,
    0x96,0xf6,0x13,0xe6,0x50,0xd5,0x0f,0xcd,0xcf,0xc4,0xcf,0xbc,0xaf,0xbc,0xae,0xbc,
    0xae,0xbc,0xae,0xbc,0xae,0xbc,0x8e,0xb4,0x6e,0xb4,0x6e,0xb4,0x6e,0xb4,0x6e,0xb4,
    0x6e,0xac,0x6e,0xac,0x6e,0xac,0x6e,0xac,0x2d,0xac,0x2c,0xac,0x2c,0xac,0x4d,0xac,
    0x4d,0xac,0x4d,0xac,0x4d,0xac,0x6d,0xac,0x4d,0xac,0x2c,0xac,0x0c,0xa4,0x0c,0xa4,
    0x0c,0xa4,0x0c,0xa4,0xcb,0xa3,0x8a,0x93,0x49,0x8b,0x49,0x8b,0x08,0x83,0x6e,0xac,
    0xd3,0xd5,0x92,0xcd,0xb3,0xd5,0xb3,0xd5,0xb3,0xd5,0x72,0xcd,0xb3,0xd5,0xf5,0xdd,
    0x15,0xde,0x15,0xde,0x15,0xde,0x15,0xde,0x15,0xde,0x15,0xde,0x15,0xde,0x15,0xde,
    0xf4,0xdd,0x15,0xde,0x36,0xe6,0x35,0xde,0x35,0xde,0x36,0xde,0x35,0xde,0x15,0xde,
    0x15,0xde,0x15,0xde,0x15,0xde,0x15,0xde,0x15,0xde,0x15,0xde,0x35,0xde,0x35,0xde,
    0x36,0xe6,0x56,0xe6,0x36,0xe6,0x35,0xde,0x36,0xe6,0x35,0xde,0x35,0xde,0xf4,0xdd,
    0xf4,0xdd,0xf4,0xdd,0xf4,0xdd,0xf4,0xdd,0xf4,0xdd,0xf5,0xdd,0x36,0xde,0x15,0xde,
    0x35,0xde,0x15,0xde,0x35,0xde,0x35,0xde,0xf4,0xdd,0xf4,0xdd,0xf4,0xd5,0xf4,0xd5,
    0xf4,0xd5,0xd4,0xd5,0xf4,0xdd,0xf4,0xdd,0xd4,0xd5,0xd3,0xd5,0xd3,0xd5,0xd4,0xd5,
    0xf4,0xdd,0x15,0xde,0x15,0xde,0xf4,0xdd,0xf4,0xd5,0xf4,0xd5,0xf4,0xd5,0xf4,0xd5,
    0xf4,0xd5,0xf4,0xd5,0xf4,0xdd,0xf4,0xdd,0xd3,0xdd,0xd9,0xee,0x39,0xff,0x5a,0xff,
    0xff,0xff,0x9d,0xf7,0xda,0xee,0x36,0xde,0xf5,0xdd,0xf5,0xdd,0x15,0xde,0x15,0xde,
    0x15,0xde,0xf5,0xdd,0xf5,0xdd,0xf5,0xd5,0xf4,0xd5,0xf5,0xd5,0x36,0xde,0x36,0xde,
    0x36,0xde,0x36,0xde,0x36,0xde,0x36,0xde,0x15,0xde,0x15,0xde,0x15,0xde,0x15,0xde,
    0x15,0xde,0x36,0xde,0x36,0xde,0x56,0xe6,0x13,0xc6,0x13,0xbe,0xf3,0xbd,0xf3,0xbd,
    0xf3,0xbd,0xf3,0xbd,0xf3,0xbd,0xf2,0xbd,0xd2,0xbd,0xd2,0xbd,0xd2,0xbd,0xd2,0xb5,
    0xb2,0xb5,0xb2,0xb5,0xb2,0xb5,0xb2,0xb5,0x91,0xad,0x70,0xad,0xb2,0xb5,0xd9,0xde,
    0x7d,0xff,0xd9,0xee,0xb6,0xee,0xd5,0xf6,0x38,0xf7,0x7c,0xf7,0x7c,0xf7,0x9d,0xf7,
    0x7c,0xf7,0x77,0xe6,0xb8,0xee,0xf8,0xee,0x19,0xf7,0x39,0xff,0x39,0xff,0x39,0xff,
    0x39,0xf7,0x19,0xf7,0x19,0xf7,0x19,0xf7,0x3a,0xf7,0x39,0xff,0x18,0xff,0x96,0xee,
    0xf3,0xe5,0x50,0xd5,0x0f,0xcd,0xef,0xc4,0xcf,0xbc,0xaf,0xbc,0xaf,0xbc,0xcf,0xbc,
    0xaf,0xbc,0xae,0xbc,0x8e,0xbc,0x8e,0xb4,0x8e,0xb4,0x6e,0xb4,0x6e,0xac,0x4d,0xac,
    0x2d,0xac,0x2d,0xac,0x0c,0xac,0x2c,0xa4,0x2d,0xac,0x4d,0xac,0x4d,0xac,0x2d,0xac,
    0x2c,0xac,0x0c,0xa4,0xec,0xa3,0xeb,0xa3,0xeb,0xa3,0xec,0xa3,0x0c,0xa4,0xeb,0xa3,
    0x8a,0x93,0x49,0x8b,0x29,0x8b,0x49,0x8b,0x51,0xcd,0x92,0xd5,0x72,0xcd,0x92,0xd5,
    0xb3,0xd5,0x92,0xd5,0x92,0xd5,0xf4,0xd5,0x15,0xde,0x15,0xde,0x15,0xde,0x15,0xde,
    0x15,0xde,0x15,0xde,0x15,0xde,0x15,0xde,0x15,0xde,0x15,0xde,0x36,0xe6,0x35,0xe6,
    0x35,0xde,0x36,0xe6,0x36,0xde,0x15,0xde,0x15,0xde,0x35,0xde,0x15,0xde,0x15,0xde,
    0x15,0xde,0x35,0xde,0x35,0xde,0x15,0xde,0x15,0xde,0x15,0xde,0x35,0xde,0x35,0xde,
    0x35,0xe6,0x35,0xde,0x35,0xde,0x15,0xde,0x15,0xde,0xf4,0xdd,0xf4,0xdd,0x15,0xde,
    0xf4,0xdd,0x15,0xde,0x15,0xde,0x15,0xde,0x15,0xde,0x15,0xde,0x35,0xde,0x35,0xde,
    0xf4,0xdd,0xf4,0xd5,0xf4,0xd5,0xf4,0xd5,0xf4,0xd5,0xd4,0xd5,0xd4,0xd5,0xf4,0xd5,
    0xf4,0xd5,0xd4,0xd5,0xd3,0xd5,0xd3,0xd5,0xd4,0xd5,0xf4,0xd5,0x15,0xde,0x15,0xde,
    0xf4,0xd5,0xd4,0xd5,0xf4,0xd5,0xf4,0xd5,0xf4,0xd5,0xf4,0xd5,0xf4,0xdd,0xf5,0xdd,
    0xf4,0xdd,0xd9,0xee,0xff,0xff,0x9d,0xff,0xbd,0xff,0x7b,0xff,0x39,0xff,0x7c,0xf7,
    0x3c,0xef,0xb9,0xe6,0x37,0xde,0xf5,0xd5,0xd4,0xd5,0xd4,0xd5,0xf4,0xdd,0x15,0xde,
    0x36,0xde,0x56,0xde,0x56,0xe6,0x36,0xde,0x35,0xde,0x35,0xde,0x15,0xde,0xf5,0xdd,
    0xd4,0xd5,0xd3,0xd5,0xd3,0xd5,0xd3,0xd5,0xd4,0xdd,0xf4,0xdd,0xf4,0xdd,0x35,0xe6,
    0x13,0xbe,0x13,0xbe,0x13,0xc6,0xf3,0xbd,0xf3,0xbd,0xf2,0xbd,0xf3,0xbd,0xd2,0xbd,
    0xd2,0xbd,0xd2,0xb5,0xd2,0xb5,0xb2,0xb5,0xb2,0xb5,0xb2,0xb5,0xb2,0xb5,0x91,0xb5,
    0x91,0xb5,0x91,0xb5,0x91,0xb5,0x50,0xad,0x56,0xce,0x9d,0xff,0x1a,0xef,0xb7,0xee,
    0xb5,0xf6,0x17,0xf7,0x7c,0xf7,0x7c,0xf7,0xbe,0xff,0x5c,0xef,0x57,0xe6,0x98,0xe6,
    0x77,0xe6,0xb8,0xee,0xf8,0xf6,0x39,0xf7,0x5a,0xff,0x39,0xff,0x19,0xf7,0x19,0xf7,
    0x19,0xf7,0x39,0xf7,0x39,0xff,0x39,0xff,0x39,0xff,0xd7,0xf6,0x34,0xee,0xb1,0xe5,
    0x50,0xd5,0x50,0xd5,0x10,0xcd,0xaf,0xbc,0x8e,0xb4,0x6d,0xac,0x4d,0xac,0x4d,0xac,
    0x2d,0xac,0x4d,0xac,0x4d,0xac,0x4d,0xac,0x2c,0xac,0x2d,0xac,0x2d,0xac,0x2d,0xac,
    0x4d,0xac,0x4d,0xac,0x2c,0xac,0x2d,0xac,0x4d,0xac,0x4d,0xac,0x4d,0xac,0x2d,0xac,
    0x2d,0xac,0x4d,0xac,0x6d,0xb4,0x6d,0xb4,0x6d,0xac,0x0c,0xa4,0xcb,0x9b,0x8a,0x93,
    0xab,0x9b,0x31,0xc5,0x72,0xcd,0x51,0xcd,0x72,0xcd,0x92,0xcd,0x92,0xcd,0xb3,0xd5,
    0xd4,0xd5,0xf4,0xdd,0xf4,0xdd,0xf4,0xdd,0xf4,0xdd,0xf5,0xdd,0x15,0xde,0x15,0xde,
    0x15,0xde,0x15,0xde,0x35,0xde,0x35,0xde,0x35,0xde,0x35,0xde,0x36,0xde,0x36,0xde,
    0x15,0xde,0x35,0xde,0x35,0xde,0x15,0xde,0x15,0xde,0x15,0xde,0x15,0xde,0x15,0xde,
    0x35,0xde,0x15,0xde,0x15,0xde,0x35,0xde,0x35,0xde,0x35,0xde,0x35,0xde,0x36,0xde,
    0x36,0xde,0x15,0xde,0x15,0xde,0xf4,0xdd,0xf4,0xdd,0x15,0xde,0x15,0xde,0x15,0xde,
    0x15,0xde,0x15,0xde,0x15,0xde,0x15,0xde,0x15,0xde,0xf4,0xd5,0xf4,0xd5,0xd4,0xd5,
    0xd4,0xd5,0xd4,0xd5,0xf4,0xd5,0xf4,0xd5,0xf4,0xd5,0xd4,0xd5,0xd4,0xd5,0xd3,0xd5,
    0xd4,0xd5,0xd4,0xd5,0xf4,0xd5,0xf4,0xdd,0xf4,0xd5,0xd4,0xd5,0xd4,0xd5,0xd4,0xd5,
    0xf4,0xd5,0xf4,0xd5,0xf4,0xdd,0x15,0xde,0xd4,0xd5,0xd9,0xee,0xdf,0xff,0xbd,0xff,
    0xbd,0xff,0xb7,0xf6,0x13,0xee,0x12,0xee,0x95,0xf6,0xf8,0xf6,0x19,0xf7,0xfa,0xee,
    0xb9,0xee,0x98,0xe6,0x15,0xde,0x72,0xcd,0xf0,0xc4,0x8e,0xbc,0x8e,0xbc,0x4c,0xbc,
    0x4c,0xb4,0x2c,0xb4,0x4c,0xbc,0x2c,0xb4,0x2c,0xb4,0x2b,0xb4,0x0b,0xb4,0x0b,0xb4,
    0x0b,0xb4,0x0b,0xb4,0x2c,0xb4,0x8d,0xc4,0xf3,0xbd,0xf3,0xbd,0x13,0xbe,0xf3,0xbd,
    0xf2,0xbd,0xf2,0xbd,0xd2,0xbd,0xd2,0xbd,0xd2,0xbd,0xb2,0xb5,0xb2,0xb5,0xb2,0xb5,
    0x91,0xb5,0x91,0xb5,0x91,0xb5,0x91,0xb5,0x91,0xb5,0x91,0xad,0x91,0xb5,0x92,0xb5,
    0x50,0xa5,0x15,0xc6,0x9d,0xf7,0x1a,0xef,0xd7,0xee,0xb5,0xee,0xf8,0xf6,0x9d,0xf7,
    0x7d,0xf7,0xbe,0xff,0xfa,0xee,0x77,0xe6,0xd9,0xe6,0xb9,0xe6,0xb8,0xe6,0xb8,0xe6,
    0xd8,0xee,0xd8,0xf6,0x18,0xf7,0xf8,0xf6,0xd7,0xf6,0xd7,0xf6,0xb6,0xf6,0x34,0xee,
    0xd2,0xe5,0xb2,0xdd,0xd2,0xdd,0x91,0xdd,0x50,0xd5,0x50,0xd5,0x2f,0xd5,0x0f,0xcd,
    0x0f,0xc5,0x0f,0xcd,0xae,0xbc,0x6e,0xb4,0x6d,0xb4,0x6d,0xb4,0x4d,0xac,0x4d,0xac,
    0x4d,0xac,0x4d,0xac,0x4d,0xac,0x4d,0xac,0x2d,0xac,0x2c,0xac,0x2d,0xac,0x2d,0xac,
    0x2c,0xac,0x4d,0xac,0x4d,0xac,0x6d,0xb4,0x6d,0xb4,0x6e,0xb4,0x6d,0xb4,0x6d,0xb4,
    0x6e,0xb4,0x8e,0xb4,0x6d,0xb4,0x0c,0xa4,0x6a,0x93,0x49,0x8b,0x6e,0xac,0x51,0xcd,
    0x71,0xcd,0x72,0xcd,0x72,0xcd,0x72,0xcd,0x92,0xd5,0xb3,0xd5,0xb3,0xd5,0xd4,0xd5,
    0xf4,0xdd,0xf4,0xdd,0xf4,0xdd,0xf4,0xdd,0x15,0xde,0xf4,0xdd,0x15,0xde,0x35,0xde,
    0x35,0xde,0x35,0xde,0x36,0xe6,0x36,0xe6,0x35,0xde,0x35,0xde,0x15,0xde,0x15,0xde,
    0x15,0xde,0x15,0xde,0x15,0xde,0x15,0xde,0x15,0xde,0x15,0xde,0x15,0xde,0x15,0xde,
    0x36,0xde,0x36,0xe6,0x36,0xe6,0x36,0xde,0x36,0xde,0xf4,0xd5,0xd4,0xd5,0xd4,0xd5,
    0xd4,0xd5,0xf4,0xd5,0x15,0xde,0xf5,0xdd,0xf5,0xdd,0x15,0xde,0x15,0xde,0x15,0xde,
    0x15,0xde,0xf4,0xd5,0xd4,0xd5,0xd4,0xd5,0xd4,0xd5,0xd4,0xd5,0xd4,0xd5,0xd4,0xd5,
    0xd4,0xd5,0xd4,0xd5,0xd4,0xd5,0xd4,0xd5,0xd3,0xd5,0xd4,0xd5,0xd4,0xd5,0xd4,0xd5,
    0xf4,0xd5,0xf4,0xd5,0xd4,0xd5,0xd4,0xd5,0xf4,0xd5,0xf4,0xd5,0xf4,0xdd,0x15,0xde,
    0xf4,0xdd,0x3b,0xef,0xff,0xff,0xbe,0xff,0x9d,0xff,0xd9,0xee,0x77,0xe6,0x56,0xe6,
    0xf3,0xe5,0xd1,0xe5,0xd1,0xe5,0x70,0xd5,0x50,0xcd,0x35,0xde,0xb8,0xee,0x98,0xe6,
    0x16,0xd6,0x73,0xcd,0xd0,0xbc,0x2d,0xb4,0xaa,0xa3,0x8a,0xa3,0xaa,0xab,0xaa,0xab,
    0xaa,0xab,0x89,0xab,0x89,0xab,0xa9,0xab,0xaa,0xab,0xca,0xab,0xca,0xab,0x2b,0xbc,
    0xf3,0xbd,0xf3,0xbd,0xf2,0xbd,0xf3,0xbd,0xd2,0xbd,0xd2,0xbd,0xd2,0xbd,0xd2,0xbd,
    0xb2,0xb5,0xb2,0xb5,0xb1,0xb5,0x91,0xb5,0x91,0xb5,0x91,0xb5,0x91,0xad,0x71,0xad,
    0x71,0xad,0x71,0xad,0x71,0xad,0x71,0xad,0x92,0xad,0x30,0xa5,0xd4,0xbd,0x9d,0xf7,
    0x1a,0xef,0xd7,0xee,0x95,0xee,0x19,0xf7,0x9d,0xf7,0x7d,0xf7,0xbe,0xf7,0xb9,0xe6,
    0x98,0xe6,0xb9,0xe6,0xd9,0xee,0xd9,0xee,0xb9,0xe6,0x98,0xe6,0x56,0xe6,0x97,0xee,
    0xf8,0xf6,0xd8,0xf6,0xb7,0xf6,0x55,0xee,0xd2,0xdd,0x91,0xd5,0x71,0xd5,0x71,0xd5,
    0x71,0xd5,0x51,0xd5,0x71,0xd5,0x71,0xd5,0x71,0xd5,0x71,0xd5,0x71,0xd5,0x30,0xcd,
    0xef,0xc4,0xcf,0xbc,0xaf,0xbc,0xaf,0xbc,0xaf,0xbc,0xaf,0xbc,0x8e,0xb4,0x8e,0xb4,
    0x8e,0xb4,0x8e,0xb4,0x6d,0xb4,0x4d,0xac,0x4d,0xac,0x6d,0xb4,0x6e,0xb4,0x8e,0xb4,
    0x8e,0xb4,0xaf,0xbc,0xcf,0xbc,0xaf,0xbc,0xaf,0xbc,0xaf,0xbc,0xcf,0xbc,0xaf,0xbc,
    0x6e,0xb4,0xab,0x9b,0x6a,0x8b,0xec,0x9b,0x10,0xbd,0x92,0xcd,0x92,0xcd,0x93,0xcd,
    0x92,0xcd,0xb3,0xd5,0xb3,0xd5,0xb3,0xd5,0xd4,0xd5,0x15,0xde,0x15,0xde,0x15,0xde,
    0x15,0xde,0x15,0xde,0x15,0xde,0x36,0xde,0x36,0xe6,0x56,0xe6,0x56,0xe6,0x56,0xe6,
    0x56,0xe6,0x36,0xe6,0x35,0xde,0x35,0xde,0x35,0xde,0x35,0xde,0x15,0xde,0x35,0xde,
    0x15,0xde,0x15,0xde,0x15,0xde,0x15,0xde,0x35,0xde,0x36,0xde,0x36,0xde,0x36,0xde,
    0x36,0xde,0x15,0xde,0xb3,0xd5,0xd4,0xd5,0xf4,0xd5,0xf4,0xd5,0x15,0xde,0x15,0xde,
    0x15,0xde,0x15,0xde,0x15,0xde,0x35,0xde,0x15,0xde,0xf5,0xdd,0xf4,0xdd,0xf4,0xdd,
    0xf4,0xdd,0xf4,0xd5,0xf4,0xd5,0xf4,0xd5,0xf4,0xd5,0xf4,0xd5,0xf4,0xd5,0xf4,0xd5,
    0xf4,0xd5,0xf4,0xd5,0xf4,0xd5,0xf4,0xd5,0xf4,0xdd,0xf4,0xdd,0xd4,0xd5,0xd4,0xd5,
    0xd4,0xd5,0xd4,0xd5,0xd4,0xd5,0xd4,0xd5,0xd4,0xd5,0x7c,0xf7,0xdf,0xff,0xbe,0xff,
    0x9d,0xff,0x3b,0xf7,0x77,0xe6,0x77,0xe6,0x77,0xe6,0x56,0xe6,0x15,0xde,0xf4,0xd5,
    0x72,0xcd,0x51,0xcd,0xd2,0xdd,0xf3,0xdd,0x13,0xe6,0x34,0xe6,0x96,0xee,0xf8,0xf6,
    0x1a,0xef,0xb8,0xee,0x77,0xe6,0x77,0xde,0x36,0xde,0x93,0xd5,0x31,0xc5,0xf0,0xc4,
    0xd0,0xbc,0xcf,0xc4,0xcf,0xbc,0x8e,0xbc,0xd2,0xbd,0xf2,0xbd,0xf3,0xbd,0xf3,0xbd,
    0xd2,0xbd,0xd2,0xbd,0xd2,0xb5,0xd2,0xb5,0xd2,0xb5,0xb2,0xb5,0x91,0xb5,0x91,0xb5,
    0x91,0xad,0x71,0xad,0x91,0xad,0x71,0xad,0x71,0xad,0x71,0xad,0x71,0xad,0x71,0xad,
    0x71,0xad,0x71,0xad,0x2f,0xa5,0xf4,0xbd,0xbe,0xff,0x3b,0xf7,0xf8,0xee,0xd6,0xf6,
    0x5b,0xf7,0x9d,0xf7,0x9d,0xf7,0x7d,0xf7,0x1a,0xef,0x7c,0xf7,0x7d,0xf7,0x7d,0xf7,
    0x9d,0xff,0xbd,0xff,0x7d,0xf7,0x7d,0xf7,0xbd,0xff,0xbd,0xff,0x9d,0xff,0x9d,0xff,
    0x9d,0xff,0x9d,0xf7,0x9d,0xf7,0x9d,0xf7,0x9d,0xf7,0x7d,0xf7,0x7d,0xf7,0x7d,0xf7,
    0x7d,0xf7,0x7d,0xf7,0x7d,0xf7,0x9d,0xf7,0x7d,0xf7,0x7d,0xf7,0x7d,0xf7,0x7d,0xf7,
    0x7d,0xf7,0x7d,0xf7,0x7d,0xf7,0x7c,0xf7,0x7d,0xf7,0x7d,0xf7,0x7c,0xf7,0x5c,0xf7,
    0x5c,0xf7,0x7c,0xf7,0x7c,0xf7,0x7d,0xf7,0x7d,0xf7,0x7d,0xf7,0x9d,0xf7,0x7d,0xf7,
    0x7d,0xf7,0x7d,0xf7,0x7d,0xf7,0x7d,0xf7,0x7d,0xf7,0x5c,0xef,0x7d,0xf7,0x3c,0xef,
    0x5c,0xef,0x7d,0xf7,0x7c,0xf7,0x7d,0xf7,0x7c,0xf7,0x7c,0xf7,0x7d,0xf7,0x9d,0xf7,
    0x7d,0xf7,0x7d,0xf7,0x7d,0xf7,0x7d,0xf7,0x9d,0xf7,0x7d,0xf7,0x7d,0xf7,0x7d,0xf7,
    0x7d,0xf7,0x7d,0xf7,0x9d,0xf7,0x7d,0xf7,0x9d,0xf7,0x9d,0xf7,0x9d,0xf7,0x7d,0xf7,
    0x7d,0xf7,0x9d,0xf7,0x9d,0xf7,0x9d,0xf7,0x9d,0xf7,0x9d,0xf7,0x9d,0xf7,0x9d,0xf7,
    0x7d,0xf7,0x9d,0xf7,0x9d,0xf7,0x7d,0xf7,0x7d,0xf7,0x9d,0xf7,0x7d,0xf7,0x7d,0xf7,
    0x9d,0xf7,0x7d,0xf7,0x7d,0xf7,0x9d,0xf7,0x9d,0xf7,0x9d,0xf7,0x9d,0xf7,0x7d,0xf7,
    0x7d,0xf7,0x7d,0xf7,0x7d,0xf7,0x7c,0xf7,0x7c,0xf7,0x7c,0xf7,0x7c,0xf7,0x7d,0xf7,
    0x7d,0xf7,0x7d,0xf7,0x7d,0xf7,0x7d,0xf7,0x7d,0xf7,0x7d,0xf7,0x7d,0xf7,0x7c,0xf7,
    0x5c,0xf7,0x5c,0xf7,0x5c,0xf7,0x3b,0xef,0x3b,0xef,0xfa,0xee,0xd9,0xee,0xb8,0xe6,
    0x97,0xe6,0x7c,0xf7,0x9e,0xff,0x9d,0xff,0x7c,0xff,0x1a,0xf7,0x77,0xe6,0x77,0xe6,
    0x77,0xe6,0x56,0xde,0x36,0xde,0x36,0xde,0x57,0xe6,0x77,0xe6,0x57,0xde,0x36,0xde,
    0x15,0xde,0xb3,0xd5,0x91,0xd5,0xf2,0xdd,0x96,0xee,0x75,0xee,0x33,0xee,0x54,0xee,
    0x19,0xf7,0x3a,0xf7,0xd7,0xf6,0xf8,0xf6,0x3a,0xff,0x3a,0xff,0xd8,0xee,0x97,0xe6,
    0xd2,0xbd,0xb1,0xb5,0xb1,0xb5,0xb1,0xb5,0xb2,0xb5,0xd2,0xb5,0xd2,0xbd,0xb2,0xb5,
    0xb2,0xb5,0xb2,0xb5,0x92,0xb5,0x91,0xb5,0x91,0xb5,0x71,0xad,0x71,0xad,0x51,0xad,
    0x51,0xad,0x51,0xad,0x71,0xad,0x71,0xad,0x51,0xad,0x50,0xa5,0x51,0xad,0x0f,0xa5,
    0x56,0xce,0xde,0xff,0x3a,0xf7,0x18,0xf7,0x17,0xf7,0x9c,0xf7,0x9d,0xf7,0xbe,0xff,
    0x7c,0xf7,0x7c,0xf7,0xbd,0xff,0xbe,0xff,0xbe,0xff,0xbe,0xff,0xde,0xff,0xde,0xff,
    0xde,0xff,0xde,0xff,0xde,0xff,0xde,0xff,0xde,0xff,0xde,0xff,0xde,0xff,0xde,0xff,
    0xde,0xff,0xde,0xff,0xde,0xff,0xde,0xff,0xde,0xff,0xde,0xff,0xde,0xff,0xde,0xff,
    0xde,0xff,0xde,0xff,0xde,0xff,0xde,0xff,0xdf,0xff,0xde,0xff,0xdf,0xff,0xde,0xff,
    0xdf,0xff,0xdf,0xff,0xdf,0xff,0xdf,0xff,0xff,0xff,0xde,0xff,0xde,0xff,0xdf,0xff,
    0xdf,0xff,0xde,0xff,0xde,0xff,0xde,0xff,0xdf,0xff,0xde,0xff,0xde,0xff,0xde,0xff,
    0xde,0xff,0xde,0xff,0xde,0xff,0xff,0xff,0xde,0xff,0xbe,0xff,0xbe,0xff,0xde,0xff,
    0xde,0xff,0xde,0xff,0xde,0xff,0xde,0xff,0xde,0xff,0xde,0xff,0xbe,0xff,0xbe,0xff,
    0xbe,0xff,0xbe,0xff,0xbe,0xff,0xde,0xff,0xde,0xff,0xbe,0xff,0xbe,0xff,0xbe,0xff,
    0xbe,0xff,0xde,0xff,0xde,0xff,0xbe,0xff,0xde,0xff,0xde,0xff,0xde,0xff,0xde,0xff,
    0xde,0xff,0xde,0xff,0xde,0xff,0xde,0xff,0xde,0xff,0xde,0xff,0xde,0xff,0xde,0xff,
    0xde,0xff,0xde,0xff,0xde,0xff,0xde,0xff,0xde,0xff,0xbe,0xff,0xbe,0xff,0xbe,0xff,
    0xbe,0xff,0xbe,0xff,0xbe,0xff,0xbe,0xff,0xbe,0xff,0xbe,0xff,0xbe,0xff,0xbe,0xff,
    0xbe,0xff,0xbe,0xff,0xbe,0xff,0xbe,0xff,0xbe,0xff,0xbe,0xff,0xbe,0xff,0xbe,0xff,
    0xbe,0xff,0xbe,0xff,0xbe,0xff,0xbe,0xff,0xbe,0xff,0xbe,0xff,0xbe,0xff,0xbe,0xff,
    0xbe,0xff,0xbe,0xff,0xbe,0xff,0xbd,0xff,0xbe,0xff,0x9d,0xff,0x9d,0xff,0x9d,0xff,
    0x9d,0xff,0x7c,0xf7,0x3b,0xf7,0x1a,0xef,0xd9,0xee,0x97,0xe6,0x56,0xde,0x15,0xde,
    0x15,0xde,0x15,0xde,0x36,0xde,0x36,0xde,0x56,0xde,0x57,0xde,0x57,0xde,0x36,0xde,
    0x15,0xd6,0x15,0xde,0xf5,0xdd,0xd4,0xdd,0xf4,0xdd,0xf4,0xdd,0xd3,0xdd,0xf3,0xdd,
    0x14,0xe6,0x14,0xe6,0xd2,0xdd,0x71,0xd5,0xf3,0xbd,0x35,0xc6,0x76,0xce,0x56,0xce,
    0x14,0xc6,0x92,0xb5,0x91,0xb5,0xd2,0xbd,0xb2,0xb5,0x92,0xb5,0x91,0xad,0x91,0xad,
    0x91,0xad,0x71,0xad,0x71,0xad,0x51,0xad,0x51,0xa5,0x51,0xad,0x50,0xa5,0x51,0xa5,
    0x50,0xa5,0x50,0xa5,0x50,0xa5,0x51,0xa5,0xef,0x9c,0xb9,0xd6,0xde,0xff,0x1a,0xf7,
    0xf7,0xf6,0x18,0xf7,0x9e,0xf7,0x9d,0xf7,0x9d,0xf7,0x3b,0xf7,0x7c,0xf7,0x9d,0xf7,
    0x9d,0xff,0x9d,0xf7,0x9d,0xff,0x9d,0xf7,0x9d,0xff,0x9d,0xff,0x9d,0xff,0x9d,0xf7,
    0x9d,0xf7,0x9d,0xf7,0x9d,0xf7,0x9d,0xf7,0x9d,0xf7,0x9d,0xf7,0x9d,0xff,0x9d,0xf7,
    0x9d,0xf7,0x9d,0xf7,0x9d,0xf7,0x9d,0xf7,0x9d,0xf7,0x9d,0xf7,0x9d,0xf7,0x9d,0xf7,
    0x7d,0xf7,0x7d,0xf7,0x9d,0xf7,0x7d,0xf7,0x7d,0xf7,0x7d,0xf7,0x9d,0xf7,0x7d,0xf7,
    0x7d,0xf7,0x9d,0xf7,0x7d,0xf7,0x7d,0xf7,0x7d,0xf7,0x9d,0xf7,0x9d,0xf7,0x9d,0xf7,
    0x9d,0xf7,0x7d,0xf7,0x7d,0xf7,0x7d,0xf7,0x7d,0xf7,0x7d,0xf7,0x7d,0xf7,0x7d,0xf7,
    0x7c,0xf7,0x7c,0xf7,0x7c,0xf7,0x7c,0xf7,0x7c,0xf7,0x7c,0xf7,0x7c,0xf7,0x7d,0xf7,
    0x7c,0xf7,0x7c,0xf7,0x7c,0xf7,0x7c,0xf7,0x7d,0xf7,0x7c,0xf7,0x7c,0xf7,0x7c,0xf7,
    0x7c,0xf7,0x7c,0xf7,0x7d,0xf7,0x7d,0xf7,0x7d,0xf7,0x7d,0xf7,0x7c,0xf7,0x7d,0xf7,
    0x7c,0xf7,0x7d,0xf7,0x7d,0xf7,0x7d,0xf7,0x7d,0xf7,0x7c,0xf7,0x7d,0xf7,0x7d,0xf7,
    0x7c,0xf7,0x7c,0xf7,0x7c,0xf7,0x7c,0xf7,0x7d,0xf7,0x7d,0xf7,0x7c,0xf7,0x7c,0xf7,
    0x7d,0xf7,0x7c,0xf7,0x7c,0xf7,0x7c,0xf7,0x7c,0xf7,0x7c,0xf7,0x7d,0xf7,0x7c,0xf7,
    0x7c,0xf7,0x7c,0xf7,0x7c,0xf7,0x7c,0xf7,0x7c,0xf7,0x7c,0xf7,0x7c,0xf7,0x7c,0xf7,
    0x7c,0xf7,0x7c,0xf7,0x7c,0xf7,0x7c,0xf7,0x7c,0xf7,0x7c,0xf7,0x7c,0xf7,0x7c,0xf7,
    0x7c,0xf7,0x7c,0xf7,0x7c,0xf7,0x7c,0xf7,0x7c,0xf7,0x7c,0xf7,0x7c,0xf7,0x7c,0xf7,
    0x7c,0xf7,0x9d,0xff,0xbd,0xff,0xbe,0xff,0xbe,0xff,0xbd,0xff,0xbe,0xff,0xbe,0xff,
    0x9d,0xff,0x9d,0xf7,0x5c,0xf7,0x1a,0xef,0xb9,0xee,0x77,0xe6,0x56,0xde,0x36,0xde,
    0x36,0xde,0x56,0xde,0x57,0xe6,0x56,0xde,0x36,0xde,0x36,0xde,0x16,0xde,0x36,0xde,
    0x36,0xde,0x36,0xde,0x56,0xde,0x56,0xde,0x36,0xde,0x36,0xde,0x36,0xde,0x36,0xde,
    0xbe,0xf7,0xff,0xff,0xff,0xff,0xff,0xff,0xdf,0xff,0x5c,0xef,0x15,0xc6,0x51,0xad,
    0xb2,0xb5,0x91,0xad,0x91,0xad,0x91,0xad,0x71,0xad,0x71,0xad,0x71,0xad,0x51,0xad,
    0x51,0xa5,0x30,0xa5,0x30,0xa5,0x50,0xa5,0x50,0xa5,0x50,0xa5,0x30,0xa5,0x50,0xa5,
    0x30,0xa5,0x10,0xa5,0x5c,0xef,0x9d,0xf7,0xf9,0xee,0xb5,0xf6,0x7b,0xf7,0x9e,0xf7,
    0xbe,0xff,0x7c,0xf7,0x3b,0xf7,0x7c,0xf7,0x7c,0xf7,0x7c,0xf7,0x7c,0xf7,0x7c,0xf7,
    0x7c,0xf7,0x7c,0xf7,0x7c,0xf7,0x7c,0xf7,0x7c,0xf7,0x7c,0xf7,0x7c,0xf7,0x7c,0xf7,
    0x7c,0xf7,0x7c,0xf7,0x7c,0xf7,0x7c,0xf7,0x7c,0xf7,0x7c,0xf7,0x7c,0xf7,0x7c,0xf7,
    0x7c,0xf7,0x7c,0xf7,0x7c,0xf7,0x7c,0xf7,0x7c,0xf7,0x7c,0xf7,0x7c,0xf7,0x7c,0xf7,
    0x7c,0xf7,0x7c,0xf7,0x7c,0xf7,0x7c,0xf7,0x7c,0xf7,0x7c,0xf7,0x7c,0xf7,0x7c,0xf7,
    0x7c,0xf7,0x7c,0xf7,0x7c,0xf7,0x7c,0xf7,0x7c,0xf7,0x7c,0xf7,0x7c,0xf7,0x7c,0xf7,
    0x7c,0xf7,0x7c,0xf7,0x7c,0xf7,0x7c,0xf7,0x7c,0xf7,0x7c,0xf7,0x7c,0xf7,0x7c,0xf7,
    0x7c,0xf7,0x7c,0xf7,0x7c,0xf7,0x7c,0xf7,0x7c,0xf7,0x7c,0xf7,0x7c,0xf7,0x7c,0xf7,
    0x7c,0xf7,0x7c,0xf7,0x7c,0xf7,0x7c,0xf7,0x5c,0xf7,0x7c,0xf7,0x7c,0xf7,0x7c,0xf7,
    0x7c,0xf7,0x5c,0xf7,0x5c,0xf7,0x7c,0xf7,0x7c,0xf7,0x7c,0xf7,0x5c,0xf7,0x5c,0xf7,
    0x7c,0xf7,0x5c,0xf7,0x7c,0xf7,0x7c,0xf7,0x5c,0xf7,0x5c,0xf7,0x7c,0xf7,0x5c,0xf7,
    0x5c,0xf7,0x5c,0xf7,0x5c,0xf7,0x5c,0xf7,0x5c,0xf7,0x5c,0xf7,0x5c,0xf7,0x5c,0xf7,
    0x5c,0xf7,0x7c,0xf7,0x7c,0xf7,0x7c,0xf7,0x7c,0xf7,0x7c,0xf7,0x5c,0xf7,0x7c,0xf7,
    0x5c,0xf7,0x5c,0xf7,0x5c,0xf7,0x7c,0xf7,0x5c,0xf7,0x5c,0xf7,0x5b,0xf7,0x5b,0xf7,
    0x5b,0xf7,0x5b,0xf7,0x5b,0xf7,0x5b,0xf7,0x5b,0xf7,0x5b,0xf7,0x5b,0xf7,0x5b,0xf7,
    0x5b,0xf7,0x5b,0xf7,0x5b,0xf7,0x5b,0xf7,0x5b,0xf7,0x7c,0xf7,0x7c,0xf7,0x7c,0xf7,
    0x7d,0xf7,0x7c,0xf7,0x7c,0xf7,0x7d,0xf7,0x9d,0xf7,0x9d,0xff,0x9d,0xff,0x9d,0xff,
    0x9d,0xff,0x7c,0xf7,0x5b,0xf7,0x1a,0xef,0xb8,0xe6,0x77,0xe6,0x56,0xde,0x36,0xde,
    0x56,0xde,0x36,0xde,0x36,0xde,0x36,0xde,0x36,0xde,0x36,0xde,0x36,0xde,0x56,0xde,
    0x36,0xde,0x36,0xde,0x16,0xde,0x15,0xde,0xdf,0xff,0xdf,0xff,0xdf,0xff,0xdf,0xff,
    0xdf,0xff,0xff,0xff,0xff,0xff,0x57,0xce,0x50,0xad,0x92,0xb5,0x91,0xad,0x71,0xad,
    0x71,0xad,0x71,0xad,0x51,0xad,0x51,0xa5,0x50,0xa5,0x50,0xa5,0x30,0xa5,0x30,0xa5,
    0x30,0xa5,0x30,0xa5,0x30,0xa5,0x30,0xa5,0x30,0xa5,0x0f,0x9d,0xb3,0xb5,0xbe,0xff,
    0x5b,0xf7,0xf8,0xf6,0xf7,0xf6,0xbe,0xff,0x9d,0xf7,0xbd,0xf7,0x3a,0xf7,0x7c,0xf7,
    0x7c,0xf7,0x7c,0xf7,0x7c,0xf7,0x7c,0xf7,0x7c,0xf7,0x7c,0xf7,0x7c,0xf7,0x7c,0xf7,
    0x7c,0xf7,0x7c,0xf7,0x7c,0xf7,0x7c,0xf7,0x7c,0xf7,0x7c,0xf7,0x7c,0xf7,0x7c,0xf7,
    0x7c,0xf7,0x7c,0xf7,0x7c,0xf7,0x7c,0xf7,0x7c,0xf7,0x7c,0xf7,0x7c,0xf7,0x7c,0xf7,
    0x7c,0xf7,0x7c,0xf7,0x7c,0xf7,0x7c,0xf7,0x7c,0xf7,0x7c,0xf7,0x7c,0xf7,0x7c,0xf7,
    0x7c,0xf7,0x7c,0xf7,0x7c,0xf7,0x7c,0xf7,0x7c,0xf7,0x7c,0xf7,0x7c,0xf7,0x7c,0xf7,
    0x7c,0xf7,0x7c,0xf7,0x7c,0xf7,0x7c,0xf7,0x7c,0xf7,0x7c,0xf7,0x7c,0xf7,0x7c,0xf7,
    0x7c,0xf7,0x7c,0xf7,0x7c,0xf7,0x7c,0xf7,0x7c,0xf7,0x7c,0xf7,0x7c,0xf7,0x7c,0xf7,
    0x7c,0xf7,0x7c,0xf7,0x7c,0xf7,0x7c,0xf7,0x7c,0xf7,0x7c,0xf7,0x7c,0xf7,0x7c,0xf7,
    0x7c,0xf7,0x7c,0xf7,0x7c,0xf7,0x7c,0xf7,0x7c,0xf7,0x7c,0xf7,0x7c,0xf7,0x7c,0xf7,
    0x7c,0xf7,0x7c,0xf7,0x7c,0xf7,0x7c,0xf7,0x7c,0xf7,0x7c,0xf7,0x7c,0xf7,0x7c,0xf7,
    0x7c,0xf7,0x7c,0xf7,0x7c,0xf7,0x7c,0xf7,0x7c,0xf7,0x7c,0xf7,0x7c,0xf7,0x7c,0xf7,
    0x7c,0xf7,0x7c,0xf7,0x7c,0xf7,0x7c,0xf7,0x7c,0xf7,0x7c,0xf7,0x7c,0xf7,0x7c,0xf7,
    0x7c,0xf7,0x7c,0xf7,0x7c,0xf7,0x7c,0xf7,0x7c,0xf7,0x7c,0xf7,0x7c,0xf7,0x7c,0xf7,
    0x7c,0xf7,0x7c,0xf7,0x7c,0xf7,0x7c,0xf7,0x5c,0xf7,0x7c,0xf7,0x7c,0xf7,0x5b,0xf7,
    0x5b,0xf7,0x5b,0xf7,0x5b,0xf7,0x5b,0xf7,0x5b,0xf7,0x5b,0xf7,0x5b,0xf7,0x5b,0xf7,
    0x5c,0xf7,0x7c,0xf7,0x7c,0xf7,0x7c,0xf7,0x7c,0xf7,0x5b,0xf7,0x5b,0xf7,0x5b,0xf7,
    0x5b,0xf7,0x5b,0xf7,0x7c,0xf7,0x7c,0xf7,0x7d,0xf7,0x9d,0xff,0x9d,0xff,0x9d,0xff,
    0x9d,0xff,0x7c,0xf7,0x1a,0xef,0xb8,0xe6,0x57,0xde,0x36,0xde,0x36,0xde,0x36,0xde,
    0x36,0xde,0x36,0xde,0x36,0xde,0x36,0xde,0x36,0xde,0x36,0xde,0x36,0xde,0x36,0xde,
    0xdf,0xff,0xdf,0xff,0xdf,0xff,0xdf,0xff,0xdf,0xff,0xde,0xff,0xdf,0xff,0xff,0xff,
    0xf5,0xbd,0x51,0xad,0x91,0xad,0x71,0xad,0x71,0xad,0x51,0xad,0x51,0xa5,0x51,0xa5,
    0x51,0xa5,0x50,0xa5,0x30,0xa5,0x30,0xa5,0x30,0xa5,0x30,0xa5,0x30,0xa5,0x10,0x9d,
    0x0f,0x9d,0x30,0xa5,0xce,0x94,0xb9,0xde,0xbe,0xff,0x3a,0xf7,0xd6,0xf6,0x5b,0xf7,
    0xbe,0xff,0xbe,0xff,0x7c,0xf7,0x3b,0xf7,0x9d,0xf7,0x9d,0xf7,0x7c,0xf7,0x7c,0xf7,
    0x7c,0xf7,0x7c,0xf7,0x7c,0xff,0x7c,0xf7,0x7c,0xf7,0x9c,0xf7,0x7c,0xf7,0x7c,0xf7,
    0x7c,0xf7,0x7c,0xf7,0x7c,0xff,0x7c,0xf7,0x7c,0xf7,0x7c,0xf7,0x7c,0xf7,0x7c,0xf7,
    0x7c,0xf7,0x7c,0xf7,0x7c,0xf7,0x7c,0xf7,0x7c,0xf7,0x7c,0xf7,0x7c,0xf7,0x7c,0xf7,
    0x7c,0xf7,0x7c,0xf7,0x7c,0xf7,0x7c,0xf7,0x7c,0xf7,0x7c,0xf7,0x7c,0xf7,0x7c,0xf7,
    0x7c,0xf7,0x7c,0xf7,0x7c,0xf7,0x7c,0xf7,0x7c,0xf7,0x7c,0xf7,0x7c,0xf7,0x7c,0xf7,
    0x7c,0xf7,0x7c,0xf7,0x7c,0xf7,0x7c,0xf7,0x7c,0xf7,0x7c,0xf7,0x7c,0xf7,0x7c,0xf7,
    0x7c,0xf7,0x7c,0xf7,0x7c,0xf7,0x7c,0xf7,0x7c,0xf7,0x7c,0xf7,0x7c,0xf7,0x7c,0xf7,
    0x7c,0xf7,0x7c,0xf7,0x7c,0xf7,0x7c,0xf7,0x7c,0xf7,0x7c,0xf7,0x7c,0xf7,0x7c,0xf7,
    0x7c,0xf7,0x7c,0xf7,0x7c,0xf7,0x7c,0xf7,0x7c,0xf7,0x7c,0xf7,0x7c,0xf7,0x7c,0xf7,
    0x7c,0xf7,0x7c,0xf7,0x7c,0xf7,0x7c,0xf7,0x7c,0xf7,0x7c,0xf7,0x7c,0xf7,0x7c,0xf7,
    0x7c,0xf7,0x7c,0xf7,0x7c,0xf7,0x7c,0xf7,0x7c,0xf7,0x7c,0xf7,0x7c,0xf7,0x7c,0xf7,
    0x7c,0xf7,0x7c,0xf7,0x7c,0xf7,0x7c,0xf7,0x7c,0xf7,0x7c,0xf7,0x5c,0xf7,0x7c,0xf7,
    0x7c,0xf7,0x7c,0xf7,0x7c,0xf7,0x5c,0xf7,0x7c,0xf7,0x7c,0xf7,0x5c,0xf7,0x5c,0xf7,
    0x5c,0xf7,0x7c,0xf7,0x7c,0xf7,0x7c,0xf7,0x5b,0xf7,0x5b,0xf7,0x5b,0xf7,0x5b,0xf7,
    0x5b,0xf7,0x5b,0xf7,0x5b,0xf7,0x5b,0xf7,0x5b,0xf7,0x7c,0xf7,0x7c,0xf7,0x7c,0xf7,
    0x7c,0xf7,0x5b,0xf7,0x5b,0xf7,0x5b,0xf7,0x5b,0xf7,0x5b,0xf7,0x5b,0xf7,0x5b,0xf7,
    0x5b,0xf7,0x5c,0xf7,0x7c,0xf7,0x7c,0xf7,0x7c,0xf7,0x9d,0xff,0x9d,0xff,0x7d,0xff,
    0x5b,0xf7,0xfa,0xee,0x98,0xe6,0x36,0xde,0x36,0xde,0x36,0xde,0x56,0xde,0x56,0xde,
    0x36,0xde,0x36,0xde,0x36,0xde,0x36,0xde,0xdf,0xff,0xdf,0xff,0xdf,0xff,0xdf,0xff,
    0xdf,0xff,0xdf,0xff,0xde,0xff,0xff,0xff,0x5c,0xef,0x51,0xa5,0x71,0xad,0x51,0xad,
    0x51,0xa5,0x51,0xa5,0x50,0xa5,0x50,0xa5,0x50,0xa5,0x30,0xa5,0x30,0xa5,0x30,0xa5,
    0x30,0xa5,0x10,0xa5,0x0f,0x9d,0x0f,0x9d,0x0f,0x9d,0x0f,0x9d,0xef,0x9c,0x51,0xad,
    0xbe,0xff,0x7c,0xf7,0xf8,0xf6,0xd7,0xf6,0xbe,0xff,0x9d,0xff,0x9d,0xf7,0x3a,0xf7,
    0x7c,0xf7,0x9d,0xff,0x9d,0xff,0x9d,0xf7,0x9d,0xf7,0x9d,0xff,0x7c,0xf7,0x7c,0xf7,
    0x9c,0xff,0x7c,0xf7,0x7d,0xf7,0x9d,0xf7,0x9c,0xf7,0x9c,0xf7,0x7c,0xf7,0x7c,0xff,
    0x7c,0xf7,0x7c,0xf7,0x7c,0xf7,0x7c,0xf7,0x7c,0xf7,0x7c,0xf7,0x7c,0xf7,0x7c,0xf7,
    0x7c,0xf7,0x7c,0xf7,0x7c,0xf7,0x7c,0xf7,0x7c,0xf7,0x7c,0xf7,0x7c,0xf7,0x7c,0xf7,
    0x7c,0xf7,0x7c,0xf7,0x7c,0xf7,0x7c,0xf7,0x7c,0xf7,0x7c,0xf7,0x7c,0xf7,0x7c,0xf7,
    0x7c,0xf7,0x7c,0xf7,0x7c,0xf7,0x7c,0xf7,0x7c,0xf7,0x7c,0xf7,0x7c,0xf7,0x7c,0xf7,
    0x7c,0xf7,0x7c,0xf7,0x7c,0xf7,0x7c,0xf7,0x7c,0xf7,0x7c,0xf7,0x7c,0xf7,0x7c,0xf7,
    0x7c,0xf7,0x7c,0xf7,0x7c,0xf7,0x7c,0xf7,0x7c,0xf7,0x7c,0xf7,0x7c,0xf7,0x7c,0xf7,
    0x7c,0xf7,0x7c,0xf7,0x7c,0xf7,0x7c,0xf7,0x7c,0xf7,0x7c,0xf7,0x7c,0xf7,0x7c,0xf7,
    0x7c,0xf7,0x7c,0xf7,0x7c,0xf7,0x7c,0xf7,0x7c,0xf7,0x7c,0xf7,0x7c,0xf7,0x7c,0xf7,
    0x7c,0xf7,0x7c,0xf7,0x7c,0xf7,0x7c,0xf7,0x7c,0xf7,0x7c,0xf7,0x7c,0xf7,0x7c,0xf7,
    0x7c,0xf7,0x7c,0xf7,0x7c,0xf7,0x7c,0xf7,0x7c,0xf7,0x7c,0xf7,0x7c,0xf7,0x7c,0xf7,
    0x7c,0xf7,0x7c,0xf7,0x7c,0xf7,0x7c,0xf7,0x7c,0xf7,0x7c,0xf7,0x7c,0xf7,0x7c,0xf7,
    0x7c,0xf7,0x7c,0xf7,0x5c,0xf7,0x7c,0xf7,0x7c,0xf7,0x5c,0xf7,0x5c,0xf7,0x5c,0xf7,
    0x7c,0xf7,0x5b,0xf7,0x5b,0xf7,0x5b,0xf7,0x5b,0xf7,0x5b,0xf7,0x5b,0xf7,0x5b,0xf7,
    0x5b,0xf7,0x7c,0xf7,0x7c,0xf7,0x7c,0xf7,0x7c,0xf7,0x5b,0xf7,0x5b,0xf7,0x5b,0xf7,
    0x5b,0xf7,0x5b,0xf7,0x5b,0xf7,0x5b,0xf7,0x5b,0xf7,0x5b,0xf7,0x5b,0xf7,0x5b,0xf7,
    0x5c,0xf7,0x7c,0xf7,0x7d,0xf7,0x9d,0xf7,0x9d,0xf7,0x9d,0xff,0x7c,0xf7,0x3b,0xef,
    0xb8,0xe6,0x56,0xde,0x36,0xde,0x56,0xde,0x57,0xde,0x56,0xde,0x56,0xde,0x36,0xde,
    0xdf,0xff,0xdf,0xff,0xdf,0xff,0xdf,0xff,0xde,0xff,0xdf,0xff,0xbe,0xff,0xbe,0xf7,
    0xdf,0xff,0xb3,0xb5,0x50,0xa5,0x71,0xad,0x51,0xa5,0x50,0xa5,0x30,0xa5,0x30,0xa5,
    0x30,0xa5,0x30,0xa5,0x30,0xa5,0x30,0xa5,0x10,0xa5,0x0f,0x9d,0xef,0x9c,0x0f,0x9d,
    0xef,0x9c,0xef,0x9c,0x10,0x9d,0xae,0x94,0xb9,0xd6,0xde,0xff,0x3a,0xf7,0xb6,0xee,
    0x7c,0xf7,0xbe,0xf7,0xbe,0xff,0x5b,0xf7,0x5b,0xf7,0x9d,0xff,0x9d,0xf7,0x9d,0xf7,
    0x9d,0xf7,0x9d,0xff,0x9d,0xff,0x9d,0xff,0x9c,0xff,0x7c,0xf7,0x7d,0xf7,0x9c,0xff,
    0x7c,0xf7,0x9d,0xff,0x9c,0xf7,0x9c,0xf7,0x9d,0xff,0x7c,0xf7,0x7d,0xf7,0x7c,0xf7,
    0x7c,0xff,0x7c,0xf7,0x7c,0xff,0x7c,0xff,0x7c,0xff,0x9c,0xf7,0x9c,0xf7,0x7c,0xf7,
    0x7c,0xf7,0x7c,0xf7,0x7c,0xf7,0x7c,0xf7,0x7c,0xf7,0x7c,0xf7,0x7c,0xf7,0x7c,0xf7,
    0x7c,0xf7,0x7c,0xf7,0x7c,0xf7,0x7c,0xf7,0x7c,0xf7,0x7c,0xf7,0x7c,0xf7,0x7c,0xf7,
    0x7c,0xf7,0x7c,0xf7,0x7c,0xf7,0x7c,0xf7,0x7c,0xf7,0x7c,0xf7,0x7c,0xf7,0x7c,0xf7,
    0x7c,0xf7,0x7c,0xf7,0x7c,0xf7,0x7c,0xf7,0x7c,0xf7,0x7c,0xf7,0x7c,0xf7,0x7c,0xf7,
    0x7c,0xf7,0x7c,0xf7,0x7c,0xf7,0x7c,0xf7,0x7c,0xf7,0x7c,0xf7,0x7c,0xf7,0x7c,0xf7,
    0x7c,0xf7,0x7c,0xf7,0x7c,0xf7,0x7c,0xf7,0x7c,0xf7,0x7c,0xf7,0x7c,0xf7,0x7c,0xf7,
    0x7c,0xf7,0x7c,0xf7,0x7c,0xf7,0x7c,0xf7,0x7c,0xf7,0x7c,0xf7,0x7c,0xf7,0x7c,0xf7,
    0x7c,0xf7,0x7c,0xf7,0x7c,0xf7,0x7c,0xf7,0x7c,0xf7,0x7c,0xf7,0x7c,0xf7,0x7c,0xf7,
    0x7c,0xf7,0x7c,0xf7,0x7c,0xf7,0x7c,0xf7,0x7c,0xf7,0x7c,0xf7,0x7c,0xf7,0x7c,0xf7,
    0x7c,0xf7,0x7c,0xf7,0x7c,0xf7,0x7c,0xf7,0x7c,0xf7,0x7c,0xf7,0x7c,0xf7,0x7c,0xf7,
    0x7c,0xf7,0x7c,0xf7,0x5b,0xf7,0x5c,0xf7,0x5c,0xf7,0x5b,0xf7,0x7c,0xf7,0x7c,0xf7,
    0x7c,0xf7,0x7c,0xf7,0x7c,0xf7,0x5b,0xf7,0x5c,0xf7,0x7c,0xf7,0x7c,0xf7,0x7c,0xf7,
    0x7c,0xf7,0x5b,0xf7,0x5b,0xf7,0x5c,0xf7,0x5b,0xf7,0x5b,0xf7,0x5b,0xf7,0x5b,0xf7,
    0x5b,0xf7,0x5b,0xf7,0x5b,0xf7,0x5b,0xf7,0x5b,0xf7,0x5b,0xf7,0x5b,0xf7,0x5c,0xf7,
    0x7c,0xf7,0x9d,0xf7,0x9d,0xff,0x9d,0xff,0x9d,0xff,0x5b,0xf7,0xd9,0xee,0x77,0xe6,
    0x56,0xde,0x56,0xde,0x57,0xde,0x56,0xde,0xdf,0xff,0xdf,0xff,0xde,0xff,0xdf,0xff,
    0xdf,0xff,0xbe,0xff,0xbe,0xff,0xbe,0xf7,0xdf,0xff,0xf5,0xbd,0x30,0xa5,0x51,0xad,
    0x51,0xa5,0x50,0xa5,0x30,0xa5,0x30,0xa5,0x30,0xa5,0x30,0xa5,0x30,0xa5,0x10,0x9d,
    0x0f,0x9d,0x0f,0x9d,0xef,0x9c,0xef,0x9c,0xef,0x9c,0xef,0x9c,0x0f,0x9d,0xce,0x94,
    0x72,0xad,0xde,0xff,0x7c,0xf7,0xd7,0xee,0xf9,0xf6,0xbe,0xff,0xbe,0xff,0x7d,0xf7,
    0x3b,0xf7,0x9d,0xff,0x9d,0xf7,0x9d,0xf7,0x9d,0xff,0x9d,0xf7,0x9d,0xff,0x9d,0xff,
    0x7d,0xf7,0x9c,0xf7,0x9d,0xff,0x7d,0xff,0x7c,0xf7,0x9d,0xff,0x9c,0xf7,0x9d,0xf7,
    0x9c,0xff,0x7c,0xf7,0x7c,0xf7,0x7c,0xf7,0x9c,0xff,0x9d,0xff,0x9c,0xf7,0x9c,0xff,
    0x7c,0xf7,0x7c,0xf7,0x7c,0xff,0x7c,0xff,0x7c,0xf7,0x7c,0xf7,0x7c,0xf7,0x7c,0xf7,
    0x7c,0xf7,0x7c,0xf7,0x7c,0xf7,0x7c,0xf7,0x7c,0xf7,0x7c,0xf7,0x7c,0xf7,0x7c,0xf7,
    0x7c,0xf7,0x7c,0xf7,0x7c,0xf7,0x7c,0xf7,0x7c,0xf7,0x7c,0xf7,0x7c,0xf7,0x7c,0xf7,
    0x7c,0xf7,0x7c,0xf7,0x7c,0xf7,0x7c,0xf7,0x7c,0xf7,0x7c,0xf7,0x7c,0xf7,0x7c,0xf7,
    0x7c,0xf7,0x7c,0xf7,0x7c,0xf7,0x7c,0xf7,0x7c,0xf7,0x7c,0xf7,0x7c,0xf7,0x7c,0xf7,
    0x7c,0xf7,0x7c,0xf7,0x7c,0xf7,0x7c,0xf7,0x7c,0xf7,0x7c,0xf7,0x7c,0xf7,0x7c,0xf7,
    0x7c,0xf7,0x7c,0xf7,0x7c,0xf7,0x7c,0xf7,0x7c,0xf7,0x7c,0xf7,0x7c,0xf7,0x7c,0xf7,
    0x7c,0xf7,0x7c,0xf7,0x7c,0xf7,0x7c,0xf7,0x7c,0xf7,0x7c,0xf7,0x7c,0xf7,0x7c,0xf7,
    0x7c,0xf7,0x7c,0xf7,0x7c,0xf7,0x7c,0xf7,0x7c,0xf7,0x7c,0xf7,0x7c,0xf7,0x7c,0xf7,
    0x7c,0xf7,0x7c,0xf7,0x5c,0xf7,0x7c,0xf7,0x7c,0xf7,0x7c,0xf7,0x7c,0xf7,0x7c,0xf7,
    0x5c,0xf7,0x7c,0xf7,0x7c,0xf7,0x7c,0xf7,0x7c,0xf7,0x5c,0xf7,0x5c,0xf7,0x7c,0xf7,
    0x7c,0xf7,0x5c,0xf7,0x5c,0xf7,0x7c,0xf7,0x7c,0xf7,0x7c,0xf7,0x7c,0xf7,0x5b,0xf7,
    0x7c,0xf7,0x7c,0xf7,0x7c,0xf7,0x7c,0xf7,0x7c,0xf7,0x5b,0xf7,0x5b,0xf7,0x5b,0xf7,
    0x5b,0xf7,0x5b,0xf7,0x5b,0xf7,0x5b,0xf7,0x5b,0xf7,0x5c,0xf7,0x5b,0xf7,0x5b,0xf7,
    0x5b,0xf7,0x5c,0xf7,0x5c,0xf7,0x5b,0xf7,0x5b,0xf7,0x5b,0xf7,0x7c,0xf7,0x7d,0xf7,
    0x9d,0xf7,0x9d,0xff,0x9d,0xff,0x7c,0xf7,0xd9,0xee,0x57,0xde,0x36,0xde,0x56,0xde,
    0xdf,0xff,0xdf,0xff,0xdf,0xff,0xde,0xf7,0xbe,0xf7,0xbe,0xf7,0xbe,0xf7,0x9e,0xf7,
    0xdf,0xff,0xd4,0xbd,0x2f,0xa5,0x51,0xa5,0x50,0xa5,0x30,0xa5,0x30,0xa5,0x30,0xa5,
    0x30,0xa5,0x10,0xa5,0x0f,0x9d,0x0f,0x9d,0xef,0x9c,0x0f,0x9d,0xef,0x9c,0xef,0x9c,
    0xef,0x9c,0xef,0x9c,0xef,0x9c,0xef,0x9c,0xce,0x94,0x1b,0xe7,0xbd,0xff,0x19,0xf7,
    0xb6,0xee,0x9d,0xf7,0x9e,0xf7,0x9d,0xf7,0x3b,0xf7,0x7c,0xf7,0x9d,0xf7,0x9d,0xff,
    0x9d,0xf7,0x9d,0xff,0x9c,0xf7,0x7c,0xf7,0x9c,0xf7,0x9c,0xf7,0x9c,0xff,0x7c,0xff,
    0x7c,0xf7,0x7d,0xf7,0x9c,0xf7,0x9c,0xff,0x9c,0xf7,0x7d,0xf7,0x9c,0xf7,0x9d,0xf7,
    0x9d,0xff,0x7c,0xf7,0x7c,0xff,0x9c,0xf7,0x7c,0xf7,0x7c,0xff,0x7c,0xf7,0x7c,0xf7,
    0x9c,0xf7,0x7c,0xf7,0x7c,0xf7,0x7c,0xf7,0x7c,0xf7,0x7c,0xf7,0x7c,0xf7,0x7c,0xf7,
    0x7c,0xf7,0x7c,0xf7,0x7c,0xf7,0x7c,0xf7,0x7c,0xf7,0x7c,0xf7,0x7c,0xff,0x7c,0xf7,
    0x7c,0xf7,0x7c,0xf7,0x7c,0xf7,0x7c,0xf7,0x7c,0xf7,0x7c,0xf7,0x7c,0xf7,0x7c,0xf7,
    0x7c,0xf7,0x7c,0xf7,0x7c,0xf7,0x7c,0xf7,0x7c,0xf7,0x7c,0xf7,0x7c,0xf7,0x7c,0xf7,
    0x7c,0xf7,0x7c,0xf7,0x7c,0xf7,0x7c,0xf7,0x7c,0xf7,0x7c,0xf7,0x7c,0xf7,0x7c,0xf7,
    0x7c,0xf7,0x7c,0xf7,0x7c,0xf7,0x7c,0xf7,0x7c,0xf7,0x7c,0xf7,0x7c,0xf7,0x7c,0xf7,
    0x7c,0xf7,0x7c,0xf7,0x7c,0xf7,0x7c,0xf7,0x7c,0xf7,0x7c,0xf7,0x7c,0xf7,0x7c,0xf7,
    0x7c,0xf7,0x7c,0xf7,0x7c,0xf7,0x7c,0xf7,0x7c,0xf7,0x7c,0xf7,0x7c,0xf7,0x7c,0xf7,
    0x7c,0xf7,0x7c,0xf7,0x7c,0xf7,0x7c,0xf7,0x7c,0xf7,0x7c,0xf7,0x7c,0xf7,0x7c,0xf7,
    0x7c,0xf7,0x7c,0xf7,0x7c,0xf7,0x7c,0xf7,0x5c,0xf7,0x5c,0xf7,0x5c,0xf7,0x5c,0xf7,
    0x5c,0xf7,0x5c,0xf7,0x5c,0xf7,0x5c,0xf7,0x5c,0xf7,0x5b,0xf7,0x5b,0xf7,0x7c,0xf7,
    0x7c,0xf7,0x7c,0xf7,0x7c,0xf7,0x7c,0xf7,0x7c,0xf7,0x7c,0xf7,0x7c,0xf7,0x7c,0xf7,
    0x7c,0xf7,0x7c,0xf7,0x5c,0xf7,0x5c,0xf7,0x5b,0xf7,0x5b,0xf7,0x5b,0xf7,0x5c,0xf7,
    0x5c,0xf7,0x5c,0xf7,0x5c,0xf7,0x5c,0xf7,0x5c,0xf7,0x5c,0xf7,0x5c,0xf7,0x5b,0xf7,
    0x5c,0xf7,0x5c,0xf7,0x5b,0xf7,0x5b,0xf7,0x7c,0xf7,0x7c,0xf7,0x9d,0xf7,0x9d,0xff,
    0x9d,0xf7,0x5c,0xf7,0xd9,0xee,0x57,0xde,0xbe,0xf7,0xbe,0xf7,0xbe,0xff,0xbe,0xf7,
    0xbe,0xf7,0xbe,0xf7,0x9e,0xf7,0x9e,0xf7,0xdf,0xff,0xd4,0xbd,0x0f,0x9d,0x51,0xa5,
    0x30,0xa5,0x30,0xa5,0x30,0xa5,0x30,0xa5,0x10,0x9d,0x0f,0x9d,0x0f,0x9d,0xef,0x9c,
    0xef,0x9c,0xef,0x9c,0xef,0x9c,0xef,0x9c,0xef,0x9c,0xcf,0x94,0xce,0x94,0xef,0x9c,
    0x6d,0x8c,0x36,0xc6,0xde,0xff,0x5b,0xf7,0xb6,0xee,0x7b,0xf7,0xbe,0xff,0xbe,0xff,
    0x3b,0xf7,0x5c,0xf7,0x9c,0xf7,0x9d,0xf7,0x9d,0xff,0x7d,0xff,0x9c,0xff,0x9d,0xf7,
    0x9c,0xf7,0x9d,0xff,0x7c,0xff,0x7c,0xf7,0x9d,0xf7,0x7c,0xf7,0x7c,0xf7,0x9c,0xf7,
    0x7c,0xf7,0x7c,0xf7,0x7d,0xf7,0x9d,0xf7,0x9d,0xff,0x9c,0xf7,0x9c,0xff,0x9c,0xff,
    0x7c,0xff,0x9c,0xff,0x7c,0xf7,0x9c,0xff,0x7c,0xf7,0x7c,0xf7,0x7c,0xf7,0x7c,0xf7,
    0x7c,0xf7,0x7c,0xf7,0x7c,0xf7,0x9c,0xf7,0x7c,0xf7,0x7c,0xf7,0x7c,0xf7,0x7c,0xf7,
    0x7c,0xf7,0x7c,0xf7,0x7c,0xf7,0x7c,0xf7,0x7c,0xf7,0x7c,0xf7,0x7c,0xf7,0x7c,0xf7,
    0x7c,0xf7,0x7c,0xf7,0x7c,0xf7,0x7c,0xf7,0x7c,0xf7,0x7c,0xf7,0x7c,0xf7,0x7c,0xf7,
    0x7c,0xf7,0x7c,0xf7,0x7c,0xf7,0x7c,0xf7,0x7c,0xf7,0x7c,0xf7,0x7c,0xf7,0x7c,0xf7,
    0x7c,0xf7,0x7c,0xf7,0x7c,0xf7,0x7c,0xf7,0x7c,0xf7,0x7c,0xf7,0x7c,0xf7,0x7c,0xf7,
    0x7c,0xf7,0x7c,0xf7,0x7c,0xf7,0x7c,0xf7,0x7c,0xf7,0x7c,0xf7,0x7c,0xf7,0x7c,0xf7,
    0x7c,0xf7,0x7c,0xf7,0x7c,0xf7,0x7c,0xf7,0x7c,0xf7,0x7c,0xf7,0x7c,0xf7,0x7c,0xf7,
    0x7c,0xf7,0x7c,0xf7,0x7c,0xf7,0x7c,0xf7,0x7c,0xf7,0x7c,0xf7,0x7c,0xf7,0x7c,0xf7,
    0x7c,0xf7,0x7c,0xf7,0x7c,0xf7,0x7c,0xf7,0x7c,0xf7,0x7c,0xf7,0x7c,0xf7,0x7c,0xf7,
    0x5c,0xf7,0x5c,0xf7,0x5c,0xf7,0x7c,0xf7,0x7c,0xf7,0x7c,0xf7,0x5c,0xf7,0x5c,0xf7,
    0x5b,0xf7,0x7b,0xf7,0x5c,0xf7,0x5c,0xf7,0x7c,0xf7,0x7c,0xf7,0x5c,0xf7,0x5b,0xf7,
    0x7c,0xf7,0x7c,0xf7,0x7c,0xf7,0x7c,0xf7,0x7c,0xf7,0x5c,0xf7,0x5c,0xf7,0x5c,0xf7,
    0x5b,0xf7,0x5b,0xf7,0x5c,0xf7,0x5c,0xf7,0x5c,0xf7,0x5b,0xf7,0x5c,0xf7,0x5c,0xf7,
    0x5c,0xf7,0x5b,0xf7,0x5c,0xf7,0x5c,0xf7,0x5c,0xf7,0x5c,0xf7,0x5c,0xf7,0x5c,0xf7,
    0x5c,0xf7,0x5b,0xf7,0x5c,0xf7,0x7c,0xf7,0x7c,0xf7,0x7d,0xf7,0x9d,0xf7,0x5b,0xf7,
    0xbe,0xf7,0xbe,0xf7,0xbe,0xf7,0xbe,0xf7,0xbe,0xf7,0x9e,0xf7,0x9e,0xf7,0x9d,0xf7,
    0xbf,0xf7,0xd4,0xbd,0xef,0x9c,0x30,0xa5,0x30,0xa5,0x30,0xa5,0x30,0xa5,0x10,0xa5,
    0x0f,0x9d,0xef,0x9c,0xef,0x9c,0xef,0x9c,0xef,0x9c,0xef,0x9c,0xef,0x9c,0xcf,0x94,
    0xcf,0x94,0xce,0x94,0xce,0x94,0xce,0x94,0x8d,0x8c,0x31,0xa5,0xde,0xff,0x7c,0xf7,
    0xd8,0xee,0x1a,0xf7,0xbe,0xff,0xbe,0xff,0x7c,0xf7,0x3b,0xf7,0x7c,0xf7,0x7d,0xf7,
    0x9d,0xff,0x7c,0xff,0x9c,0xff,0x9d,0xff,0x7c,0xf7,0x7d,0xff,0x7c,0xf7,0x9c,0xff,
    0x9c,0xf7,0x9c,0xff,0x7c,0xff,0x7d,0xff,0x7c,0xff,0x7c,0xff,0x9d,0xf7,0x9d,0xff,
    0x9d,0xff,0x9d,0xff,0x9d,0xff,0x7d,0xff,0x7c,0xff,0x7c,0xf7,0x7c,0xf7,0x7c,0xf7,
    0x7c,0xf7,0x7c,0xf7,0x7c,0xff,0x7c,0xff,0x9c,0xff,0x7c,0xff,0x7c,0xf7,0x7c,0xf7,
    0x9c,0xff,0x7d,0xff,0x7c,0xf7,0x7c,0xf7,0x7c,0xf7,0x7c,0xf7,0x7c,0xf7,0x7c,0xf7,
    0x7c,0xf7,0x7c,0xf7,0x7c,0xf7,0x7c,0xf7,0x7c,0xf7,0x7c,0xf7,0x7c,0xf7,0x7c,0xf7,
    0x7c,0xf7,0x7c,0xf7,0x7c,0xf7,0x7c,0xf7,0x7c,0xf7,0x7c,0xf7,0x7c,0xf7,0x7c,0xf7,
    0x7c,0xf7,0x7c,0xf7,0x7c,0xf7,0x7c,0xf7,0x7c,0xf7,0x7c,0xf7,0x7c,0xf7,0x7c,0xf7,
    0x7c,0xf7,0x7c,0xf7,0x7c,0xf7,0x7c,0xf7,0x7c,0xf7,0x7c,0xf7,0x7c,0xf7,0x7c,0xf7,
    0x7c,0xf7,0x7c,0xf7,0x7c,0xf7,0x7c,0xf7,0x7c,0xf7,0x7c,0xf7,0x7c,0xf7,0x7c,0xf7,
    0x7c,0xf7,0x7c,0xf7,0x7c,0xf7,0x7c,0xf7,0x7c,0xf7,0x7c,0xf7,0x7c,0xf7,0x7c,0xf7,
    0x7c,0xf7,0x7c,0xf7,0x7c,0xf7,0x7c,0xf7,0x7c,0xf7,0x7c,0xf7,0x7c,0xf7,0x7c,0xf7,
    0x7c,0xf7,0x7c,0xf7,0x7c,0xf7,0x7c,0xf7,0x5c,0xf7,0x5c,0xf7,0x5c,0xf7,0x7c,0xf7,
    0x7c,0xf7,0x7c,0xf7,0x5c,0xf7,0x5c,0xf7,0x7c,0xf7,0x5c,0xf7,0x5b,0xf7,0x5b,0xf7,
    0x5c,0xf7,0x5b,0xf7,0x5b,0xf7,0x5b,0xf7,0x7c,0xf7,0x7c,0xf7,0x7c,0xf7,0x7c,0xf7,
    0x7c,0xf7,0x5c,0xf7,0x5c,0xf7,0x5b,0xf7,0x5b,0xf7,0x5c,0xf7,0x5c,0xf7,0x5b,0xf7,
    0x5c,0xf7,0x5b,0xf7,0x5c,0xf7,0x5c,0xf7,0x5b,0xf7,0x5b,0xf7,0x5c,0xf7,0x5c,0xf7,
    0x5c,0xf7,0x5c,0xf7,0x5c,0xf7,0x5c,0xf7,0x5c,0xf7,0x7c,0xf7,0x5b,0xf7,0x5b,0xf7,
    0x5c,0xf7,0x7c,0xf7,0x7d,0xf7,0x9d,0xf7,0xbe,0xf7,0xbe,0xf7,0xbe,0xf7,0x9e,0xf7,
    0x9e,0xf7,0x9e,0xf7,0x9e,0xf7,0x7d,0xef,0xbe,0xf7,0xd4,0xbd,0xee,0x9c,0x30,0xa5,
    0x10,0xa5,0x10,0xa5,0x10,0x9d,0x0f,0x9d,0xef,0x9c,0xef,0x9c,0xef,0x9c,0xef,0x9c,
    0xef,0x9c,0xcf,0x94,0xcf,0x94,0xce,0x94,0xce,0x94,0xae,0x94,0xae,0x94,0xce,0x94,
    0xae,0x94,0xae,0x94,0x5c,0xef,0xbe,0xff,0x19,0xf7,0xf8,0xee,0xbe,0xf7,0xbe,0xf7,
    0x7c,0xf7,0x3a,0xf7,0x7c,0xf7,0x9c,0xf7,0x9d,0xf7,0x7c,0xf7,0x7c,0xf7,0x9d,0xff,
    0x9c,0xff,0x9c,0xf7,0x9d,0xff,0x9d,0xf7,0x7d,0xf7,0x9d,0xff,0x9d,0xff,0x9c,0xff,
    0x7c,0xff,0x9d,0xf7,0x9d,0xff,0x9c,0xf7,0x9d,0xf7,0x7d,0xff,0x9d,0xff,0x9d,0xff,
    0x9d,0xff,0x9c,0xf7,0x9d,0xf7,0x7c,0xf7,0x7c,0xf7,0x7c,0xf7,0x7c,0xf7,0x7c,0xf7,
    0x9c,0xf7,0x7d,0xf7,0x7c,0xf7,0x7c,0xf7,0x7c,0xf7,0x9d,0xf7,0x7c,0xf7,0x7c,0xf7,
    0x9d,0xff,0x7c,0xf7,0x7d,0xf7,0x7c,0xf7,0x7c,0xf7,0x7c,0xf7,0x7c,0xf7,0x7c,0xf7,
    0x7c,0xf7,0x7c,0xf7,0x7c,0xf7,0x7c,0xf7,0x7c,0xf7,0x7c,0xf7,0x7c,0xf7,0x7c,0xf7,
    0x7c,0xf7,0x7c,0xf7,0x7c,0xf7,0x7c,0xf7,0x7c,0xf7,0x7c,0xf7,0x7c,0xf7,0x7c,0xf7,
    0x7c,0xf7,0x7c,0xf7,0x7c,0xf7,0x7c,0xf7,0x7c,0xf7,0x7c,0xf7,0x7c,0xf7,0x7c,0xf7,
    0x7c,0xf7,0x7c,0xf7,0x7c,0xf7,0x7c,0xf7,0x7c,0xf7,0x7c,0xf7,0x7c,0xf7,0x7c,0xf7,
    0x7c,0xf7,0x7c,0xf7,0x7c,0xf7,0x7c,0xf7,0x7c,0xf7,0x7c,0xf7,0x7c,0xf7,0x7c,0xf7,
    0x7c,0xf7,0x7c,0xf7,0x7c,0xf7,0x7c,0xf7,0x7c,0xf7,0x7c,0xf7,0x7c,0xf7,0x7c,0xf7,
    0x7c,0xf7,0x7c,0xf7,0x7c,0xf7,0x7c,0xf7,0x7c,0xf7,0x7c,0xf7,0x7c,0xf7,0x5c,0xf7,
    0x7c,0xf7,0x7c,0xf7,0x7c,0xf7,0x5c,0xf7,0x5c,0xf7,0x7c,0xf7,0x7c,0xf7,0x7c,0xf7,
    0x7c,0xf7,0x7c,0xf7,0x7c,0xf7,0x5c,0xf7,0x5b,0xf7,0x5c,0xf7,0x5b,0xf7,0x5b,0xf7,
    0x7c,0xf7,0x7c,0xf7,0x7c,0xf7,0x7c,0xf7,0x5c,0xf7,0x5c,0xf7,0x5c,0xf7,0x5c,0xf7,
    0x5b,0xf7,0x5c,0xf7,0x5b,0xf7,0x5b,0xf7,0x5b,0xf7,0x5c,0xf7,0x5c,0xf7,0x5b,0xf7,
    0x5b,0xf7,0x5c,0xf7,0x5c,0xf7,0x5c,0xf7,0x5c,0xf7,0x5c,0xf7,0x5c,0xf7,0x5c,0xf7,
    0x5c,0xf7,0x5c,0xf7,0x5c,0xf7,0x5c,0xf7,0x5c,0xf7,0x5b,0xf7,0x5c,0xf7,0x7c,0xf7,
    0xbe,0xf7,0x9e,0xf7,0x9e,0xf7,0x9e,0xf7,0x9d,0xf7,0x9d,0xf7,0x9d,0xf7,0x7d,0xef,
    0xbe,0xf7,0xb4,0xb5,0xce,0x94,0x10,0xa5,0x0f,0x9d,0xef,0x9c,0x0f,0x9d,0xef,0x9c,
    0xef,0x9c,0xef,0x9c,0xef,0x9c,0xcf,0x94,0xcf,0x94,0xce,0x94,0xce,0x94,0xae,0x94,
    0xae,0x94,0xae,0x94,0xae,0x94,0xae,0x94,0xcf,0x94,0x6d,0x8c,0xb9,0xd6,0xde,0xff,
    0x3b,0xf7,0xd7,0xee,0x9d,0xff,0xbe,0xf7,0x9d,0xf7,0x1a,0xef,0x7c,0xf7,0x7c,0xf7,
    0x7c,0xf7,0x9d,0xf7,0x9d,0xff,0x9c,0xff,0x9c,0xf7,0x7c,0xf7,0x9c,0xf7,0x9d,0xff,
    0x9d,0xff,0x9d,0xf7,0x7d,0xff,0x7c,0xf7,0x9c,0xff,0x9d,0xff,0x7d,0xf7,0x9d,0xff,
    0x9d,0xf7,0x9d,0xf7,0x9d,0xff,0x9d,0xff,0x9c,0xff,0x7d,0xf7,0x7c,0xf7,0x7c,0xf7,
    0x7c,0xf7,0x7c,0xf7,0x7c,0xff,0x7c,0xf7,0x7c,0xf7,0x7c,0xf7,0x7c,0xf7,0x7c,0xf7,
    0x7c,0xf7,0x7d,0xff,0x7c,0xf7,0x7d,0xf7,0x7c,0xff,0x7d,0xff,0x7d,0xf7,0x7c,0xf7,
    0x7c,0xf7,0x7c,0xf7,0x7c,0xf7,0x7c,0xf7,0x9d,0xff,0x7c,0xf7,0x7c,0xf7,0x7c,0xf7,
    0x7c,0xf7,0x7c,0xf7,0x7c,0xf7,0x7c,0xf7,0x7c,0xf7,0x7c,0xff,0x7c,0xf7,0x7c,0xf7,
    0x7c,0xf7,0x7c,0xf7,0x7c,0xf7,0x7c,0xf7,0x7c,0xf7,0x7c,0xf7,0x7c,0xf7,0x7c,0xf7,
    0x7c,0xf7,0x7c,0xf7,0x7c,0xf7,0x7c,0xf7,0x7c,0xf7,0x7c,0xf7,0x7c,0xf7,0x7c,0xf7,
    0x7c,0xf7,0x7c,0xf7,0x7c,0xf7,0x7c,0xf7,0x7c,0xf7,0x7c,0xf7,0x7c,0xf7,0x7c,0xf7,
    0x7c,0xf7,0x7c,0xf7,0x7c,0xf7,0x7c,0xf7,0x7c,0xf7,0x7c,0xf7,0x7c,0xf7,0x7c,0xf7,
    0x7c,0xf7,0x7c,0xf7,0x7c,0xf7,0x7c,0xf7,0x7c,0xf7,0x7c,0xf7,0x7c,0xf7,0x7c,0xf7,
    0x7c,0xf7,0x7c,0xf7,0x7c,0xf7,0x7c,0xf7,0x5c,0xf7,0x7c,0xf7,0x7c,0xf7,0x5c,0xf7,
    0x5c,0xf7,0x5c,0xf7,0x7c,0xf7,0x7c,0xf7,0x5c,0xf7,0x7c,0xf7,0x7c,0xf7,0x7c,0xf7,
    0x7c,0xf7,0x7c,0xf7,0x7c,0xf7,0x5b,0xf7,0x7c,0xf7,0x7c,0xf7,0x7c,0xf7,0x7c,0xf7,
    0x5c,0xf7,0x5c,0xf7,0x5c,0xf7,0x5c,0xf7,0x5c,0xf7,0x5c,0xf7,0x5b,0xf7,0x5b,0xf7,
    0x5b,0xf7,0x5b,0xf7,0x5b,0xf7,0x5b,0xf7,0x5b,0xf7,0x5c,0xf7,0x5c,0xf7,0x5c,0xf7,
    0x5c,0xf7,0x5c,0xf7,0x5c,0xf7,0x5c,0xf7,0x5c,0xf7,0x7c,0xf7,0x5c,0xf7,0x5c,0xf7,
    0x5c,0xf7,0x5c,0xf7,0x5b,0xf7,0x5b,0xf7,0x9e,0xf7,0x9e,0xf7,0x9d,0xf7,0x7d,0xf7,
    0x7d,0xf7,0x7d,0xef,0x7d,0xef,0x7d,0xef,0x9e,0xf7,0xd4,0xb5,0xce,0x94,0x10,0x9d,
    0x10,0x9d,0xef,0x9c,0xef,0x9c,0xef,0x9c,0xef,0x9c,0xef,0x9c,0xcf,0x9c,0xcf,0x9c,
    0xcf,0x94,0xae,0x94,0xae,0x94,0xae,0x94,0xae,0x94,0xae,0x94,0xae,0x94,0xae,0x94,
    0xcf,0x94,0x6d,0x8c,0x16,0xbe,0xff,0xff,0x5c,0xf7,0xd7,0xee,0x7c,0xf7,0xbe,0xf7,
    0xbd,0xf7,0x1a,0xef,0x5b,0xf7,0x7c,0xf7,0x7c,0xf7,0x9d,0xff,0x9c,0xff,0x7c,0xf7,
    0x7d,0xf7,0x9d,0xf7,0x7d,0xf7,0x9d,0xf7,0x9c,0xf7,0x7d,0xf7,0x7c,0xff,0x9d,0xff,
    0x9c,0xf7,0x7d,0xf7,0x9d,0xff,0x9d,0xff,0x9d,0xf7,0x9d,0xff,0x9d,0xff,0x9c,0xff,
    0x9d,0xff,0x7c,0xf7,0x7c,0xf7,0x7c,0xf7,0x9c,0xf7,0x7d,0xff,0x7c,0xf7,0x7c,0xf7,
    0x9c,0xff,0x9d,0xff,0x7c,0xf7,0x7c,0xf7,0x9d,0xf7,0x7c,0xf7,0x7c,0xf7,0x7d,0xf7,
    0x7d,0xf7,0x7d,0xf7,0x9d,0xff,0x7c,0xff,0x7c,0xf7,0x7c,0xf7,0x7c,0xf7,0x7d,0xf7,
    0x7c,0xf7,0x7c,0xf7,0x7d,0xf7,0x9d,0xff,0x7c,0xf7,0x7c,0xf7,0x7c,0xf7,0x7c,0xf7,
    0x7c,0xf7,0x7c,0xf7,0x7c,0xf7,0x7c,0xf7,0x7c,0xf7,0x7c,0xf7,0x7c,0xf7,0x7c,0xf7,
    0x7c,0xf7,0x7c,0xf7,0x7c,0xf7,0x7c,0xf7,0x7c,0xf7,0x7c,0xf7,0x7c,0xf7,0x7c,0xf7,
    0x7c,0xf7,0x7c,0xf7,0x7c,0xf7,0x7c,0xf7,0x7c,0xf7,0x7c,0xf7,0x7c,0xf7,0x7c,0xf7,
    0x7c,0xf7,0x7c,0xf7,0x7c,0xf7,0x7c,0xf7,0x7c,0xf7,0x7c,0xf7,0x7c,0xf7,0x7c,0xf7,
    0x7c,0xf7,0x7c,0xf7,0x7c,0xf7,0x7c,0xf7,0x7c,0xf7,0x7c,0xf7,0x7c,0xf7,0x7c,0xf7,
    0x7c,0xf7,0x7c,0xf7,0x7c,0xf7,0x5c,0xf7,0x7c,0xf7,0x7c,0xf7,0x7c,0xf7,0x7c,0xf7,
    0x7c,0xf7,0x7c,0xf7,0x7c,0xf7,0x5c,0xf7,0x7c,0xf7,0x7c,0xf7,0x5c,0xf7,0x7c,0xf7,
    0x5c,0xf7,0x7c,0xf7,0x5c,0xf7,0x7c,0xf7,0x7c,0xf7,0x7c,0xf7,0x7c,0xf7,0x5c,0xf7,
    0x7c,0xf7,0x7c,0xf7,0x7c,0xf7,0x5c,0xf7,0x5c,0xf7,0x5c,0xf7,0x5c,0xf7,0x5c,0xf7,
    0x5c,0xf7,0x5c,0xf7,0x5c,0xf7,0x5b,0xf7,0x5b,0xf7,0x5b,0xf7,0x5b,0xf7,0x5c,0xf7,
    0x5c,0xf7,0x5b,0xf7,0x5c,0xf7,0x5c,0xf7,0x5c,0xf7,0x5c,0xf7,0x5b,0xf7,0x5b,0xf7,
    0x5b,0xf7,0x5c,0xf7,0x5c,0xf7,0x5b,0xf7,0x5b,0xf7,0x5b,0xf7,0x5b,0xf7,0x5b,0xf7,
    0x9d,0xf7,0x7d,0xf7,0x7d,0xf7,0x7d,0xef,0x7d,0xef,0x7d,0xef,0x7d,0xef,0x5d,0xef,
    0x9e,0xf7,0xd4,0xb5,0xcf,0x94,0x10,0x9d,0xce,0x94,0xce,0x94,0xef,0x9c,0xef,0x9c,
    0xef,0x9c,0xcf,0x94,0xcf,0x94,0xce,0x94,0xce,0x94,0xae,0x94,0xae,0x94,0xae,0x94,
    0xae,0x94,0xae,0x8c,0xae,0x94,0xae,0x94,0xae,0x94,0x6d,0x84,0x93,0xad,0xff,0xff,
    0x7c,0xf7,0xd7,0xee,0x7b,0xf7,0xbe,0xf7,0xbe,0xf7,0x1a,0xf7,0x5b,0xf7,0x7c,0xf7,
    0x7c,0xf7,0x7c,0xf7,0x9c,0xf7,0x9c,0xff,0x7d,0xff,0x7c,0xf7,0x7c,0xf7,0x7c,0xf7,
    0x9d,0xff,0x7c,0xf7,0x9d,0xff,0x9d,0xff,0x9d,0xff,0x7d,0xff,0x7c,0xff,0x9d,0xff,
    0x9d,0xff,0x9d,0xff,0x9d,0xff,0x9d,0xff,0x9d,0xff,0x7d,0xf7,0x7c,0xf7,0x7c,0xf7,
    0x9c,0xff,0x7c,0xf7,0x7c,0xf7,0x7c,0xf7,0x7c,0xf7,0x7d,0xf7,0x7c,0xf7,0x7c,0xf7,
    0x7c,0xf7,0x7c,0xf7,0x7d,0xff,0x9c,0xff,0x7c,0xf7,0x7c,0xf7,0x7c,0xf7,0x7d,0xf7,
    0x9d,0xff,0x9d,0xff,0x7c,0xf7,0x7c,0xf7,0x9d,0xff,0x9d,0xf7,0x7c,0xf7,0x7c,0xf7,
    0x7c,0xf7,0x9d,0xff,0x9d,0xff,0x7c,0xf7,0x7c,0xf7,0x7c,0xf7,0x7c,0xf7,0x7c,0xf7,
    0x7c,0xf7,0x7c,0xf7,0x7c,0xf7,0x7c,0xf7,0x7c,0xf7,0x7c,0xf7,0x7c,0xf7,0x7c,0xf7,
    0x7c,0xf7,0x7c,0xf7,0x7c,0xf7,0x7c,0xf7,0x7c,0xf7,0x7c,0xf7,0x7c,0xf7,0x7c,0xf7,
    0x7c,0xf7,0x7c,0xf7,0x7c,0xf7,0x7c,0xf7,0x7c,0xf7,0x7c,0xf7,0x7c,0xf7,0x7c,0xf7,
    0x7c,0xf7,0x7c,0xf7,0x7c,0xf7,0x7c,0xf7,0x7c,0xf7,0x7c,0xf7,0x7c,0xf7,0x7c,0xf7,
    0x7c,0xf7,0x7c,0xf7,0x7c,0xf7,0x7c,0xf7,0x7c,0xf7,0x7c,0xf7,0x7c,0xf7,0x7c,0xf7,
    0x7c,0xf7,0x7c,0xf7,0x7c,0xf7,0x7c,0xf7,0x7c,0xf7,0x7c,0xf7,0x7c,0xf7,0x5c,0xf7,
    0x5c,0xf7,0x5c,0xf7,0x7c,0xf7,0x7c,0xf7,0x7c,0xf7,0x7c,0xf7,0x7c,0xf7,0x7c,0xf7,
    0x7c,0xf7,0x7c,0xf7,0x5c,0xf7,0x7c,0xf7,0x7c,0xf7,0x7c,0xf7,0x7c,0xf7,0x5c,0xf7,
    0x5c,0xf7,0x5c,0xf7,0x5c,0xf7,0x5c,0xf7,0x5c,0xf7,0x5c,0xf7,0x5c,0xf7,0x5c,0xf7,
    0x5c,0xf7,0x5b,0xf7,0x5b,0xf7,0x5b,0xf7,0x5b,0xf7,0x5c,0xf7,0x5c,0xf7,0x5c,0xf7,
    0x5c,0xf7,0x5c,0xf7,0x3b,0xf7,0x5b,0xf7,0x5b,0xf7,0x5b,0xf7,0x5c,0xf7,0x5c,0xf7,
    0x5b,0xf7,0x5b,0xf7,0x5b,0xf7,0x5b,0xf7,0x7d,0xef,0x7d,0xef,0x7d,0xef,0x7d,0xef,
    0x7d,0xef,0x7d,0xef,0x7d,0xef,0x5c,0xef,0x9e,0xf7,0xb4,0xb5,0xcf,0x94,0xef,0x9c,
    0x93,0xb5,0xd5,0xbd,0xcf,0x94,0xef,0x9c,0xcf,0x94,0xcf,0x94,0xce,0x94,0xae,0x94,
    0xae,0x94,0xae,0x94,0xae,0x94,0xae,0x8c,0xae,0x94,0xae,0x94,0xae,0x8c,0xae,0x94,
    0xae,0x8c,0x6d,0x8c,0x31,0xa5,0xbe,0xff,0x7d,0xf7,0xf8,0xee,0x5b,0xf7,0xbe,0xff,
    0xbe,0xff,0x3a,0xf7,0x3b,0xf7,0x7c,0xf7,0x7c,0xf7,0x7c,0xf7,0x7c,0xf7,0x7c,0xf7,
    0x9c,0xf7,0x7c,0xf7,0x7c,0xf7,0x9c,0xff,0x9d,0xff,0x9d,0xff,0x9d,0xff,0x9d,0xff,
    0x9d,0xff,0x7d,0xf7,0x9d,0xf7,0x9d,0xff,0x9d,0xff,0x9c,0xff,0x9d,0xff,0x9d,0xf7,
    0x9c,0xf7,0x9d,0xf7,0x9d,0xf7,0x7c,0xf7,0x9c,0xf7,0x7c,0xf7,0x7c,0xf7,0x7c,0xf7,
    0x7c,0xf7,0x7c,0xf7,0x7c,0xf7,0x9d,0xff,0x9d,0xff,0x7c,0xf7,0x7c,0xf7,0x7c,0xf7,
    0x7c,0xff,0x7c,0xf7,0x7c,0xf7,0x7c,0xff,0x5b,0xef,0x5b,0xef,0x9d,0xff,0x9d,0xff,
    0x9d,0xff,0x9d,0xf7,0x7d,0xf7,0x7c,0xf7,0x9d,0xf7,0x7c,0xf7,0x7c,0xf7,0x9d,0xff,
    0x7c,0xf7,0x7c,0xf7,0x7c,0xf7,0x7c,0xff,0x7c,0xf7,0x7c,0xf7,0x7c,0xf7,0x7c,0xf7,
    0x7c,0xf7,0x7c,0xf7,0x7c,0xf7,0x7c,0xf7,0x7c,0xf7,0x7c,0xf7,0x7c,0xf7,0x7c,0xf7,
    0x7c,0xf7,0x7c,0xf7,0x7c,0xf7,0x7c,0xf7,0x7c,0xf7,0x7c,0xf7,0x7c,0xf7,0x7c,0xf7,
    0x7c,0xf7,0x7c,0xf7,0x7c,0xf7,0x7c,0xf7,0x7c,0xf7,0x7c,0xf7,0x7c,0xf7,0x7c,0xf7,
    0x7c,0xf7,0x7c,0xf7,0x7c,0xf7,0x7c,0xf7,0x7c,0xf7,0x7c,0xf7,0x7c,0xf7,0x7c,0xf7,
    0x7c,0xf7,0x7c,0xf7,0x7c,0xf7,0x7c,0xf7,0x7c,0xf7,0x7c,0xf7,0x7c,0xf7,0x7c,0xf7,
    0x7c,0xf7,0x7c,0xf7,0x7c,0xf7,0x7c,0xf7,0x7c,0xf7,0x7c,0xf7,0x7c,0xf7,0x7c,0xf7,
    0x5c,0xf7,0x5c,0xf7,0x7c,0xf7,0x7c,0xf7,0x7c,0xf7,0x7c,0xf7,0x5c,0xf7,0x7c,0xf7,
    0x7c,0xf7,0x7c,0xf7,0x7c,0xf7,0x7c,0xf7,0x5c,0xf7,0x7c,0xf7,0x7c,0xf7,0x7c,0xf7,
    0x5c,0xf7,0x7c,0xf7,0x5c,0xf7,0x5c,0xf7,0x5c,0xf7,0x5c,0xf7,0x5b,0xf7,0x5c,0xf7,
    0x5b,0xf7,0x5c,0xf7,0x5c,0xf7,0x5c,0xf7,0x5c,0xf7,0x5b,0xf7,0x5b,0xf7,0x5b,0xf7,
    0x5b,0xf7,0x5b,0xf7,0x5b,0xf7,0x5b,0xf7,0x5c,0xf7,0x5b,0xf7,0x5b,0xf7,0x5b,0xf7,
    0x7d,0xef,0x7d,0xef,0x5d,0xef,0x7d,0xef,0x5d,0xef,0x5d,0xef,0x5d,0xef,0x3c,0xef,
    0x7d,0xef,0xb4,0xb5,0x8d,0x8c,0x10,0x9d,0x9d,0xf7,0xdf,0xff,0x31,0xa5,0xae,0x94,
    0xce,0x94,0xae,0x94,0xae,0x94,0xae,0x94,0xae,0x8c,0xae,0x94,0xae,0x94,0x8e,0x8c,
    0x8e,0x8c,0xae,0x8c,0x8e,0x8c,0xae,0x8c,0xae,0x8c,0x6d,0x8c,0xf0,0x94,0xbe,0xf7,
    0x9d,0xf7,0xf9,0xf6,0x5a,0xf7,0xbe,0xff,0xbe,0xff,0x3b,0xf7,0x3b,0xf7,0x7c,0xf7,
    0x7c,0xf7,0x7c,0xf7,0x7c,0xf7,0x7c,0xf7,0x7c,0xf7,0x9d,0xff,0x9d,0xf7,0x9c,0xf7,
    0x9c,0xff,0x7d,0xff,0x9d,0xff,0x7c,0xff,0x7c,0xf7,0x9d,0xff,0x9c,0xf7,0x9d,0xff,
    0x9d,0xff,0x9d,0xff,0x9d,0xff,0x7c,0xff,0x9c,0xff,0x9c,0xf7,0x7c,0xf7,0x7c,0xf7,
    0x7c,0xf7,0x7c,0xf7,0x7c,0xf7,0x7c,0xf7,0x7c,0xf7,0x7c,0xf7,0x7c,0xf7,0x5b,0xf7,
    0x5b,0xef,0x7c,0xf7,0x7c,0xf7,0x7c,0xf7,0x7c,0xf7,0x7c,0xf7,0x9d,0xff,0x3b,0xef,
    0xb7,0xd6,0xb7,0xd6,0x5b,0xef,0x9d,0xff,0x7d,0xf7,0x9d,0xf7,0x7c,0xf7,0x9d,0xff,
    0x5b,0xef,0xd7,0xd6,0xd8,0xde,0x5b,0xf7,0x7d,0xf7,0x7c,0xf7,0x7c,0xf7,0x7c,0xf7,
    0x7c,0xf7,0x7c,0xf7,0x7c,0xf7,0x7c,0xf7,0x7c,0xf7,0x7c,0xf7,0x7c,0xf7,0x7c,0xf7,
    0x7c,0xf7,0x7c,0xf7,0x7c,0xf7,0x7c,0xf7,0x7c,0xf7,0x7c,0xf7,0x7c,0xf7,0x7c,0xf7,
    0x7c,0xf7,0x7c,0xf7,0x7c,0xf7,0x7c,0xf7,0x7c,0xf7,0x7c,0xf7,0x7c,0xf7,0x7c,0xf7,
    0x7c,0xf7,0x7c,0xf7,0x7c,0xf7,0x7c,0xf7,0x7c,0xf7,0x7c,0xf7,0x7c,0xf7,0x7c,0xf7,
    0x7c,0xf7,0x7c,0xf7,0x7c,0xf7,0x7c,0xf7,0x7c,0xf7,0x7c,0xf7,0x7c,0xf7,0x7c,0xf7,
    0x7c,0xf7,0x7c,0xf7,0x7c,0xf7,0x7c,0xf7,0x7c,0xf7,0x7c,0xf7,0x7c,0xf7,0x7c,0xf7,
    0x7c,0xf7,0x7c,0xf7,0x7c,0xf7,0x5c,0xf7,0x7c,0xf7,0x7c,0xf7,0x5c,0xf7,0x5c,0xf7,
    0x7c,0xf7,0x7c,0xf7,0x5c,0xf7,0x7c,0xf7,0x7c,0xf7,0x7c,0xf7,0x7c,0xf7,0x7c,0xf7,
    0x7c,0xf7,0x7c,0xf7,0x7c,0xf7,0x5b,0xf7,0x5b,0xf7,0x5c,0xf7,0x5c,0xf7,0x5c,0xf7,
    0x5b,0xf7,0x5b,0xf7,0x5c,0xf7,0x5c,0xf7,0x5b,0xf7,0x5c,0xf7,0x5c,0xf7,0x5c,0xf7,
    0x5b,0xf7,0x5b,0xf7,0x5b,0xf7,0x5b,0xf7,0x5b,0xf7,0x5b,0xf7,0x3a,0xef,0x5b,0xf7,
    0x5c,0xf7,0x5b,0xf7,0x5b,0xf7,0x5b,0xf7,0x7d,0xef,0x7d,0xef,0x5d,0xef,0x5d,0xef,
    0x5d,0xef,0x5c,0xef,0x5c,0xef,0x3c,0xe7,0x7d,0xef,0x52,0xad,0x6d,0x84,0x11,0x9d,
    0x7d,0xef,0x9e,0xf7,0x73,0xad,0x8e,0x8c,0xcf,0x94,0xae,0x94,0xae,0x94,0xae,0x94,
    0x8e,0x8c,0x8e,0x8c,0xae,0x94,0x8e,0x8c,0x8e,0x8c,0x8e,0x8c,0x8e,0x8c,0x8e,0x8c,
    0x8e,0x8c,0x8d,0x8c,0xcf,0x94,0xbe,0xf7,0x9d,0xf7,0x19,0xef,0x5a,0xf7,0xbe,0xff,
    0xbe,0xff,0x3a,0xf7,0x3a,0xf7,0x7c,0xf7,0x7c,0xf7,0x7c,0xf7,0x7c,0xf7,0x7c,0xf7,
    0x7c,0xf7,0x9d,0xff,0x9d,0xf7,0x9d,0xff,0x9d,0xff,0x7c,0xf7,0x9c,0xff,0x9d,0xf7,
    0x9d,0xff,0x9d,0xff,0x9d,0xf7,0x9d,0xff,0x9d,0xff,0x9d,0xf7,0x9d,0xff,0x7c,0xff,
    0x9c,0xff,0x7c,0xf7,0x7c,0xf7,0x7c,0xf7,0x9c,0xf7,0x7c,0xf7,0x9d,0xff,0x9d,0xf7,
    0x7c,0xf7,0x9d,0xff,0x5b,0xf7,0xb7,0xd6,0xb7,0xd6,0x3a,0xef,0x9d,0xff,0x7d,0xf7,
    0x9d,0xf7,0x7c,0xf7,0x9d,0xff,0x19,0xe7,0xb7,0xd6,0xb7,0xd6,0x1a,0xe7,0x9d,0xff,
    0x7c,0xf7,0x7d,0xf7,0x7c,0xf7,0x9d,0xff,0x19,0xe7,0xb7,0xd6,0xb7,0xd6,0x3a,0xef,
    0x9d,0xff,0x7c,0xf7,0x7c,0xf7,0x7c,0xff,0x7c,0xf7,0x7c,0xf7,0x7d,0xff,0x7c,0xf7,
    0x7c,0xf7,0x7c,0xf7,0x7c,0xf7,0x7c,0xf7,0x7c,0xf7,0x7c,0xf7,0x7c,0xf7,0x7c,0xf7,
    0x7c,0xf7,0x7c,0xf7,0x7c,0xf7,0x7c,0xf7,0x7c,0xf7,0x7c,0xf7,0x7c,0xf7,0x7c,0xf7,
    0x7c,0xff,0x7c,0xf7,0x7c,0xf7,0x7c,0xf7,0x7c,0xf7,0x7c,0xf7,0x7c,0xf7,0x7c,0xf7,
    0x7c,0xf7,0x7c,0xf7,0x7c,0xf7,0x7c,0xf7,0x7c,0xf7,0x7c,0xf7,0x7c,0xf7,0x7c,0xf7,
    0x7c,0xf7,0x7c,0xf7,0x7c,0xf7,0x7c,0xf7,0x7c,0xf7,0x7c,0xf7,0x7c,0xf7,0x7c,0xf7,
    0x7c,0xf7,0x7c,0xf7,0x7c,0xf7,0x7c,0xf7,0x7c,0xf7,0x7c,0xf7,0x7c,0xf7,0x7c,0xf7,
    0x7c,0xf7,0x5c,0xf7,0x7c,0xf7,0x5c,0xf7,0x7c,0xf7,0x7c,0xf7,0x7c,0xf7,0x7c,0xf7,
    0x7c,0xf7,0x7c,0xf7,0x7c,0xf7,0x7c,0xf7,0x7c,0xf7,0x7c,0xf7,0x7c,0xf7,0x5b,0xf7,
    0x5b,0xf7,0x5b,0xf7,0x7c,0xf7,0x5b,0xf7,0x5b,0xf7,0x3b,0xef,0x5b,0xf7,0x5c,0xf7,
    0x5c,0xf7,0x5c,0xf7,0x5c,0xf7,0x5c,0xf7,0x5b,0xf7,0x7c,0xf7,0x5b,0xf7,0x5b,0xf7,
    0x5b,0xf7,0x5b,0xf7,0x5b,0xf7,0x5c,0xf7,0x5b,0xf7,0x5b,0xf7,0x5b,0xf7,0x5b,0xf7,
    0x5c,0xef,0x5c,0xef,0x5c,0xef,0x5c,0xef,0x5c,0xef,0x5c,0xef,0x3c,0xef,0x3c,0xef,
    0x3c,0xe7,0xcf,0x94,0x6d,0x8c,0x73,0xad,0xbe,0xf7,0x9e,0xf7,0x31,0xa5,0x8e,0x8c,
    0xce,0x94,0xae,0x94,0xae,0x94,0x8e,0x8c,0x8e,0x8c,0x8e,0x8c,0x8e,0x8c,0x8e,0x8c,
    0x8e,0x8c,0x8e,0x8c,0x8e,0x8c,0x8e,0x8c,0x8e,0x8c,0x6d,0x8c,0xaf,0x94,0xbe,0xf7,
    0x9e,0xf7,0x19,0xef,0x5a,0xf7,0x9e,0xf7,0xbe,0xf7,0x3a,0xf7,0x1a,0xf7,0x7c,0xf7,
    0x7c,0xf7,0x7c,0xf7,0x9c,0xf7,0x7c,0xf7,0x7c,0xf7,0x7c,0xf7,0x7c,0xf7,0x9c,0xff,
    0x9d,0xf7,0x9d,0xf7,0x9d,0xf7,0x9d,0xf7,0x9d,0xff,0x9d,0xf7,0x7c,0xf7,0x7c,0xf7,
    0x7d,0xff,0x9d,0xf7,0x9c,0xf7,0x9d,0xff,0x7d,0xff,0x9d,0xf7,0x9d,0xff,0x9d,0xf7,
    0x9d,0xf7,0x7c,0xf7,0x7c,0xf7,0x7c,0xf7,0x7c,0xf7,0x9d,0xff,0x3a,0xef,0xb7,0xd6,
    0xb7,0xd6,0xf9,0xe6,0x9d,0xff,0x7c,0xf7,0x7d,0xf7,0x7d,0xf7,0x9d,0xff,0x1a,0xe7,
    0xb7,0xd6,0xb7,0xd6,0x1a,0xe7,0x9d,0xff,0x7c,0xf7,0x7d,0xf7,0x7c,0xf7,0x9d,0xff,
    0x19,0xe7,0xb7,0xd6,0xb7,0xd6,0x3a,0xef,0x9d,0xff,0x7c,0xf7,0x7c,0xf7,0x7c,0xf7,
    0x7c,0xf7,0x7c,0xf7,0x5b,0xf7,0x7c,0xf7,0x7c,0xf7,0x7c,0xf7,0x7c,0xf7,0x7c,0xf7,
    0x7c,0xf7,0x7c,0xf7,0x7c,0xf7,0x7c,0xf7,0x7c,0xf7,0x7c,0xf7,0x7c,0xf7,0x7c,0xf7,
    0x7c,0xf7,0x7c,0xf7,0x7c,0xf7,0x5b,0xef,0xf9,0xe6,0x3a,0xef,0x7c,0xf7,0x7c,0xf7,
    0x7c,0xf7,0x7c,0xf7,0x7c,0xf7,0x7c,0xf7,0x7c,0xf7,0x7c,0xf7,0x7c,0xf7,0x7c,0xf7,
    0x7c,0xf7,0x7c,0xf7,0x7c,0xf7,0x7c,0xf7,0x7c,0xf7,0x7c,0xf7,0x7c,0xf7,0x7c,0xf7,
    0x7c,0xf7,0x7c,0xf7,0x7c,0xf7,0x7c,0xf7,0x7c,0xf7,0x7c,0xf7,0x7c,0xf7,0x7c,0xf7,
    0x7c,0xf7,0x7c,0xf7,0x7c,0xf7,0x7c,0xf7,0x7c,0xf7,0x5c,0xf7,0x7c,0xf7,0x7c,0xf7,
    0x7c,0xf7,0x7c,0xf7,0x7c,0xf7,0x7c,0xf7,0x7c,0xf7,0x7c,0xf7,0x7c,0xf7,0x7c,0xf7,
    0x7c,0xf7,0x7c,0xf7,0x7c,0xf7,0x5b,0xf7,0x5b,0xf7,0x5b,0xf7,0x5b,0xf7,0x5b,0xf7,
    0x5b,0xf7,0x3b,0xef,0x5b,0xf7,0x5c,0xf7,0x5c,0xf7,0x5c,0xf7,0x5c,0xf7,0x5c,0xf7,
    0x5b,0xf7,0x5b,0xf7,0x5b,0xf7,0x5b,0xf7,0x5b,0xf7,0x5b,0xf7,0x5b,0xf7,0x5b,0xf7,
    0x5b,0xf7,0x5b,0xf7,0x5b,0xf7,0x5b,0xf7,0x5c,0xef,0x3c,0xef,0x3c,0xef,0x5c,0xef,
    0x3c,0xef,0x3c,0xef,0x3c,0xe7,0x7d,0xf7,0x57,0xce,0x6d,0x8c,0x6d,0x8c,0x57,0xc6,
    0xbe,0xf7,0x3c,0xef,0xaf,0x94,0xae,0x94,0xae,0x94,0xae,0x94,0x8e,0x8c,0x8e,0x8c,
    0x8e,0x8c,0x8e,0x8c,0x8e,0x8c,0x8e,0x8c,0x8e,0x8c,0x8e,0x8c,0x8e,0x8c,0x8e,0x8c,
    0x8e,0x8c,0x6d,0x8c,0xaf,0x94,0xbe,0xf7,0xbe,0xf7,0x19,0xef,0x5b,0xf7,0x7d,0xf7,
    0x7d,0xf7,0x1a,0xf7,0x1a,0xf7,0x7c,0xf7,0x7c,0xff,0x9d,0xff,0x9c,0xff,0x7c,0xf7,
    0x7c,0xf7,0x9d,0xff,0x7d,0xf7,0x7c,0xf7,0x9c,0xf7,0x9d,0xf7,0x9d,0xf7,0x9d,0xff,
    0x9d,0xff,0x9d,0xff,0x9d,0xff,0x9d,0xff,0x7c,0xf7,0x9d,0xff,0x9d,0xff,0x9c,0xf7,
    0x9d,0xff,0x9d,0xff,0x3a,0xef,0xf8,0xde,0x5b,0xef,0x9d,0xff,0x7c,0xf7,0x7c,0xf7,
    0x7c,0xf7,0x9d,0xff,0x3a,0xef,0xb7,0xd6,0xb7,0xd6,0xf9,0xe6,0x9d,0xff,0x7c,0xf7,
    0x7c,0xf7,0x7d,0xf7,0x9d,0xff,0x1a,0xe7,0xb7,0xd6,0xb7,0xd6,0x1a,0xe7,0x9d,0xff,
    0x7c,0xf7,0x9d,0xf7,0x7c,0xf7,0x9d,0xff,0xf9,0xe6,0xb7,0xd6,0xb7,0xd6,0x3a,0xef,
    0x9d,0xff,0x7c,0xf7,0x7c,0xf7,0x7c,0xf7,0x9c,0xff,0x3a,0xef,0xb7,0xde,0xd8,0xde,
    0x7c,0xf7,0x7c,0xf7,0x7c,0xf7,0x7c,0xf7,0x7c,0xf7,0x7c,0xf7,0x7c,0xff,0x7c,0xf7,
    0x7c,0xff,0x7c,0xf7,0x7c,0xf7,0x7c,0xf7,0x7c,0xf7,0x7c,0xf7,0x7c,0xf7,0xf9,0xde,
    0xb7,0xd6,0xd8,0xde,0x5b,0xf7,0x7c,0xf7,0x7c,0xf7,0x7c,0xf7,0x7c,0xf7,0x7c,0xf7,
    0x7c,0xf7,0x7c,0xf7,0x7c,0xf7,0x7c,0xf7,0x7c,0xf7,0x7c,0xf7,0x7c,0xf7,0x7c,0xf7,
    0x7c,0xf7,0x7c,0xf7,0x7c,0xf7,0x7c,0xf7,0x7c,0xf7,0x7c,0xf7,0x7c,0xf7,0x7c,0xf7,
    0x7c,0xf7,0x7c,0xf7,0x7c,0xf7,0x7c,0xf7,0x7c,0xf7,0x7c,0xf7,0x7c,0xf7,0x7c,0xf7,
    0x7c,0xf7,0x7c,0xf7,0x7c,0xf7,0x5c,0xf7,0x7c,0xf7,0x7c,0xf7,0x7c,0xf7,0x7c,0xf7,
    0x7c,0xf7,0x7c,0xf7,0x7c,0xf7,0x7c,0xf7,0x7c,0xf7,0x5c,0xf7,0x7c,0xf7,0x7c,0xf7,
    0x5b,0xf7,0x5b,0xf7,0x5b,0xf7,0x5b,0xf7,0x3b,0xf7,0x3b,0xf7,0x5b,0xf7,0x5c,0xf7,
    0x5c,0xf7,0x5c,0xf7,0x5c,0xf7,0x5c,0xf7,0x5c,0xf7,0x5b,0xf7,0x5b,0xf7,0x5b,0xf7,
    0x5c,0xf7,0x3b,0xf7,0x3a,0xef,0x5b,0xf7,0x5b,0xf7,0x5b,0xf7,0x5b,0xf7,0x5b,0xf7,
};

const lv_image_dsc_t stellar_max35_character = {
    .header = {
        .magic = LV_IMAGE_HEADER_MAGIC,
        .cf = LV_COLOR_FORMAT_RGB565,
        .flags = 0,
        .w = 188,
        .h = 276,
        .stride = 376,
        .reserved_2 = 0,
    },
    .data_size = sizeof(stellar_max35_character_map),
    .data = stellar_max35_character_map,
    .reserved = NULL,
};
